============================================================
BLOCK CONSOLIDATION
============================================================

Document: 26_3_update
Initial logical blocks: 189
Consolidated logical blocks: 179
Blocks merged: 17
Number of merge chains: 7
Average consolidation confidence: 0.83

Merged chains:

  26_3_update_logical_block_0074 → 26_3_update_logical_block_0075
  Reason: Continuation of same logical content.

  26_3_update_logical_block_0076 → 26_3_update_logical_block_0077 → 26_3_update_logical_block_0078
  Reason: Continuation of same logical content.

  26_3_update_logical_block_0080 → 26_3_update_logical_block_0081 → 26_3_update_logical_block_0082
  Reason: Continuation of same logical content.

  26_3_update_logical_block_0083 → 26_3_update_logical_block_0084 → 26_3_update_logical_block_0085
  Reason: Continuation of same logical content.

  26_3_update_logical_block_0095 → 26_3_update_logical_block_0096
  Reason: Continuation of same logical content.

  26_3_update_logical_block_0170 → 26_3_update_logical_block_0171
  Reason: Continuation of same logical content.

  26_3_update_logical_block_0175 → 26_3_update_logical_block_0176
  Reason: Continuation of same logical content.

============================================================
PAIR DECISIONS
============================================================

Continuation Decision:
  previous_block_id: 26_3_update_logical_block_0001
  current_block_id: 26_3_update_logical_block_0002
  previous page: 1
  current page: 1
  previous text: Siebel CRM Update Guide and Known Issues
  current text: Siebel CRM 26.3 Update March 2026
  continuation_score: 0.60
  new_boundary_score: 0.12
  Continuation evidence:
    sentence_continuation_score: 0.55
    lexical_continuation_score: 0.00
    capitalization_score: 0.25
    punctuation_score: 0.70
    spatial_proximity_score: 0.81
    alignment_score: 0.78
    typography_score: 0.73
    reading_order_score: 1.00
    page_continuation_score: 0.85
    role_compatibility_score: 0.60
  New boundary evidence:
    heading_change: 0.00
    structural_change: 0.00
    spacing_break: 0.19
    reading_region_change: 0.58
    table_boundary: 0.00
    role_change: 0.00
  Decision: KEEP_SEPARATE
  Confidence: 0.95
  Reason: Layout heading unit stays separate from following content.

Continuation Decision:
  previous_block_id: 26_3_update_logical_block_0002
  current_block_id: 26_3_update_logical_block_0003
  previous page: 1
  current page: 1
  previous text: Siebel CRM 26.3 Update March 2026
  current text: Required Patches
  continuation_score: 0.58
  new_boundary_score: 0.35
  Continuation evidence:
    sentence_continuation_score: 0.55
    lexical_continuation_score: 0.00
    capitalization_score: 0.25
    punctuation_score: 0.70
    spatial_proximity_score: 0.78
    alignment_score: 0.98
    typography_score: 0.61
    reading_order_score: 1.00
    page_continuation_score: 0.85
    role_compatibility_score: 0.30
  New boundary evidence:
    heading_change: 0.77
    structural_change: 0.45
    spacing_break: 0.22
    reading_region_change: 0.00
    table_boundary: 0.00
    role_change: 0.55
  Decision: KEEP_SEPARATE
  Confidence: 0.57
  Reason: Strong new prominent structure detected.

Continuation Decision:
  previous_block_id: 26_3_update_logical_block_0003
  current_block_id: 26_3_update_logical_block_0004
  previous page: 1
  current page: 1
  previous text: Required Patches
  current text: NOTE: Immediately after installing the 26.3 Monthly Update, one or more patches must be installed as listed below.
  continuation_score: 0.52
  new_boundary_score: 0.34
  Continuation evidence:
    sentence_continuation_score: 0.55
    lexical_continuation_score: 0.00
    capitalization_score: 0.25
    punctuation_score: 0.70
    spatial_proximity_score: 0.25
    alignment_score: 0.77
    typography_score: 0.57
    reading_order_score: 1.00
    page_continuation_score: 0.85
    role_compatibility_score: 0.70
  New boundary evidence:
    heading_change: 0.00
    structural_change: 0.45
    spacing_break: 0.75
    reading_region_change: 0.85
    table_boundary: 0.00
    role_change: 0.20
  Decision: KEEP_SEPARATE
  Confidence: 0.95
  Reason: Layout heading unit stays separate from following content.

Continuation Decision:
  previous_block_id: 26_3_update_logical_block_0004
  current_block_id: 26_3_update_logical_block_0005
  previous page: 1
  current page: 1
  previous text: NOTE: Immediately after installing the 26.3 Monthly Update, one or more patches must be installed as listed below.
  current text: You are not in a supported configuration if any required patch is not installed.
  continuation_score: 0.19
  new_boundary_score: 0.52
  Continuation evidence:
    sentence_continuation_score: 0.00
    lexical_continuation_score: 0.00
    capitalization_score: 0.05
    punctuation_score: 0.08
    spatial_proximity_score: 0.28
    alignment_score: 0.40
    typography_score: 0.07
    reading_order_score: 1.00
    page_continuation_score: 0.30
    role_compatibility_score: 0.15
  New boundary evidence:
    heading_change: 0.76
    structural_change: 0.78
    spacing_break: 0.68
    reading_region_change: 0.00
    table_boundary: 0.00
    role_change: 0.90
  Decision: KEEP_SEPARATE
  Confidence: 0.95
  Reason: Body followed by a new prominent unit with terminal punctuation.

Continuation Decision:
  previous_block_id: 26_3_update_logical_block_0005
  current_block_id: 26_3_update_logical_block_0006
  previous page: 1
  current page: 1
  previous text: You are not in a supported configuration if any required patch is not installed.
  current text: Platforms Required Patches
  continuation_score: 0.41
  new_boundary_score: 0.38
  Continuation evidence:
    sentence_continuation_score: 0.00
    lexical_continuation_score: 0.00
    capitalization_score: 0.05
    punctuation_score: 0.08
    spatial_proximity_score: 0.87
    alignment_score: 0.90
    typography_score: 0.75
    reading_order_score: 1.00
    page_continuation_score: 0.85
    role_compatibility_score: 0.30
  New boundary evidence:
    heading_change: 0.00
    structural_change: 0.80
    spacing_break: 0.13
    reading_region_change: 0.00
    table_boundary: 1.00
    role_change: 0.55
  Decision: KEEP_SEPARATE
  Confidence: 0.95
  Reason: Structured record adjacent to non-record content.

Continuation Decision:
  previous_block_id: 26_3_update_logical_block_0006
  current_block_id: 26_3_update_logical_block_0007
  previous page: 1
  current page: 1
  previous text: Platforms Required Patches
  current text: Windows (serversandMobile Web Clients) 39111271
  continuation_score: 0.64
  new_boundary_score: 0.31
  Continuation evidence:
    sentence_continuation_score: 0.55
    lexical_continuation_score: 0.00
    capitalization_score: 0.25
    punctuation_score: 0.70
    spatial_proximity_score: 1.00
    alignment_score: 1.00
    typography_score: 0.75
    reading_order_score: 1.00
    page_continuation_score: 0.85
    role_compatibility_score: 0.55
  New boundary evidence:
    heading_change: 0.00
    structural_change: 0.45
    spacing_break: 0.00
    reading_region_change: 0.00
    table_boundary: 1.00
    role_change: 0.55
  Decision: KEEP_SEPARATE
  Confidence: 0.95
  Reason: Both blocks are structured records; table rows stay independent.

Continuation Decision:
  previous_block_id: 26_3_update_logical_block_0007
  current_block_id: 26_3_update_logical_block_0008
  previous page: 1
  current page: 1
  previous text: Windows (serversandMobile Web Clients) 39111271
  current text: Linux(servers) 39186423
  continuation_score: 0.64
  new_boundary_score: 0.31
  Continuation evidence:
    sentence_continuation_score: 0.55
    lexical_continuation_score: 0.00
    capitalization_score: 0.25
    punctuation_score: 0.70
    spatial_proximity_score: 1.00
    alignment_score: 1.00
    typography_score: 0.75
    reading_order_score: 1.00
    page_continuation_score: 0.85
    role_compatibility_score: 0.50
  New boundary evidence:
    heading_change: 0.00
    structural_change: 0.45
    spacing_break: 0.00
    reading_region_change: 0.00
    table_boundary: 1.00
    role_change: 0.55
  Decision: KEEP_SEPARATE
  Confidence: 0.95
  Reason: Both blocks are structured records; table rows stay independent.

Continuation Decision:
  previous_block_id: 26_3_update_logical_block_0008
  current_block_id: 26_3_update_logical_block_0009
  previous page: 1
  current page: 1
  previous text: Linux(servers) 39186423
  current text: Effect of Encryption Upgrade in 25.10 and Later
  continuation_score: 0.55
  new_boundary_score: 0.62
  Continuation evidence:
    sentence_continuation_score: 0.55
    lexical_continuation_score: 0.00
    capitalization_score: 0.25
    punctuation_score: 0.70
    spatial_proximity_score: 0.54
    alignment_score: 0.94
    typography_score: 0.75
    reading_order_score: 1.00
    page_continuation_score: 0.85
    role_compatibility_score: 0.30
  New boundary evidence:
    heading_change: 0.76
    structural_change: 0.80
    spacing_break: 0.46
    reading_region_change: 0.00
    table_boundary: 1.00
    role_change: 0.55
  Decision: KEEP_SEPARATE
  Confidence: 0.95
  Reason: Structured record adjacent to non-record content.

Continuation Decision:
  previous_block_id: 26_3_update_logical_block_0009
  current_block_id: 26_3_update_logical_block_0010
  previous page: 1
  current page: 1
  previous text: Effect of Encryption Upgrade in 25.10 and Later
  current text: The 25.10 Monthly Update includes an upgrade to the encryption used by Siebel CRM. This will require brief downtime—that is, Rolling Updates will not work when crossing the 25.10 boundary . Please review the links for the feature _AES 256 Replacement Using OpenSSL_ below.
  continuation_score: 0.59
  new_boundary_score: 0.33
  Continuation evidence:
    sentence_continuation_score: 0.55
    lexical_continuation_score: 0.00
    capitalization_score: 0.25
    punctuation_score: 0.70
    spatial_proximity_score: 0.83
    alignment_score: 0.87
    typography_score: 0.44
    reading_order_score: 1.00
    page_continuation_score: 0.85
    role_compatibility_score: 0.60
  New boundary evidence:
    heading_change: 0.84
    structural_change: 0.00
    spacing_break: 0.17
    reading_region_change: 0.00
    table_boundary: 0.00
    role_change: 0.80
  Decision: KEEP_SEPARATE
  Confidence: 0.95
  Reason: Layout heading unit stays separate from following content.

Continuation Decision:
  previous_block_id: 26_3_update_logical_block_0010
  current_block_id: 26_3_update_logical_block_0011
  previous page: 1
  current page: 1
  previous text: The 25.10 Monthly Update includes an upgrade to the encryption used by Siebel CRM. This will require brief downtime—that is, Rolling Updates will not work when crossing the 25.10 boundary . Please review the links for the feature _AES 256 Replacement Using OpenSSL_ below.
  current text: Information about this Siebel CRM Monthly Update:
  continuation_score: 0.41
  new_boundary_score: 0.20
  Continuation evidence:
    sentence_continuation_score: 0.00
    lexical_continuation_score: 0.00
    capitalization_score: 0.05
    punctuation_score: 0.08
    spatial_proximity_score: 0.83
    alignment_score: 0.84
    typography_score: 0.46
    reading_order_score: 1.00
    page_continuation_score: 0.85
    role_compatibility_score: 0.70
  New boundary evidence:
    heading_change: 0.00
    structural_change: 0.55
    spacing_break: 0.17
    reading_region_change: 0.52
    table_boundary: 0.00
    role_change: 0.20
  Decision: KEEP_SEPARATE
  Confidence: 0.54
  Reason: Different reading column / region.
  Reason: Structural pattern changed.
  Reason: Previous block does not look incomplete.

Continuation Decision:
  previous_block_id: 26_3_update_logical_block_0011
  current_block_id: 26_3_update_logical_block_0012
  previous page: 1
  current page: 1
  previous text: Information about this Siebel CRM Monthly Update:
  current text: - Required Downloads
  continuation_score: 0.41
  new_boundary_score: 0.17
  Continuation evidence:
    sentence_continuation_score: 0.00
    lexical_continuation_score: 0.00
    capitalization_score: 0.05
    punctuation_score: 0.08
    spatial_proximity_score: 0.83
    alignment_score: 0.74
    typography_score: 0.75
    reading_order_score: 1.00
    page_continuation_score: 0.85
    role_compatibility_score: 0.50
  New boundary evidence:
    heading_change: 0.00
    structural_change: 0.55
    spacing_break: 0.17
    reading_region_change: 0.00
    table_boundary: 0.00
    role_change: 0.55
  Decision: KEEP_SEPARATE
  Confidence: 0.53
  Reason: Structural pattern changed.
  Reason: Previous block does not look incomplete.

Continuation Decision:
  previous_block_id: 26_3_update_logical_block_0012
  current_block_id: 26_3_update_logical_block_0013
  previous page: 1
  current page: 1
  previous text: - Required Downloads
  current text: - Update Basics
  continuation_score: 0.63
  new_boundary_score: 0.14
  Continuation evidence:
    sentence_continuation_score: 0.55
    lexical_continuation_score: 0.00
    capitalization_score: 0.25
    punctuation_score: 0.70
    spatial_proximity_score: 0.95
    alignment_score: 0.93
    typography_score: 0.72
    reading_order_score: 1.00
    page_continuation_score: 0.85
    role_compatibility_score: 0.60
  New boundary evidence:
    heading_change: 0.00
    structural_change: 0.95
    spacing_break: 0.05
    reading_region_change: 0.00
    table_boundary: 0.00
    role_change: 0.00
  Decision: KEEP_SEPARATE
  Confidence: 0.95
  Reason: Parallel enumerated items share an opener class; keep separate.

Continuation Decision:
  previous_block_id: 26_3_update_logical_block_0013
  current_block_id: 26_3_update_logical_block_0014
  previous page: 1
  current page: 1
  previous text: - Update Basics
  current text: - Repository Updates
  continuation_score: 0.64
  new_boundary_score: 0.14
  Continuation evidence:
    sentence_continuation_score: 0.55
    lexical_continuation_score: 0.00
    capitalization_score: 0.25
    punctuation_score: 0.70
    spatial_proximity_score: 0.95
    alignment_score: 0.94
    typography_score: 0.72
    reading_order_score: 1.00
    page_continuation_score: 0.85
    role_compatibility_score: 0.60
  New boundary evidence:
    heading_change: 0.00
    structural_change: 0.95
    spacing_break: 0.05
    reading_region_change: 0.00
    table_boundary: 0.00
    role_change: 0.00
  Decision: KEEP_SEPARATE
  Confidence: 0.95
  Reason: Parallel enumerated items share an opener class; keep separate.

Continuation Decision:
  previous_block_id: 26_3_update_logical_block_0014
  current_block_id: 26_3_update_logical_block_0015
  previous page: 1
  current page: 1
  previous text: - Repository Updates
  current text: - Features and Bug Fixes by Release
  continuation_score: 0.63
  new_boundary_score: 0.14
  Continuation evidence:
    sentence_continuation_score: 0.55
    lexical_continuation_score: 0.00
    capitalization_score: 0.25
    punctuation_score: 0.70
    spatial_proximity_score: 0.95
    alignment_score: 0.88
    typography_score: 0.72
    reading_order_score: 1.00
    page_continuation_score: 0.85
    role_compatibility_score: 0.60
  New boundary evidence:
    heading_change: 0.00
    structural_change: 0.95
    spacing_break: 0.05
    reading_region_change: 0.00
    table_boundary: 0.00
    role_change: 0.00
  Decision: KEEP_SEPARATE
  Confidence: 0.95
  Reason: Parallel enumerated items share an opener class; keep separate.

Continuation Decision:
  previous_block_id: 26_3_update_logical_block_0015
  current_block_id: 26_3_update_logical_block_0016
  previous page: 1
  current page: 1
  previous text: - Features and Bug Fixes by Release
  current text: - Known Issues
  continuation_score: 0.62
  new_boundary_score: 0.14
  Continuation evidence:
    sentence_continuation_score: 0.55
    lexical_continuation_score: 0.00
    capitalization_score: 0.25
    punctuation_score: 0.70
    spatial_proximity_score: 0.95
    alignment_score: 0.84
    typography_score: 0.65
    reading_order_score: 1.00
    page_continuation_score: 0.85
    role_compatibility_score: 0.60
  New boundary evidence:
    heading_change: 0.00
    structural_change: 0.95
    spacing_break: 0.05
    reading_region_change: 0.00
    table_boundary: 0.00
    role_change: 0.00
  Decision: KEEP_SEPARATE
  Confidence: 0.95
  Reason: Parallel enumerated items share an opener class; keep separate.

Continuation Decision:
  previous_block_id: 26_3_update_logical_block_0016
  current_block_id: 26_3_update_logical_block_0017
  previous page: 1
  current page: 1
  previous text: - Known Issues
  current text: NOTE: For an HTML version of this document, please download the first ZIP file in the corresponding patch. The HTML version provides responsive tables and the ability to expand/collapse areas, making the information easier to consume.
  continuation_score: 0.49
  new_boundary_score: 0.38
  Continuation evidence:
    sentence_continuation_score: 0.55
    lexical_continuation_score: 0.00
    capitalization_score: 0.25
    punctuation_score: 0.70
    spatial_proximity_score: 0.25
    alignment_score: 0.65
    typography_score: 0.53
    reading_order_score: 1.00
    page_continuation_score: 0.85
    role_compatibility_score: 0.55
  New boundary evidence:
    heading_change: 0.00
    structural_change: 0.45
    spacing_break: 0.75
    reading_region_change: 0.85
    table_boundary: 0.00
    role_change: 0.55
  Decision: KEEP_SEPARATE
  Confidence: 0.58
  Reason: Significant spatial boundary.
  Reason: Different reading column / region.

Continuation Decision:
  previous_block_id: 26_3_update_logical_block_0017
  current_block_id: 26_3_update_logical_block_0018
  previous page: 1
  current page: 1
  previous text: NOTE: For an HTML version of this document, please download the first ZIP file in the corresponding patch. The HTML version provides responsive tables and the ability to expand/collapse areas, making the information easier to consume.
  current text: NOTE: If you need an earlier or later version of this document, you can find all of them on My Oracle Support at https://support.oracle.com/support/?kmExternalId=KB825124.
  continuation_score: 0.49
  new_boundary_score: 0.11
  Continuation evidence:
    sentence_continuation_score: 0.00
    lexical_continuation_score: 0.00
    capitalization_score: 0.05
    punctuation_score: 0.08
    spatial_proximity_score: 0.84
    alignment_score: 0.94
    typography_score: 1.00
    reading_order_score: 1.00
    page_continuation_score: 0.85
    role_compatibility_score: 0.95
  New boundary evidence:
    heading_change: 0.00
    structural_change: 0.55
    spacing_break: 0.16
    reading_region_change: 0.00
    table_boundary: 0.00
    role_change: 0.00
  Decision: KEEP_SEPARATE
  Confidence: 0.52
  Reason: Structural pattern changed.
  Reason: Previous block does not look incomplete.

Continuation Decision:
  previous_block_id: 26_3_update_logical_block_0018
  current_block_id: 26_3_update_logical_block_0019
  previous page: 1
  current page: 1
  previous text: NOTE: If you need an earlier or later version of this document, you can find all of them on My Oracle Support at https://support.oracle.com/support/?kmExternalId=KB825124.
  current text: Required Downloads
  continuation_score: 0.22
  new_boundary_score: 0.47
  Continuation evidence:
    sentence_continuation_score: 0.00
    lexical_continuation_score: 0.00
    capitalization_score: 0.05
    punctuation_score: 0.08
    spatial_proximity_score: 0.28
    alignment_score: 0.40
    typography_score: 0.30
    reading_order_score: 1.00
    page_continuation_score: 0.30
    role_compatibility_score: 0.28
  New boundary evidence:
    heading_change: 0.41
    structural_change: 0.78
    spacing_break: 0.68
    reading_region_change: 0.49
    table_boundary: 0.00
    role_change: 0.55
  Decision: KEEP_SEPARATE
  Confidence: 0.72
  Reason: Significant spatial boundary.
  Reason: Structural pattern changed.
  Reason: Previous block does not look incomplete.

Continuation Decision:
  previous_block_id: 26_3_update_logical_block_0019
  current_block_id: 26_3_update_logical_block_0020
  previous page: 1
  current page: 1
  previous text: Required Downloads
  current text: Each Monthly Update patch available on My Oracle Support is divided into a series of archive (ZIP) files. Depending on the Siebel Application Server operating system and the features you wish to deploy, you do not need to download all the files associated with the Monthly Update. Please use the following information to assist in selecting the files that you must download.
  continuation_score: 0.47
  new_boundary_score: 0.57
  Continuation evidence:
    sentence_continuation_score: 0.55
    lexical_continuation_score: 0.00
    capitalization_score: 0.25
    punctuation_score: 0.70
    spatial_proximity_score: 0.25
    alignment_score: 0.79
    typography_score: 0.47
    reading_order_score: 1.00
    page_continuation_score: 0.85
    role_compatibility_score: 0.30
  New boundary evidence:
    heading_change: 0.78
    structural_change: 0.45
    spacing_break: 0.75
    reading_region_change: 0.85
    table_boundary: 0.00
    role_change: 0.55
  Decision: KEEP_SEPARATE
  Confidence: 0.95
  Reason: Layout heading unit stays separate from following content.

Continuation Decision:
  previous_block_id: 26_3_update_logical_block_0020
  current_block_id: 26_3_update_logical_block_0021
  previous page: 1
  current page: 1
  previous text: Each Monthly Update patch available on My Oracle Support is divided into a series of archive (ZIP) files. Depending on the Siebel Application Server operating system and the features you wish to deploy, you do not need to download all the files associated with the Monthly Update. Please use the following information to assist in selecting the files that you must download.
  current text: The ZIP files provided in the Monthly Update will all have a name of the form p<patch>_<updateversion>_<platform>_<XofY>.zip, where:
  continuation_score: 0.43
  new_boundary_score: 0.13
  Continuation evidence:
    sentence_continuation_score: 0.00
    lexical_continuation_score: 0.00
    capitalization_score: 0.05
    punctuation_score: 0.08
    spatial_proximity_score: 0.83
    alignment_score: 0.91
    typography_score: 0.57
    reading_order_score: 1.00
    page_continuation_score: 0.85
    role_compatibility_score: 0.70
  New boundary evidence:
    heading_change: 0.00
    structural_change: 0.55
    spacing_break: 0.17
    reading_region_change: 0.00
    table_boundary: 0.00
    role_change: 0.20
  Decision: KEEP_SEPARATE
  Confidence: 0.53
  Reason: Structural pattern changed.
  Reason: Previous block does not look incomplete.

Continuation Decision:
  previous_block_id: 26_3_update_logical_block_0021
  current_block_id: 26_3_update_logical_block_0022
  previous page: 1
  current page: 1
  previous text: The ZIP files provided in the Monthly Update will all have a name of the form p<patch>_<updateversion>_<platform>_<XofY>.zip, where:
  current text: - <patch> refers to the MOS patch number for the Monthly Update. It will be an eight-digit number, such as 37386170.
  continuation_score: 0.69
  new_boundary_score: 0.03
  Continuation evidence:
    sentence_continuation_score: 0.45
    lexical_continuation_score: 0.00
    capitalization_score: 0.95
    punctuation_score: 0.55
    spatial_proximity_score: 0.84
    alignment_score: 0.82
    typography_score: 0.97
    reading_order_score: 1.00
    page_continuation_score: 0.85
    role_compatibility_score: 0.95
  New boundary evidence:
    heading_change: 0.00
    structural_change: 0.00
    spacing_break: 0.16
    reading_region_change: 0.00
    table_boundary: 0.00
    role_change: 0.00
  Decision: KEEP_SEPARATE
  Confidence: 0.51
  Reason: New-boundary evidence dominates continuation evidence.
  Reason: Adjacent units look related but previous text is finished; kept as separate items to avoid over-grouping.

Continuation Decision:
  previous_block_id: 26_3_update_logical_block_0022
  current_block_id: 26_3_update_logical_block_0023
  previous page: 1
  current page: 2
  previous text: - <patch> refers to the MOS patch number for the Monthly Update. It will be an eight-digit number, such as 37386170.
  current text: - <updateversion> refers to the Monthly Update’s release in the form YYM, without a separator, such as “263” for 26.3.
  continuation_score: 0.66
  new_boundary_score: 0.23
  Continuation evidence:
    sentence_continuation_score: 0.45
    lexical_continuation_score: 0.00
    capitalization_score: 0.95
    punctuation_score: 0.10
    spatial_proximity_score: 0.96
    alignment_score: 0.99
    typography_score: 1.00
    reading_order_score: 1.00
    page_continuation_score: 0.35
    role_compatibility_score: 0.95
  New boundary evidence:
    heading_change: 0.00
    structural_change: 0.95
    spacing_break: 0.55
    reading_region_change: 0.00
    table_boundary: 0.00
    role_change: 0.00
  Decision: KEEP_SEPARATE
  Confidence: 0.95
  Reason: Parallel enumerated items share an opener class; keep separate.

Continuation Decision:
  previous_block_id: 26_3_update_logical_block_0023
  current_block_id: 26_3_update_logical_block_0024
  previous page: 2
  current page: 2
  previous text: - <updateversion> refers to the Monthly Update’s release in the form YYM, without a separator, such as “263” for 26.3.
  current text: - <platform> refers to one of the supported platforms:
  continuation_score: 0.65
  new_boundary_score: 0.14
  Continuation evidence:
    sentence_continuation_score: 0.45
    lexical_continuation_score: 0.00
    capitalization_score: 0.95
    punctuation_score: 0.10
    spatial_proximity_score: 0.94
    alignment_score: 0.87
    typography_score: 0.78
    reading_order_score: 1.00
    page_continuation_score: 0.85
    role_compatibility_score: 0.95
  New boundary evidence:
    heading_change: 0.00
    structural_change: 0.95
    spacing_break: 0.06
    reading_region_change: 0.00
    table_boundary: 0.00
    role_change: 0.00
  Decision: KEEP_SEPARATE
  Confidence: 0.95
  Reason: Parallel enumerated items share an opener class; keep separate.

Continuation Decision:
  previous_block_id: 26_3_update_logical_block_0024
  current_block_id: 26_3_update_logical_block_0025
  previous page: 2
  current page: 2
  previous text: - <platform> refers to one of the supported platforms:
  current text: <platform> Description
  continuation_score: 0.63
  new_boundary_score: 0.40
  Continuation evidence:
    sentence_continuation_score: 0.45
    lexical_continuation_score: 0.00
    capitalization_score: 0.95
    punctuation_score: 0.55
    spatial_proximity_score: 0.87
    alignment_score: 0.85
    typography_score: 0.68
    reading_order_score: 1.00
    page_continuation_score: 0.85
    role_compatibility_score: 0.50
  New boundary evidence:
    heading_change: 0.00
    structural_change: 0.95
    spacing_break: 0.13
    reading_region_change: 0.00
    table_boundary: 1.00
    role_change: 0.55
  Decision: KEEP_SEPARATE
  Confidence: 0.95
  Reason: Structured record adjacent to non-record content.

Continuation Decision:
  previous_block_id: 26_3_update_logical_block_0025
  current_block_id: 26_3_update_logical_block_0026
  previous page: 2
  current page: 2
  previous text: <platform> Description
  current text: MSWIN-x86-64 Microsoft Windows x64
  continuation_score: 0.65
  new_boundary_score: 0.18
  Continuation evidence:
    sentence_continuation_score: 0.55
    lexical_continuation_score: 0.00
    capitalization_score: 0.25
    punctuation_score: 0.70
    spatial_proximity_score: 1.00
    alignment_score: 1.00
    typography_score: 0.75
    reading_order_score: 1.00
    page_continuation_score: 0.85
    role_compatibility_score: 0.60
  New boundary evidence:
    heading_change: 0.00
    structural_change: 0.00
    spacing_break: 0.00
    reading_region_change: 0.00
    table_boundary: 1.00
    role_change: 0.00
  Decision: KEEP_SEPARATE
  Confidence: 0.95
  Reason: Both blocks are structured records; table rows stay independent.

Continuation Decision:
  previous_block_id: 26_3_update_logical_block_0026
  current_block_id: 26_3_update_logical_block_0027
  previous page: 2
  current page: 2
  previous text: MSWIN-x86-64 Microsoft Windows x64
  current text: Linux x86-64 Linux x86-64
  continuation_score: 0.65
  new_boundary_score: 0.18
  Continuation evidence:
    sentence_continuation_score: 0.55
    lexical_continuation_score: 0.00
    capitalization_score: 0.25
    punctuation_score: 0.70
    spatial_proximity_score: 1.00
    alignment_score: 1.00
    typography_score: 0.75
    reading_order_score: 1.00
    page_continuation_score: 0.85
    role_compatibility_score: 0.60
  New boundary evidence:
    heading_change: 0.00
    structural_change: 0.00
    spacing_break: 0.00
    reading_region_change: 0.00
    table_boundary: 1.00
    role_change: 0.00
  Decision: KEEP_SEPARATE
  Confidence: 0.95
  Reason: Both blocks are structured records; table rows stay independent.

Continuation Decision:
  previous_block_id: 26_3_update_logical_block_0027
  current_block_id: 26_3_update_logical_block_0028
  previous page: 2
  current page: 2
  previous text: Linux x86-64 Linux x86-64
  current text: AIX64-5L IBM AIX on POWER Systems
  continuation_score: 0.65
  new_boundary_score: 0.18
  Continuation evidence:
    sentence_continuation_score: 0.55
    lexical_continuation_score: 0.00
    capitalization_score: 0.25
    punctuation_score: 0.70
    spatial_proximity_score: 1.00
    alignment_score: 1.00
    typography_score: 0.75
    reading_order_score: 1.00
    page_continuation_score: 0.85
    role_compatibility_score: 0.60
  New boundary evidence:
    heading_change: 0.00
    structural_change: 0.00
    spacing_break: 0.00
    reading_region_change: 0.00
    table_boundary: 1.00
    role_change: 0.00
  Decision: KEEP_SEPARATE
  Confidence: 0.95
  Reason: Both blocks are structured records; table rows stay independent.

Continuation Decision:
  previous_block_id: 26_3_update_logical_block_0028
  current_block_id: 26_3_update_logical_block_0029
  previous page: 2
  current page: 2
  previous text: AIX64-5L IBM AIX on POWER Systems
  current text: NOTE: As of the 25.5 release, Solaris and HPUX are no longer available for download. For more information, please review MOS article 3081239.1.
  continuation_score: 0.67
  new_boundary_score: 0.36
  Continuation evidence:
    sentence_continuation_score: 0.55
    lexical_continuation_score: 0.50
    capitalization_score: 0.25
    punctuation_score: 0.70
    spatial_proximity_score: 0.97
    alignment_score: 0.92
    typography_score: 0.64
    reading_order_score: 1.00
    page_continuation_score: 0.85
    role_compatibility_score: 0.55
  New boundary evidence:
    heading_change: 0.00
    structural_change: 0.80
    spacing_break: 0.03
    reading_region_change: 0.00
    table_boundary: 1.00
    role_change: 0.55
  Decision: KEEP_SEPARATE
  Confidence: 0.95
  Reason: Structured record adjacent to non-record content.

Continuation Decision:
  previous_block_id: 26_3_update_logical_block_0029
  current_block_id: 26_3_update_logical_block_0030
  previous page: 2
  current page: 2
  previous text: NOTE: As of the 25.5 release, Solaris and HPUX are no longer available for download. For more information, please review MOS article 3081239.1.
  current text: - <XofY> makes identifies the specific ZIP file within the series, such as “5of14”.
  continuation_score: 0.47
  new_boundary_score: 0.11
  Continuation evidence:
    sentence_continuation_score: 0.00
    lexical_continuation_score: 0.00
    capitalization_score: 0.05
    punctuation_score: 0.08
    spatial_proximity_score: 0.83
    alignment_score: 0.84
    typography_score: 0.82
    reading_order_score: 1.00
    page_continuation_score: 0.85
    role_compatibility_score: 0.95
  New boundary evidence:
    heading_change: 0.00
    structural_change: 0.55
    spacing_break: 0.17
    reading_region_change: 0.00
    table_boundary: 0.00
    role_change: 0.00
  Decision: KEEP_SEPARATE
  Confidence: 0.52
  Reason: Structural pattern changed.
  Reason: Previous block does not look incomplete.

Continuation Decision:
  previous_block_id: 26_3_update_logical_block_0030
  current_block_id: 26_3_update_logical_block_0031
  previous page: 2
  current page: 2
  previous text: - <XofY> makes identifies the specific ZIP file within the series, such as “5of14”.
  current text: An example representing ZIP file 5 of 14 for Windows, Siebel Monthly Update 24.12 would be:
  continuation_score: 0.48
  new_boundary_score: 0.11
  Continuation evidence:
    sentence_continuation_score: 0.00
    lexical_continuation_score: 0.00
    capitalization_score: 0.05
    punctuation_score: 0.08
    spatial_proximity_score: 0.84
    alignment_score: 0.86
    typography_score: 1.00
    reading_order_score: 1.00
    page_continuation_score: 0.85
    role_compatibility_score: 0.95
  New boundary evidence:
    heading_change: 0.00
    structural_change: 0.55
    spacing_break: 0.16
    reading_region_change: 0.00
    table_boundary: 0.00
    role_change: 0.00
  Decision: KEEP_SEPARATE
  Confidence: 0.52
  Reason: Structural pattern changed.
  Reason: Previous block does not look incomplete.

Continuation Decision:
  previous_block_id: 26_3_update_logical_block_0031
  current_block_id: 26_3_update_logical_block_0032
  previous page: 2
  current page: 2
  previous text: An example representing ZIP file 5 of 14 for Windows, Siebel Monthly Update 24.12 would be:
  current text: ``` p37386170_2412_MSWIN-x86-64_5of14.zip ```
  continuation_score: 0.67
  new_boundary_score: 0.03
  Continuation evidence:
    sentence_continuation_score: 0.45
    lexical_continuation_score: 0.00
    capitalization_score: 0.95
    punctuation_score: 0.55
    spatial_proximity_score: 0.86
    alignment_score: 0.83
    typography_score: 0.66
    reading_order_score: 1.00
    page_continuation_score: 0.85
    role_compatibility_score: 0.95
  New boundary evidence:
    heading_change: 0.00
    structural_change: 0.00
    spacing_break: 0.14
    reading_region_change: 0.00
    table_boundary: 0.00
    role_change: 0.00
  Decision: KEEP_SEPARATE
  Confidence: 0.51
  Reason: New-boundary evidence dominates continuation evidence.
  Reason: Adjacent units look related but previous text is finished; kept as separate items to avoid over-grouping.

Continuation Decision:
  previous_block_id: 26_3_update_logical_block_0032
  current_block_id: 26_3_update_logical_block_0033
  previous page: 2
  current page: 2
  previous text: ``` p37386170_2412_MSWIN-x86-64_5of14.zip ```
  current text: The ZIP files for Windows versus the other supported platforms are different, as some components (such as DISA) only run on Windows platforms. Expand the link below that is relevant to your environment.
  continuation_score: 0.63
  new_boundary_score: 0.11
  Continuation evidence:
    sentence_continuation_score: 0.55
    lexical_continuation_score: 0.00
    capitalization_score: 0.25
    punctuation_score: 0.70
    spatial_proximity_score: 0.83
    alignment_score: 0.82
    typography_score: 0.60
    reading_order_score: 1.00
    page_continuation_score: 0.85
    role_compatibility_score: 0.95
  New boundary evidence:
    heading_change: 0.00
    structural_change: 0.00
    spacing_break: 0.17
    reading_region_change: 0.59
    table_boundary: 0.00
    role_change: 0.00
  Decision: KEEP_SEPARATE
  Confidence: 0.52
  Reason: Different reading column / region.

Continuation Decision:
  previous_block_id: 26_3_update_logical_block_0033
  current_block_id: 26_3_update_logical_block_0034
  previous page: 2
  current page: 2
  previous text: The ZIP files for Windows versus the other supported platforms are different, as some components (such as DISA) only run on Windows platforms. Expand the link below that is relevant to your environment.
  current text: NOTE: You do not need to download everything—for example, if you are not using DISA, there is no requirement to download that ZIP file.
  continuation_score: 0.47
  new_boundary_score: 0.11
  Continuation evidence:
    sentence_continuation_score: 0.00
    lexical_continuation_score: 0.00
    capitalization_score: 0.05
    punctuation_score: 0.08
    spatial_proximity_score: 0.84
    alignment_score: 1.00
    typography_score: 0.71
    reading_order_score: 1.00
    page_continuation_score: 0.85
    role_compatibility_score: 0.95
  New boundary evidence:
    heading_change: 0.00
    structural_change: 0.55
    spacing_break: 0.16
    reading_region_change: 0.00
    table_boundary: 0.00
    role_change: 0.00
  Decision: KEEP_SEPARATE
  Confidence: 0.52
  Reason: Structural pattern changed.
  Reason: Previous block does not look incomplete.

Continuation Decision:
  previous_block_id: 26_3_update_logical_block_0034
  current_block_id: 26_3_update_logical_block_0035
  previous page: 2
  current page: 2
  previous text: NOTE: You do not need to download everything—for example, if you are not using DISA, there is no requirement to download that ZIP file.
  current text: Windows Archive Files
  continuation_score: 0.21
  new_boundary_score: 0.43
  Continuation evidence:
    sentence_continuation_score: 0.00
    lexical_continuation_score: 0.00
    capitalization_score: 0.05
    punctuation_score: 0.08
    spatial_proximity_score: 0.25
    alignment_score: 0.40
    typography_score: 0.30
    reading_order_score: 1.00
    page_continuation_score: 0.30
    role_compatibility_score: 0.28
  New boundary evidence:
    heading_change: 0.00
    structural_change: 0.78
    spacing_break: 0.75
    reading_region_change: 0.85
    table_boundary: 0.00
    role_change: 0.55
  Decision: KEEP_SEPARATE
  Confidence: 0.69
  Reason: Significant spatial boundary.
  Reason: Different reading column / region.
  Reason: Structural pattern changed.
  Reason: Previous block does not look incomplete.

Continuation Decision:
  previous_block_id: 26_3_update_logical_block_0035
  current_block_id: 26_3_update_logical_block_0036
  previous page: 2
  current page: 2
  previous text: Windows Archive Files
  current text: Archive Number Content Description Required?
  continuation_score: 0.50
  new_boundary_score: 0.61
  Continuation evidence:
    sentence_continuation_score: 0.55
    lexical_continuation_score: 0.00
    capitalization_score: 0.25
    punctuation_score: 0.70
    spatial_proximity_score: 0.25
    alignment_score: 0.77
    typography_score: 0.50
    reading_order_score: 1.00
    page_continuation_score: 0.85
    role_compatibility_score: 0.55
  New boundary evidence:
    heading_change: 0.00
    structural_change: 0.80
    spacing_break: 0.75
    reading_region_change: 0.85
    table_boundary: 1.00
    role_change: 0.55
  Decision: KEEP_SEPARATE
  Confidence: 0.95
  Reason: Structured record adjacent to non-record content.

Continuation Decision:
  previous_block_id: 26_3_update_logical_block_0036
  current_block_id: 26_3_update_logical_block_0037
  previous page: 2
  current page: 2
  previous text: Archive Number Content Description Required?
  current text: 1 ReadMe File Optional
  continuation_score: 0.45
  new_boundary_score: 0.32
  Continuation evidence:
    sentence_continuation_score: 0.00
    lexical_continuation_score: 0.00
    capitalization_score: 0.05
    punctuation_score: 0.08
    spatial_proximity_score: 1.00
    alignment_score: 1.00
    typography_score: 0.75
    reading_order_score: 1.00
    page_continuation_score: 0.85
    role_compatibility_score: 0.50
  New boundary evidence:
    heading_change: 0.00
    structural_change: 0.55
    spacing_break: 0.00
    reading_region_change: 0.00
    table_boundary: 1.00
    role_change: 0.55
  Decision: KEEP_SEPARATE
  Confidence: 0.95
  Reason: Both blocks are structured records; table rows stay independent.

Continuation Decision:
  previous_block_id: 26_3_update_logical_block_0037
  current_block_id: 26_3_update_logical_block_0038
  previous page: 2
  current page: 2
  previous text: 1 ReadMe File Optional
  current text: 2 • Installer • Siebel Binaries and Shared Files • Enterprise Components • Application Interface • Mobile Web Client • Siebel Tools • Siebel Mobile • Siebel Outlook Add-in for SSSE • Oracle Database Connectivity Required for each release
  continuation_score: 0.64
  new_boundary_score: 0.31
  Continuation evidence:
    sentence_continuation_score: 0.55
    lexical_continuation_score: 0.00
    capitalization_score: 0.25
    punctuation_score: 0.70
    spatial_proximity_score: 1.00
    alignment_score: 1.00
    typography_score: 0.75
    reading_order_score: 1.00
    page_continuation_score: 0.85
    role_compatibility_score: 0.55
  New boundary evidence:
    heading_change: 0.00
    structural_change: 0.45
    spacing_break: 0.00
    reading_region_change: 0.00
    table_boundary: 1.00
    role_change: 0.55
  Decision: KEEP_SEPARATE
  Confidence: 0.95
  Reason: Both blocks are structured records; table rows stay independent.

Continuation Decision:
  previous_block_id: 26_3_update_logical_block_0038
  current_block_id: 26_3_update_logical_block_0039
  previous page: 2
  current page: 2
  previous text: 2 • Installer • Siebel Binaries and Shared Files • Enterprise Components • Application Interface • Mobile Web Client • Siebel Tools • Siebel Mobile • Siebel Outlook Add-in for SSSE • Oracle Database Connectivity Required for each release
  current text: 3 Siebel Non-English (US) Safeboot Required for non-English (US) deployments only
  continuation_score: 0.70
  new_boundary_score: 0.18
  Continuation evidence:
    sentence_continuation_score: 0.55
    lexical_continuation_score: 0.00
    capitalization_score: 0.25
    punctuation_score: 0.70
    spatial_proximity_score: 1.00
    alignment_score: 1.00
    typography_score: 1.00
    reading_order_score: 1.00
    page_continuation_score: 0.85
    role_compatibility_score: 0.95
  New boundary evidence:
    heading_change: 0.00
    structural_change: 0.00
    spacing_break: 0.00
    reading_region_change: 0.00
    table_boundary: 1.00
    role_change: 0.00
  Decision: KEEP_SEPARATE
  Confidence: 0.95
  Reason: Both blocks are structured records; table rows stay independent.

Continuation Decision:
  previous_block_id: 26_3_update_logical_block_0039
  current_block_id: 26_3_update_logical_block_0040
  previous page: 2
  current page: 2
  previous text: 3 Siebel Non-English (US) Safeboot Required for non-English (US) deployments only
  current text: 4 Siebel Standard Repository Required for new deployments
  continuation_score: 0.70
  new_boundary_score: 0.31
  Continuation evidence:
    sentence_continuation_score: 0.55
    lexical_continuation_score: 0.00
    capitalization_score: 0.25
    punctuation_score: 0.70
    spatial_proximity_score: 1.00
    alignment_score: 1.00
    typography_score: 1.00
    reading_order_score: 1.00
    page_continuation_score: 0.85
    role_compatibility_score: 0.95
  New boundary evidence:
    heading_change: 0.00
    structural_change: 0.95
    spacing_break: 0.00
    reading_region_change: 0.00
    table_boundary: 1.00
    role_change: 0.00
  Decision: KEEP_SEPARATE
  Confidence: 0.95
  Reason: Both blocks are structured records; table rows stay independent.

Continuation Decision:
  previous_block_id: 26_3_update_logical_block_0040
  current_block_id: 26_3_update_logical_block_0041
  previous page: 2
  current page: 2
  previous text: 4 Siebel Standard Repository Required for new deployments
  current text: 5 Siebel Approval Manager Optional
  continuation_score: 0.64
  new_boundary_score: 0.38
  Continuation evidence:
    sentence_continuation_score: 0.55
    lexical_continuation_score: 0.00
    capitalization_score: 0.25
    punctuation_score: 0.70
    spatial_proximity_score: 1.00
    alignment_score: 1.00
    typography_score: 0.75
    reading_order_score: 1.00
    page_continuation_score: 0.85
    role_compatibility_score: 0.50
  New boundary evidence:
    heading_change: 0.00
    structural_change: 0.95
    spacing_break: 0.00
    reading_region_change: 0.00
    table_boundary: 1.00
    role_change: 0.55
  Decision: KEEP_SEPARATE
  Confidence: 0.95
  Reason: Both blocks are structured records; table rows stay independent.

Continuation Decision:
  previous_block_id: 26_3_update_logical_block_0041
  current_block_id: 26_3_update_logical_block_0042
  previous page: 2
  current page: 2
  previous text: 5 Siebel Approval Manager Optional
  current text: 6 Siebel Desktop Integration (DISA) Optional
  continuation_score: 0.64
  new_boundary_score: 0.38
  Continuation evidence:
    sentence_continuation_score: 0.55
    lexical_continuation_score: 0.00
    capitalization_score: 0.25
    punctuation_score: 0.70
    spatial_proximity_score: 1.00
    alignment_score: 1.00
    typography_score: 0.75
    reading_order_score: 1.00
    page_continuation_score: 0.85
    role_compatibility_score: 0.55
  New boundary evidence:
    heading_change: 0.00
    structural_change: 0.95
    spacing_break: 0.00
    reading_region_change: 0.00
    table_boundary: 1.00
    role_change: 0.55
  Decision: KEEP_SEPARATE
  Confidence: 0.95
  Reason: Both blocks are structured records; table rows stay independent.

Continuation Decision:
  previous_block_id: 26_3_update_logical_block_0042
  current_block_id: 26_3_update_logical_block_0043
  previous page: 2
  current page: 2
  previous text: 6 Siebel Desktop Integration (DISA) Optional
  current text: 7 Siebel IAA XML Connector Optional
  continuation_score: 0.64
  new_boundary_score: 0.38
  Continuation evidence:
    sentence_continuation_score: 0.55
    lexical_continuation_score: 0.00
    capitalization_score: 0.25
    punctuation_score: 0.70
    spatial_proximity_score: 1.00
    alignment_score: 1.00
    typography_score: 0.75
    reading_order_score: 1.00
    page_continuation_score: 0.85
    role_compatibility_score: 0.50
  New boundary evidence:
    heading_change: 0.00
    structural_change: 0.95
    spacing_break: 0.00
    reading_region_change: 0.00
    table_boundary: 1.00
    role_change: 0.55
  Decision: KEEP_SEPARATE
  Confidence: 0.95
  Reason: Both blocks are structured records; table rows stay independent.

Continuation Decision:
  previous_block_id: 26_3_update_logical_block_0043
  current_block_id: 26_3_update_logical_block_0044
  previous page: 2
  current page: 2
  previous text: 7 Siebel IAA XML Connector Optional
  current text: 8 Siebel Email Marketing Server Optional
  continuation_score: 0.65
  new_boundary_score: 0.31
  Continuation evidence:
    sentence_continuation_score: 0.55
    lexical_continuation_score: 0.00
    capitalization_score: 0.25
    punctuation_score: 0.70
    spatial_proximity_score: 1.00
    alignment_score: 1.00
    typography_score: 0.75
    reading_order_score: 1.00
    page_continuation_score: 0.85
    role_compatibility_score: 0.60
  New boundary evidence:
    heading_change: 0.00
    structural_change: 0.95
    spacing_break: 0.00
    reading_region_change: 0.00
    table_boundary: 1.00
    role_change: 0.00
  Decision: KEEP_SEPARATE
  Confidence: 0.95
  Reason: Both blocks are structured records; table rows stay independent.

Continuation Decision:
  previous_block_id: 26_3_update_logical_block_0044
  current_block_id: 26_3_update_logical_block_0045
  previous page: 2
  current page: 2
  previous text: 8 Siebel Email Marketing Server Optional
  current text: 9 Siebel Open Integration Optional
  continuation_score: 0.65
  new_boundary_score: 0.31
  Continuation evidence:
    sentence_continuation_score: 0.55
    lexical_continuation_score: 0.00
    capitalization_score: 0.25
    punctuation_score: 0.70
    spatial_proximity_score: 1.00
    alignment_score: 1.00
    typography_score: 0.75
    reading_order_score: 1.00
    page_continuation_score: 0.85
    role_compatibility_score: 0.60
  New boundary evidence:
    heading_change: 0.00
    structural_change: 0.95
    spacing_break: 0.00
    reading_region_change: 0.00
    table_boundary: 1.00
    role_change: 0.00
  Decision: KEEP_SEPARATE
  Confidence: 0.95
  Reason: Both blocks are structured records; table rows stay independent.

Continuation Decision:
  previous_block_id: 26_3_update_logical_block_0045
  current_block_id: 26_3_update_logical_block_0046
  previous page: 2
  current page: 2
  previous text: 9 Siebel Open Integration Optional
  current text: 10 Siebel Smart Answer Optional
  continuation_score: 0.65
  new_boundary_score: 0.31
  Continuation evidence:
    sentence_continuation_score: 0.55
    lexical_continuation_score: 0.00
    capitalization_score: 0.25
    punctuation_score: 0.70
    spatial_proximity_score: 1.00
    alignment_score: 1.00
    typography_score: 0.75
    reading_order_score: 1.00
    page_continuation_score: 0.85
    role_compatibility_score: 0.60
  New boundary evidence:
    heading_change: 0.00
    structural_change: 0.95
    spacing_break: 0.00
    reading_region_change: 0.00
    table_boundary: 1.00
    role_change: 0.00
  Decision: KEEP_SEPARATE
  Confidence: 0.95
  Reason: Both blocks are structured records; table rows stay independent.

Continuation Decision:
  previous_block_id: 26_3_update_logical_block_0046
  current_block_id: 26_3_update_logical_block_0047
  previous page: 2
  current page: 2
  previous text: 10 Siebel Smart Answer Optional
  current text: 11 Oracle Database SE2 Required for new installations of the Siebel Mobile Web Client
  continuation_score: 0.64
  new_boundary_score: 0.38
  Continuation evidence:
    sentence_continuation_score: 0.55
    lexical_continuation_score: 0.00
    capitalization_score: 0.25
    punctuation_score: 0.70
    spatial_proximity_score: 1.00
    alignment_score: 1.00
    typography_score: 0.75
    reading_order_score: 1.00
    page_continuation_score: 0.85
    role_compatibility_score: 0.55
  New boundary evidence:
    heading_change: 0.00
    structural_change: 0.95
    spacing_break: 0.00
    reading_region_change: 0.00
    table_boundary: 1.00
    role_change: 0.55
  Decision: KEEP_SEPARATE
  Confidence: 0.95
  Reason: Both blocks are structured records; table rows stay independent.

Continuation Decision:
  previous_block_id: 26_3_update_logical_block_0047
  current_block_id: 26_3_update_logical_block_0048
  previous page: 2
  current page: 2
  previous text: 11 Oracle Database SE2 Required for new installations of the Siebel Mobile Web Client
  current text: 12 Siebel Ancestor Repositories Required for Upgrades from pre-IP2017
  continuation_score: 0.70
  new_boundary_score: 0.31
  Continuation evidence:
    sentence_continuation_score: 0.55
    lexical_continuation_score: 0.00
    capitalization_score: 0.25
    punctuation_score: 0.70
    spatial_proximity_score: 1.00
    alignment_score: 1.00
    typography_score: 1.00
    reading_order_score: 1.00
    page_continuation_score: 0.85
    role_compatibility_score: 0.95
  New boundary evidence:
    heading_change: 0.00
    structural_change: 0.95
    spacing_break: 0.00
    reading_region_change: 0.00
    table_boundary: 1.00
    role_change: 0.00
  Decision: KEEP_SEPARATE
  Confidence: 0.95
  Reason: Both blocks are structured records; table rows stay independent.

Continuation Decision:
  previous_block_id: 26_3_update_logical_block_0048
  current_block_id: 26_3_update_logical_block_0049
  previous page: 2
  current page: 2
  previous text: 12 Siebel Ancestor Repositories Required for Upgrades from pre-IP2017
  current text: Linux/Unix Archive Files
  continuation_score: 0.50
  new_boundary_score: 0.61
  Continuation evidence:
    sentence_continuation_score: 0.55
    lexical_continuation_score: 0.00
    capitalization_score: 0.25
    punctuation_score: 0.70
    spatial_proximity_score: 0.25
    alignment_score: 0.77
    typography_score: 0.55
    reading_order_score: 1.00
    page_continuation_score: 0.85
    role_compatibility_score: 0.50
  New boundary evidence:
    heading_change: 0.00
    structural_change: 0.80
    spacing_break: 0.75
    reading_region_change: 0.85
    table_boundary: 1.00
    role_change: 0.55
  Decision: KEEP_SEPARATE
  Confidence: 0.95
  Reason: Structured record adjacent to non-record content.

Continuation Decision:
  previous_block_id: 26_3_update_logical_block_0049
  current_block_id: 26_3_update_logical_block_0050
  previous page: 2
  current page: 2
  previous text: Linux/Unix Archive Files
  current text: Archive Number Content Description Required?
  continuation_score: 0.60
  new_boundary_score: 0.46
  Continuation evidence:
    sentence_continuation_score: 0.55
    lexical_continuation_score: 0.00
    capitalization_score: 0.25
    punctuation_score: 0.70
    spatial_proximity_score: 0.87
    alignment_score: 0.78
    typography_score: 0.59
    reading_order_score: 1.00
    page_continuation_score: 0.85
    role_compatibility_score: 0.55
  New boundary evidence:
    heading_change: 0.00
    structural_change: 0.80
    spacing_break: 0.13
    reading_region_change: 0.58
    table_boundary: 1.00
    role_change: 0.55
  Decision: KEEP_SEPARATE
  Confidence: 0.95
  Reason: Structured record adjacent to non-record content.

Continuation Decision:
  previous_block_id: 26_3_update_logical_block_0050
  current_block_id: 26_3_update_logical_block_0051
  previous page: 2
  current page: 2
  previous text: Archive Number Content Description Required?
  current text: 1 ReadMe File Optional
  continuation_score: 0.45
  new_boundary_score: 0.32
  Continuation evidence:
    sentence_continuation_score: 0.00
    lexical_continuation_score: 0.00
    capitalization_score: 0.05
    punctuation_score: 0.08
    spatial_proximity_score: 1.00
    alignment_score: 1.00
    typography_score: 0.75
    reading_order_score: 1.00
    page_continuation_score: 0.85
    role_compatibility_score: 0.50
  New boundary evidence:
    heading_change: 0.00
    structural_change: 0.55
    spacing_break: 0.00
    reading_region_change: 0.00
    table_boundary: 1.00
    role_change: 0.55
  Decision: KEEP_SEPARATE
  Confidence: 0.95
  Reason: Both blocks are structured records; table rows stay independent.

Continuation Decision:
  previous_block_id: 26_3_update_logical_block_0051
  current_block_id: 26_3_update_logical_block_0052
  previous page: 2
  current page: 3
  previous text: 1 ReadMe File Optional
  current text: 2 • Installer • Siebel Binaries and Shared Files • Enterprise Components • Application Interface • Mobile Web Client • Siebel Tools • Siebel Mobile • Oracle Database Connectivity Required for each release
  continuation_score: 0.62
  new_boundary_score: 0.32
  Continuation evidence:
    sentence_continuation_score: 0.55
    lexical_continuation_score: 0.00
    capitalization_score: 0.25
    punctuation_score: 0.70
    spatial_proximity_score: 0.93
    alignment_score: 1.00
    typography_score: 0.66
    reading_order_score: 1.00
    page_continuation_score: 0.75
    role_compatibility_score: 0.55
  New boundary evidence:
    heading_change: 0.00
    structural_change: 0.45
    spacing_break: 0.07
    reading_region_change: 0.00
    table_boundary: 1.00
    role_change: 0.55
  Decision: KEEP_SEPARATE
  Confidence: 0.95
  Reason: Both blocks are structured records; table rows stay independent.

Continuation Decision:
  previous_block_id: 26_3_update_logical_block_0052
  current_block_id: 26_3_update_logical_block_0053
  previous page: 3
  current page: 3
  previous text: 2 • Installer • Siebel Binaries and Shared Files • Enterprise Components • Application Interface • Mobile Web Client • Siebel Tools • Siebel Mobile • Oracle Database Connectivity Required for each release
  current text: 3 Siebel Non-English (US) Safeboot Required for non-English (US) deployments only
  continuation_score: 0.70
  new_boundary_score: 0.18
  Continuation evidence:
    sentence_continuation_score: 0.55
    lexical_continuation_score: 0.00
    capitalization_score: 0.25
    punctuation_score: 0.70
    spatial_proximity_score: 1.00
    alignment_score: 1.00
    typography_score: 1.00
    reading_order_score: 1.00
    page_continuation_score: 0.85
    role_compatibility_score: 0.95
  New boundary evidence:
    heading_change: 0.00
    structural_change: 0.00
    spacing_break: 0.00
    reading_region_change: 0.00
    table_boundary: 1.00
    role_change: 0.00
  Decision: KEEP_SEPARATE
  Confidence: 0.95
  Reason: Both blocks are structured records; table rows stay independent.

Continuation Decision:
  previous_block_id: 26_3_update_logical_block_0053
  current_block_id: 26_3_update_logical_block_0054
  previous page: 3
  current page: 3
  previous text: 3 Siebel Non-English (US) Safeboot Required for non-English (US) deployments only
  current text: 4 Siebel Standard Repository Required for new deployments
  continuation_score: 0.70
  new_boundary_score: 0.31
  Continuation evidence:
    sentence_continuation_score: 0.55
    lexical_continuation_score: 0.00
    capitalization_score: 0.25
    punctuation_score: 0.70
    spatial_proximity_score: 1.00
    alignment_score: 1.00
    typography_score: 1.00
    reading_order_score: 1.00
    page_continuation_score: 0.85
    role_compatibility_score: 0.95
  New boundary evidence:
    heading_change: 0.00
    structural_change: 0.95
    spacing_break: 0.00
    reading_region_change: 0.00
    table_boundary: 1.00
    role_change: 0.00
  Decision: KEEP_SEPARATE
  Confidence: 0.95
  Reason: Both blocks are structured records; table rows stay independent.

Continuation Decision:
  previous_block_id: 26_3_update_logical_block_0054
  current_block_id: 26_3_update_logical_block_0055
  previous page: 3
  current page: 3
  previous text: 4 Siebel Standard Repository Required for new deployments
  current text: 5 Siebel Approval Manager Optional
  continuation_score: 0.64
  new_boundary_score: 0.38
  Continuation evidence:
    sentence_continuation_score: 0.55
    lexical_continuation_score: 0.00
    capitalization_score: 0.25
    punctuation_score: 0.70
    spatial_proximity_score: 1.00
    alignment_score: 1.00
    typography_score: 0.75
    reading_order_score: 1.00
    page_continuation_score: 0.85
    role_compatibility_score: 0.50
  New boundary evidence:
    heading_change: 0.00
    structural_change: 0.95
    spacing_break: 0.00
    reading_region_change: 0.00
    table_boundary: 1.00
    role_change: 0.55
  Decision: KEEP_SEPARATE
  Confidence: 0.95
  Reason: Both blocks are structured records; table rows stay independent.

Continuation Decision:
  previous_block_id: 26_3_update_logical_block_0055
  current_block_id: 26_3_update_logical_block_0056
  previous page: 3
  current page: 3
  previous text: 5 Siebel Approval Manager Optional
  current text: 6 Siebel Email Marketing Server Optional
  continuation_score: 0.65
  new_boundary_score: 0.31
  Continuation evidence:
    sentence_continuation_score: 0.55
    lexical_continuation_score: 0.00
    capitalization_score: 0.25
    punctuation_score: 0.70
    spatial_proximity_score: 1.00
    alignment_score: 1.00
    typography_score: 0.75
    reading_order_score: 1.00
    page_continuation_score: 0.85
    role_compatibility_score: 0.60
  New boundary evidence:
    heading_change: 0.00
    structural_change: 0.95
    spacing_break: 0.00
    reading_region_change: 0.00
    table_boundary: 1.00
    role_change: 0.00
  Decision: KEEP_SEPARATE
  Confidence: 0.95
  Reason: Both blocks are structured records; table rows stay independent.

Continuation Decision:
  previous_block_id: 26_3_update_logical_block_0056
  current_block_id: 26_3_update_logical_block_0057
  previous page: 3
  current page: 3
  previous text: 6 Siebel Email Marketing Server Optional
  current text: 7 Siebel Open Integration Optional
  continuation_score: 0.65
  new_boundary_score: 0.31
  Continuation evidence:
    sentence_continuation_score: 0.55
    lexical_continuation_score: 0.00
    capitalization_score: 0.25
    punctuation_score: 0.70
    spatial_proximity_score: 1.00
    alignment_score: 1.00
    typography_score: 0.75
    reading_order_score: 1.00
    page_continuation_score: 0.85
    role_compatibility_score: 0.60
  New boundary evidence:
    heading_change: 0.00
    structural_change: 0.95
    spacing_break: 0.00
    reading_region_change: 0.00
    table_boundary: 1.00
    role_change: 0.00
  Decision: KEEP_SEPARATE
  Confidence: 0.95
  Reason: Both blocks are structured records; table rows stay independent.

Continuation Decision:
  previous_block_id: 26_3_update_logical_block_0057
  current_block_id: 26_3_update_logical_block_0058
  previous page: 3
  current page: 3
  previous text: 7 Siebel Open Integration Optional
  current text: 8 Siebel Ancestor Repositories Required for Upgrades from pre-IP2017
  continuation_score: 0.64
  new_boundary_score: 0.38
  Continuation evidence:
    sentence_continuation_score: 0.55
    lexical_continuation_score: 0.00
    capitalization_score: 0.25
    punctuation_score: 0.70
    spatial_proximity_score: 1.00
    alignment_score: 1.00
    typography_score: 0.75
    reading_order_score: 1.00
    page_continuation_score: 0.85
    role_compatibility_score: 0.55
  New boundary evidence:
    heading_change: 0.00
    structural_change: 0.95
    spacing_break: 0.00
    reading_region_change: 0.00
    table_boundary: 1.00
    role_change: 0.55
  Decision: KEEP_SEPARATE
  Confidence: 0.95
  Reason: Both blocks are structured records; table rows stay independent.

Continuation Decision:
  previous_block_id: 26_3_update_logical_block_0058
  current_block_id: 26_3_update_logical_block_0059
  previous page: 3
  current page: 3
  previous text: 8 Siebel Ancestor Repositories Required for Upgrades from pre-IP2017
  current text: Update Basics
  continuation_score: 0.57
  new_boundary_score: 0.49
  Continuation evidence:
    sentence_continuation_score: 0.55
    lexical_continuation_score: 0.00
    capitalization_score: 0.25
    punctuation_score: 0.70
    spatial_proximity_score: 0.75
    alignment_score: 0.77
    typography_score: 0.59
    reading_order_score: 1.00
    page_continuation_score: 0.85
    role_compatibility_score: 0.50
  New boundary evidence:
    heading_change: 0.00
    structural_change: 0.80
    spacing_break: 0.25
    reading_region_change: 0.61
    table_boundary: 1.00
    role_change: 0.55
  Decision: KEEP_SEPARATE
  Confidence: 0.95
  Reason: Structured record adjacent to non-record content.

Continuation Decision:
  previous_block_id: 26_3_update_logical_block_0059
  current_block_id: 26_3_update_logical_block_0060
  previous page: 3
  current page: 3
  previous text: Update Basics
  current text: A Monthly Update provides new product features and available fixes. Beyond this document, please review these related items:
  continuation_score: 0.51
  new_boundary_score: 0.38
  Continuation evidence:
    sentence_continuation_score: 0.55
    lexical_continuation_score: 0.00
    capitalization_score: 0.25
    punctuation_score: 0.70
    spatial_proximity_score: 0.25
    alignment_score: 0.76
    typography_score: 0.62
    reading_order_score: 1.00
    page_continuation_score: 0.85
    role_compatibility_score: 0.55
  New boundary evidence:
    heading_change: 0.00
    structural_change: 0.45
    spacing_break: 0.75
    reading_region_change: 0.85
    table_boundary: 0.00
    role_change: 0.55
  Decision: KEEP_SEPARATE
  Confidence: 0.95
  Reason: Layout heading unit stays separate from following content.

Continuation Decision:
  previous_block_id: 26_3_update_logical_block_0060
  current_block_id: 26_3_update_logical_block_0061
  previous page: 3
  current page: 3
  previous text: A Monthly Update provides new product features and available fixes. Beyond this document, please review these related items:
  current text: - Installation instructions: For more about this Siebel CRM Update, including instructions for preparing the product media and for installing Siebel CRM, see the latest version of the _Installation Guide_ in _Siebel Bookshelf_ from the Siebel CRM Documentation site.
  continuation_score: 0.19
  new_boundary_score: 0.52
  Continuation evidence:
    sentence_continuation_score: 0.00
    lexical_continuation_score: 0.00
    capitalization_score: 0.05
    punctuation_score: 0.08
    spatial_proximity_score: 0.28
    alignment_score: 0.40
    typography_score: 0.09
    reading_order_score: 1.00
    page_continuation_score: 0.30
    role_compatibility_score: 0.15
  New boundary evidence:
    heading_change: 0.77
    structural_change: 0.78
    spacing_break: 0.68
    reading_region_change: 0.00
    table_boundary: 0.00
    role_change: 0.90
  Decision: KEEP_SEPARATE
  Confidence: 0.95
  Reason: Body followed by a new prominent unit with terminal punctuation.

Continuation Decision:
  previous_block_id: 26_3_update_logical_block_0061
  current_block_id: 26_3_update_logical_block_0062
  previous page: 3
  current page: 3
  previous text: - Installation instructions: For more about this Siebel CRM Update, including instructions for preparing the product media and for installing Siebel CRM, see the latest version of the _Installation Guide_ in _Siebel Bookshelf_ from the Siebel CRM Documentation site.
  current text: - Third-Party Certifications: For a list of Third-Party Certifications, please visit My Oracle Support and search for “Siebel Industry Applications” on the _Certifications_ tab.
  continuation_score: 0.46
  new_boundary_score: 0.11
  Continuation evidence:
    sentence_continuation_score: 0.00
    lexical_continuation_score: 0.00
    capitalization_score: 0.05
    punctuation_score: 0.08
    spatial_proximity_score: 0.97
    alignment_score: 0.99
    typography_score: 0.62
    reading_order_score: 1.00
    page_continuation_score: 0.85
    role_compatibility_score: 0.70
  New boundary evidence:
    heading_change: 0.00
    structural_change: 0.55
    spacing_break: 0.03
    reading_region_change: 0.00
    table_boundary: 0.00
    role_change: 0.20
  Decision: KEEP_SEPARATE
  Confidence: 0.52
  Reason: Structural pattern changed.
  Reason: Previous block does not look incomplete.

Continuation Decision:
  previous_block_id: 26_3_update_logical_block_0062
  current_block_id: 26_3_update_logical_block_0063
  previous page: 3
  current page: 3
  previous text: - Third-Party Certifications: For a list of Third-Party Certifications, please visit My Oracle Support and search for “Siebel Industry Applications” on the _Certifications_ tab.
  current text: - FAQ: The Siebel CRM Continuous Release Model (Doc ID 2378034.1).
  continuation_score: 0.48
  new_boundary_score: 0.14
  Continuation evidence:
    sentence_continuation_score: 0.00
    lexical_continuation_score: 0.00
    capitalization_score: 0.05
    punctuation_score: 0.08
    spatial_proximity_score: 0.95
    alignment_score: 0.91
    typography_score: 0.74
    reading_order_score: 1.00
    page_continuation_score: 0.85
    role_compatibility_score: 0.95
  New boundary evidence:
    heading_change: 0.00
    structural_change: 0.95
    spacing_break: 0.05
    reading_region_change: 0.00
    table_boundary: 0.00
    role_change: 0.00
  Decision: KEEP_SEPARATE
  Confidence: 0.95
  Reason: Parallel enumerated items share an opener class; keep separate.

Continuation Decision:
  previous_block_id: 26_3_update_logical_block_0063
  current_block_id: 26_3_update_logical_block_0064
  previous page: 3
  current page: 3
  previous text: - FAQ: The Siebel CRM Continuous Release Model (Doc ID 2378034.1).
  current text: NOTE: This document contains two years (24 months) of rolling content. For bug fixes and known issues in versions released before the scope of this document, please download earlier versions from Oracle Support (DOC ID 2382435.1).
  continuation_score: 0.46
  new_boundary_score: 0.11
  Continuation evidence:
    sentence_continuation_score: 0.00
    lexical_continuation_score: 0.00
    capitalization_score: 0.05
    punctuation_score: 0.08
    spatial_proximity_score: 0.83
    alignment_score: 0.81
    typography_score: 0.80
    reading_order_score: 1.00
    page_continuation_score: 0.85
    role_compatibility_score: 0.95
  New boundary evidence:
    heading_change: 0.00
    structural_change: 0.55
    spacing_break: 0.17
    reading_region_change: 0.00
    table_boundary: 0.00
    role_change: 0.00
  Decision: KEEP_SEPARATE
  Confidence: 0.52
  Reason: Structural pattern changed.
  Reason: Previous block does not look incomplete.

Continuation Decision:
  previous_block_id: 26_3_update_logical_block_0064
  current_block_id: 26_3_update_logical_block_0065
  previous page: 3
  current page: 3
  previous text: NOTE: This document contains two years (24 months) of rolling content. For bug fixes and known issues in versions released before the scope of this document, please download earlier versions from Oracle Support (DOC ID 2382435.1).
  current text: Back to top
  continuation_score: 0.18
  new_boundary_score: 0.66
  Continuation evidence:
    sentence_continuation_score: 0.00
    lexical_continuation_score: 0.00
    capitalization_score: 0.05
    punctuation_score: 0.08
    spatial_proximity_score: 0.25
    alignment_score: 0.40
    typography_score: 0.08
    reading_order_score: 1.00
    page_continuation_score: 0.30
    role_compatibility_score: 0.15
  New boundary evidence:
    heading_change: 0.77
    structural_change: 0.78
    spacing_break: 0.75
    reading_region_change: 0.85
    table_boundary: 0.00
    role_change: 0.90
  Decision: KEEP_SEPARATE
  Confidence: 0.95
  Reason: Body followed by a new prominent unit with terminal punctuation.

Continuation Decision:
  previous_block_id: 26_3_update_logical_block_0065
  current_block_id: 26_3_update_logical_block_0066
  previous page: 3
  current page: 3
  previous text: Back to top
  current text: Repository Updates
  continuation_score: 0.51
  new_boundary_score: 0.24
  Continuation evidence:
    sentence_continuation_score: 0.55
    lexical_continuation_score: 0.00
    capitalization_score: 0.25
    punctuation_score: 0.70
    spatial_proximity_score: 0.38
    alignment_score: 0.82
    typography_score: 0.62
    reading_order_score: 1.00
    page_continuation_score: 0.85
    role_compatibility_score: 0.30
  New boundary evidence:
    heading_change: 0.00
    structural_change: 0.45
    spacing_break: 0.62
    reading_region_change: 0.00
    table_boundary: 0.00
    role_change: 0.55
  Decision: KEEP_SEPARATE
  Confidence: 0.95
  Reason: Layout heading unit stays separate from following content.

Continuation Decision:
  previous_block_id: 26_3_update_logical_block_0066
  current_block_id: 26_3_update_logical_block_0067
  previous page: 3
  current page: 3
  previous text: Repository Updates
  current text: Some features require Repository, Seed, or Manifest changes in order to take advantage of the feature. These changes must be imported through execution of the _RepositoryUpdate_ utility in the Development environment. Please refer to the _Database Upgrade Guide_ for information on how to use RepositoryUpdate.
  continuation_score: 0.48
  new_boundary_score: 0.57
  Continuation evidence:
    sentence_continuation_score: 0.55
    lexical_continuation_score: 0.00
    capitalization_score: 0.25
    punctuation_score: 0.70
    spatial_proximity_score: 0.25
    alignment_score: 0.78
    typography_score: 0.51
    reading_order_score: 1.00
    page_continuation_score: 0.85
    role_compatibility_score: 0.30
  New boundary evidence:
    heading_change: 0.76
    structural_change: 0.45
    spacing_break: 0.75
    reading_region_change: 0.85
    table_boundary: 0.00
    role_change: 0.55
  Decision: KEEP_SEPARATE
  Confidence: 0.95
  Reason: Layout heading unit stays separate from following content.

Continuation Decision:
  previous_block_id: 26_3_update_logical_block_0067
  current_block_id: 26_3_update_logical_block_0068
  previous page: 3
  current page: 3
  previous text: Some features require Repository, Seed, or Manifest changes in order to take advantage of the feature. These changes must be imported through execution of the _RepositoryUpdate_ utility in the Development environment. Please refer to the _Database Upgrade Guide_ for information on how to use RepositoryUpdate.
  current text: NOTE: Not all features require Repository changes. Examine the “Repository Update Required” column in the New Features tables below to see if such changes are required for a particular feature.
  continuation_score: 0.44
  new_boundary_score: 0.13
  Continuation evidence:
    sentence_continuation_score: 0.00
    lexical_continuation_score: 0.00
    capitalization_score: 0.05
    punctuation_score: 0.08
    spatial_proximity_score: 0.86
    alignment_score: 1.00
    typography_score: 0.58
    reading_order_score: 1.00
    page_continuation_score: 0.85
    role_compatibility_score: 0.70
  New boundary evidence:
    heading_change: 0.00
    structural_change: 0.55
    spacing_break: 0.14
    reading_region_change: 0.00
    table_boundary: 0.00
    role_change: 0.20
  Decision: KEEP_SEPARATE
  Confidence: 0.53
  Reason: Structural pattern changed.
  Reason: Previous block does not look incomplete.

Continuation Decision:
  previous_block_id: 26_3_update_logical_block_0068
  current_block_id: 26_3_update_logical_block_0069
  previous page: 3
  current page: 3
  previous text: NOTE: Not all features require Repository changes. Examine the “Repository Update Required” column in the New Features tables below to see if such changes are required for a particular feature.
  current text: Back to top
  continuation_score: 0.18
  new_boundary_score: 0.66
  Continuation evidence:
    sentence_continuation_score: 0.00
    lexical_continuation_score: 0.00
    capitalization_score: 0.05
    punctuation_score: 0.08
    spatial_proximity_score: 0.25
    alignment_score: 0.40
    typography_score: 0.08
    reading_order_score: 1.00
    page_continuation_score: 0.30
    role_compatibility_score: 0.15
  New boundary evidence:
    heading_change: 0.77
    structural_change: 0.78
    spacing_break: 0.75
    reading_region_change: 0.86
    table_boundary: 0.00
    role_change: 0.90
  Decision: KEEP_SEPARATE
  Confidence: 0.95
  Reason: Body followed by a new prominent unit with terminal punctuation.

Continuation Decision:
  previous_block_id: 26_3_update_logical_block_0069
  current_block_id: 26_3_update_logical_block_0070
  previous page: 3
  current page: 3
  previous text: Back to top
  current text: Features and Bug Fixes by Release
  continuation_score: 0.50
  new_boundary_score: 0.24
  Continuation evidence:
    sentence_continuation_score: 0.55
    lexical_continuation_score: 0.00
    capitalization_score: 0.25
    punctuation_score: 0.70
    spatial_proximity_score: 0.38
    alignment_score: 0.77
    typography_score: 0.62
    reading_order_score: 1.00
    page_continuation_score: 0.85
    role_compatibility_score: 0.30
  New boundary evidence:
    heading_change: 0.00
    structural_change: 0.45
    spacing_break: 0.62
    reading_region_change: 0.00
    table_boundary: 0.00
    role_change: 0.55
  Decision: KEEP_SEPARATE
  Confidence: 0.95
  Reason: Layout heading unit stays separate from following content.

Continuation Decision:
  previous_block_id: 26_3_update_logical_block_0070
  current_block_id: 26_3_update_logical_block_0071
  previous page: 3
  current page: 3
  previous text: Features and Bug Fixes by Release
  current text: In addition to the documentation provided in the listed guides from Siebel Bookshelf, please visit the Siebel CRM Learning Subscription site where authorized partners and customers can find free courses and transfer of information (TOI) videos on some Siebel CRM features.
  continuation_score: 0.56
  new_boundary_score: 0.41
  Continuation evidence:
    sentence_continuation_score: 0.55
    lexical_continuation_score: 0.00
    capitalization_score: 0.25
    punctuation_score: 0.70
    spatial_proximity_score: 0.83
    alignment_score: 0.84
    typography_score: 0.51
    reading_order_score: 1.00
    page_continuation_score: 0.85
    role_compatibility_score: 0.30
  New boundary evidence:
    heading_change: 0.76
    structural_change: 0.45
    spacing_break: 0.17
    reading_region_change: 0.51
    table_boundary: 0.00
    role_change: 0.55
  Decision: KEEP_SEPARATE
  Confidence: 0.95
  Reason: Layout heading unit stays separate from following content.

Continuation Decision:
  previous_block_id: 26_3_update_logical_block_0071
  current_block_id: 26_3_update_logical_block_0072
  previous page: 3
  current page: 4
  previous text: In addition to the documentation provided in the listed guides from Siebel Bookshelf, please visit the Siebel CRM Learning Subscription site where authorized partners and customers can find free courses and transfer of information (TOI) videos on some Siebel CRM features.
  current text: New Features and Bug Fixes in Siebel CRM Monthly Update 26.3
  continuation_score: 0.41
  new_boundary_score: 0.20
  Continuation evidence:
    sentence_continuation_score: 0.00
    lexical_continuation_score: 0.00
    capitalization_score: 0.05
    punctuation_score: 0.08
    spatial_proximity_score: 0.96
    alignment_score: 0.88
    typography_score: 0.51
    reading_order_score: 1.00
    page_continuation_score: 0.35
    role_compatibility_score: 0.70
  New boundary evidence:
    heading_change: 0.00
    structural_change: 0.55
    spacing_break: 0.55
    reading_region_change: 0.00
    table_boundary: 0.00
    role_change: 0.20
  Decision: KEEP_SEPARATE
  Confidence: 0.54
  Reason: Significant spatial boundary.
  Reason: Structural pattern changed.
  Reason: Previous block does not look incomplete.

Continuation Decision:
  previous_block_id: 26_3_update_logical_block_0072
  current_block_id: 26_3_update_logical_block_0073
  previous page: 4
  current page: 4
  previous text: New Features and Bug Fixes in Siebel CRM Monthly Update 26.3
  current text: New Features in Siebel CRM 26.3
  continuation_score: 0.60
  new_boundary_score: 0.16
  Continuation evidence:
    sentence_continuation_score: 0.55
    lexical_continuation_score: 0.00
    capitalization_score: 0.25
    punctuation_score: 0.70
    spatial_proximity_score: 0.84
    alignment_score: 0.85
    typography_score: 0.68
    reading_order_score: 1.00
    page_continuation_score: 0.85
    role_compatibility_score: 0.50
  New boundary evidence:
    heading_change: 0.00
    structural_change: 0.45
    spacing_break: 0.16
    reading_region_change: 0.00
    table_boundary: 0.00
    role_change: 0.55
  Decision: KEEP_SEPARATE
  Confidence: 0.95
  Reason: Layout heading unit stays separate from following content.

Continuation Decision:
  previous_block_id: 26_3_update_logical_block_0073
  current_block_id: 26_3_update_logical_block_0074
  previous page: 4
  current page: 4
  previous text: New Features in Siebel CRM 26.3
  current text: Feature Name Description Documentation Repository Update
  continuation_score: 0.47
  new_boundary_score: 0.82
  Continuation evidence:
    sentence_continuation_score: 0.55
    lexical_continuation_score: 0.00
    capitalization_score: 0.25
    punctuation_score: 0.70
    spatial_proximity_score: 0.25
    alignment_score: 0.79
    typography_score: 0.39
    reading_order_score: 1.00
    page_continuation_score: 0.85
    role_compatibility_score: 0.30
  New boundary evidence:
    heading_change: 0.85
    structural_change: 0.80
    spacing_break: 0.75
    reading_region_change: 0.85
    table_boundary: 1.00
    role_change: 0.55
  Decision: KEEP_SEPARATE
  Confidence: 0.95
  Reason: Structured record adjacent to non-record content.

Continuation Decision:
  previous_block_id: 26_3_update_logical_block_0074
  current_block_id: 26_3_update_logical_block_0075
  previous page: 4
  current page: 4
  previous text: Feature Name Description Documentation Repository Update
  current text: Required?
  continuation_score: 0.65
  new_boundary_score: 0.33
  Continuation evidence:
    sentence_continuation_score: 0.55
    lexical_continuation_score: 0.00
    capitalization_score: 0.25
    punctuation_score: 0.70
    spatial_proximity_score: 1.00
    alignment_score: 1.00
    typography_score: 0.75
    reading_order_score: 1.00
    page_continuation_score: 0.85
    role_compatibility_score: 0.60
  New boundary evidence:
    heading_change: 0.87
    structural_change: 0.00
    spacing_break: 0.00
    reading_region_change: 0.00
    table_boundary: 0.15
    role_change: 0.80
  Decision: MERGE
  Confidence: 0.79
  Reason: Blocks are spatially close in the same reading region.
  Reason: Compatible horizontal alignment.
  Reason: Compatible typography.
  Reason: Compatible across page boundary.

Continuation Decision:
  previous_block_id: 26_3_update_logical_block_0075
  current_block_id: 26_3_update_logical_block_0076
  previous page: 4
  current page: 4
  previous text: Required?
  current text: Developer Experience: This enhancement provides the following operational benefits: • System Administration No
  continuation_score: 0.46
  new_boundary_score: 0.56
  Continuation evidence:
    sentence_continuation_score: 0.00
    lexical_continuation_score: 0.00
    capitalization_score: 0.05
    punctuation_score: 0.08
    spatial_proximity_score: 1.00
    alignment_score: 1.00
    typography_score: 0.75
    reading_order_score: 1.00
    page_continuation_score: 0.85
    role_compatibility_score: 0.60
  New boundary evidence:
    heading_change: 0.87
    structural_change: 0.55
    spacing_break: 0.00
    reading_region_change: 0.00
    table_boundary: 1.00
    role_change: 0.80
  Decision: KEEP_SEPARATE
  Confidence: 0.95
  Reason: Both blocks are structured records; table rows stay independent.

Continuation Decision:
  previous_block_id: 26_3_update_logical_block_0076
  current_block_id: 26_3_update_logical_block_0077
  previous page: 4
  current page: 4
  previous text: Developer Experience: This enhancement provides the following operational benefits: • System Administration No
  current text: Enterprise Cache Operational Enhancements • When deploying the Enterprise Cache Client Profile for your deployed Siebel servers, you can deploy the Client Profile once and it will automatically deploy to all your Siebel Servers. This will make your deployment of the Client Profiles much faster and less error prone. • When deploying the Enterprise Cache Client Profile, SSH tunnels are established automatically from each Siebel Server deployed to each Coherence Server that is deployed. • Improvements to the notification of Coherence cache status if the Coherence cache becomes unavailable and when it regains its footing. There are two areas where you can see the status of the Coherence cache accurately. • Help→Technical Support menu in the Siebel CRM Application • Siebel Management Console (SMC) Cache Status tab. Guide
  continuation_score: 0.65
  new_boundary_score: 0.33
  Continuation evidence:
    sentence_continuation_score: 0.55
    lexical_continuation_score: 0.00
    capitalization_score: 0.25
    punctuation_score: 0.70
    spatial_proximity_score: 1.00
    alignment_score: 1.00
    typography_score: 0.75
    reading_order_score: 1.00
    page_continuation_score: 0.85
    role_compatibility_score: 0.60
  New boundary evidence:
    heading_change: 0.86
    structural_change: 0.00
    spacing_break: 0.00
    reading_region_change: 0.00
    table_boundary: 0.15
    role_change: 0.80
  Decision: MERGE
  Confidence: 0.79
  Reason: Blocks are spatially close in the same reading region.
  Reason: Compatible horizontal alignment.
  Reason: Compatible typography.
  Reason: Compatible across page boundary.

Continuation Decision:
  previous_block_id: 26_3_update_logical_block_0077
  current_block_id: 26_3_update_logical_block_0078
  previous page: 4
  current page: 4
  previous text: Enterprise Cache Operational Enhancements • When deploying the Enterprise Cache Client Profile for your deployed Siebel servers, you can deploy the Client Profile once and it will automatically deploy to all your Siebel Servers. This will make your deployment of the Client Profiles much faster and less error prone. • When deploying the Enterprise Cache Client Profile, SSH tunnels are established automatically from each Siebel Server deployed to each Coherence Server that is deployed. • Improvements to the notification of Coherence cache status if the Coherence cache becomes unavailable and when it regains its footing. There are two areas where you can see the status of the Coherence cache accurately. • Help→Technical Support menu in the Siebel CRM Application • Siebel Management Console (SMC) Cache Status tab. Guide
  current text: Training on this feature is available onOracle University.
  continuation_score: 0.65
  new_boundary_score: 0.33
  Continuation evidence:
    sentence_continuation_score: 0.55
    lexical_continuation_score: 0.00
    capitalization_score: 0.25
    punctuation_score: 0.70
    spatial_proximity_score: 1.00
    alignment_score: 1.00
    typography_score: 0.75
    reading_order_score: 1.00
    page_continuation_score: 0.85
    role_compatibility_score: 0.60
  New boundary evidence:
    heading_change: 0.87
    structural_change: 0.00
    spacing_break: 0.00
    reading_region_change: 0.00
    table_boundary: 0.15
    role_change: 0.80
  Decision: MERGE
  Confidence: 0.79
  Reason: Blocks are spatially close in the same reading region.
  Reason: Compatible horizontal alignment.
  Reason: Compatible typography.
  Reason: Compatible across page boundary.

Continuation Decision:
  previous_block_id: 26_3_update_logical_block_0078
  current_block_id: 26_3_update_logical_block_0079
  previous page: 4
  current page: 4
  previous text: Training on this feature is available onOracle University.
  current text: Customer Order Management – Improved Promotions UX In Siebel Customer Order Management, a Bundle Promotion definition can have hundreds of products from various relationships to choose from. To make it easy for sales agents to capture a customer's quote or order, the “Edit Promotion” User Interface has been enhanced to support pagination and search. As a result, an agent can quickly add one or more products using a new pop-up applet, improving productivity and ensuring data accuracy. • Siebel Order Management Guide Yes
  continuation_score: 0.46
  new_boundary_score: 0.56
  Continuation evidence:
    sentence_continuation_score: 0.00
    lexical_continuation_score: 0.00
    capitalization_score: 0.05
    punctuation_score: 0.08
    spatial_proximity_score: 1.00
    alignment_score: 1.00
    typography_score: 0.75
    reading_order_score: 1.00
    page_continuation_score: 0.85
    role_compatibility_score: 0.60
  New boundary evidence:
    heading_change: 0.87
    structural_change: 0.55
    spacing_break: 0.00
    reading_region_change: 0.00
    table_boundary: 1.00
    role_change: 0.80
  Decision: KEEP_SEPARATE
  Confidence: 0.95
  Reason: Both blocks are structured records; table rows stay independent.

Continuation Decision:
  previous_block_id: 26_3_update_logical_block_0079
  current_block_id: 26_3_update_logical_block_0080
  previous page: 4
  current page: 4
  previous text: Customer Order Management – Improved Promotions UX In Siebel Customer Order Management, a Bundle Promotion definition can have hundreds of products from various relationships to choose from. To make it easy for sales agents to capture a customer's quote or order, the “Edit Promotion” User Interface has been enhanced to support pagination and search. As a result, an agent can quickly add one or more products using a new pop-up applet, improving productivity and ensuring data accuracy. • Siebel Order Management Guide Yes
  current text: Siebel UCM: Publish in Hybrid Mode Siebel Universal Customer Master (UCM) is enhanced to enable publishing to multiple middleware systems or combinations of middleware and edge systems in hybrid mode. Hybrid mode enables UCM to publish messages to all configured middleware and edge systems, • Oracle Customer Hub (UCM) Master Data Management Reference Yes
  continuation_score: 0.65
  new_boundary_score: 0.48
  Continuation evidence:
    sentence_continuation_score: 0.55
    lexical_continuation_score: 0.00
    capitalization_score: 0.25
    punctuation_score: 0.70
    spatial_proximity_score: 1.00
    alignment_score: 1.00
    typography_score: 0.75
    reading_order_score: 1.00
    page_continuation_score: 0.85
    role_compatibility_score: 0.60
  New boundary evidence:
    heading_change: 0.83
    structural_change: 0.00
    spacing_break: 0.00
    reading_region_change: 0.00
    table_boundary: 1.00
    role_change: 0.80
  Decision: KEEP_SEPARATE
  Confidence: 0.95
  Reason: Both blocks are structured records; table rows stay independent.

Continuation Decision:
  previous_block_id: 26_3_update_logical_block_0080
  current_block_id: 26_3_update_logical_block_0081
  previous page: 4
  current page: 5
  previous text: Siebel UCM: Publish in Hybrid Mode Siebel Universal Customer Master (UCM) is enhanced to enable publishing to multiple middleware systems or combinations of middleware and edge systems in hybrid mode. Hybrid mode enables UCM to publish messages to all configured middleware and edge systems, • Oracle Customer Hub (UCM) Master Data Management Reference Yes
  current text: regardless of their integration protocol (SOAP or REST). With this capability, customers can design flexible and complex integration architectures — for example: • Integrating both SOAP and REST-based systems through separate middleware platforms. • Seamlessly connecting legacy and modern applications to UCM without protocol limitations.
  continuation_score: 0.84
  new_boundary_score: 0.33
  Continuation evidence:
    sentence_continuation_score: 0.92
    lexical_continuation_score: 0.70
    capitalization_score: 0.95
    punctuation_score: 0.70
    spatial_proximity_score: 0.97
    alignment_score: 1.00
    typography_score: 0.62
    reading_order_score: 1.00
    page_continuation_score: 0.75
    role_compatibility_score: 0.60
  New boundary evidence:
    heading_change: 0.83
    structural_change: 0.00
    spacing_break: 0.03
    reading_region_change: 0.00
    table_boundary: 0.15
    role_change: 0.80
  Decision: MERGE
  Confidence: 0.92
  Reason: Previous block appears incomplete; current continues the sentence.
  Reason: Current block begins with lowercase text.
  Reason: Lexical continuity markers support the same reading flow.
  Reason: Blocks are spatially close in the same reading region.
  Reason: Compatible horizontal alignment.
  Reason: Compatible typography.
  Reason: Compatible across page boundary.

Continuation Decision:
  previous_block_id: 26_3_update_logical_block_0081
  current_block_id: 26_3_update_logical_block_0082
  previous page: 5
  current page: 5
  previous text: regardless of their integration protocol (SOAP or REST). With this capability, customers can design flexible and complex integration architectures — for example: • Integrating both SOAP and REST-based systems through separate middleware platforms. • Seamlessly connecting legacy and modern applications to UCM without protocol limitations.
  current text: This feature removes the current single- middleware restriction and allows enterprises to achieve unified, multi-protocol integration across diverse system landscapes.
  continuation_score: 0.62
  new_boundary_score: 0.40
  Continuation evidence:
    sentence_continuation_score: 0.72
    lexical_continuation_score: 0.00
    capitalization_score: 0.05
    punctuation_score: 0.10
    spatial_proximity_score: 1.00
    alignment_score: 1.00
    typography_score: 0.75
    reading_order_score: 1.00
    page_continuation_score: 0.85
    role_compatibility_score: 0.60
  New boundary evidence:
    heading_change: 0.85
    structural_change: 0.55
    spacing_break: 0.00
    reading_region_change: 0.00
    table_boundary: 0.15
    role_change: 0.80
  Decision: MERGE
  Confidence: 0.73
  Reason: Previous block appears incomplete; current continues the sentence.
  Reason: Blocks are spatially close in the same reading region.
  Reason: Compatible horizontal alignment.
  Reason: Compatible typography.
  Reason: Compatible across page boundary.

Continuation Decision:
  previous_block_id: 26_3_update_logical_block_0082
  current_block_id: 26_3_update_logical_block_0083
  previous page: 5
  current page: 5
  previous text: This feature removes the current single- middleware restriction and allows enterprises to achieve unified, multi-protocol integration across diverse system landscapes.
  current text: Schema Changes without Downtime for Updates and Migration This feature leverages capabilities available in the Oracle and Microsoft SQL Server database engines that allow for online modifications to schema objects. Benefits Downtime is avoided during schema changes, ensuring that all employees, partners, customers, and integration points have access to user data in the Siebel CRM database, even when the schema structure is being modified. • Database Upgrade Guide No
  continuation_score: 0.46
  new_boundary_score: 0.56
  Continuation evidence:
    sentence_continuation_score: 0.00
    lexical_continuation_score: 0.00
    capitalization_score: 0.05
    punctuation_score: 0.08
    spatial_proximity_score: 1.00
    alignment_score: 1.00
    typography_score: 0.75
    reading_order_score: 1.00
    page_continuation_score: 0.85
    role_compatibility_score: 0.60
  New boundary evidence:
    heading_change: 0.85
    structural_change: 0.55
    spacing_break: 0.00
    reading_region_change: 0.00
    table_boundary: 1.00
    role_change: 0.80
  Decision: KEEP_SEPARATE
  Confidence: 0.95
  Reason: Both blocks are structured records; table rows stay independent.

Continuation Decision:
  previous_block_id: 26_3_update_logical_block_0083
  current_block_id: 26_3_update_logical_block_0084
  previous page: 5
  current page: 5
  previous text: Schema Changes without Downtime for Updates and Migration This feature leverages capabilities available in the Oracle and Microsoft SQL Server database engines that allow for online modifications to schema objects. Benefits Downtime is avoided during schema changes, ensuring that all employees, partners, customers, and integration points have access to user data in the Siebel CRM database, even when the schema structure is being modified. • Database Upgrade Guide No
  current text: Examples include: • During the application of a Siebel Monthly Update's "PostInstallDBSetup" or "RepositoryUpdate" processes, which can make changes to the physical schema. • Performing a migration from a Development environment to any downstream environment, including Production.
  continuation_score: 0.65
  new_boundary_score: 0.32
  Continuation evidence:
    sentence_continuation_score: 0.55
    lexical_continuation_score: 0.00
    capitalization_score: 0.25
    punctuation_score: 0.70
    spatial_proximity_score: 1.00
    alignment_score: 1.00
    typography_score: 0.75
    reading_order_score: 1.00
    page_continuation_score: 0.85
    role_compatibility_score: 0.60
  New boundary evidence:
    heading_change: 0.84
    structural_change: 0.00
    spacing_break: 0.00
    reading_region_change: 0.00
    table_boundary: 0.15
    role_change: 0.80
  Decision: MERGE
  Confidence: 0.79
  Reason: Blocks are spatially close in the same reading region.
  Reason: Compatible horizontal alignment.
  Reason: Compatible typography.
  Reason: Compatible across page boundary.

Continuation Decision:
  previous_block_id: 26_3_update_logical_block_0084
  current_block_id: 26_3_update_logical_block_0085
  previous page: 5
  current page: 5
  previous text: Examples include: • During the application of a Siebel Monthly Update's "PostInstallDBSetup" or "RepositoryUpdate" processes, which can make changes to the physical schema. • Performing a migration from a Development environment to any downstream environment, including Production.
  current text: NOTE: Full Runtime Repository Migration will leverage this feature to avoid changes required to modify schema objects, but there will still be downtime required to rename the Repositories. Additional Background Changes to database schema objects is performed using "Data Definition Language" (DDL). When DDL is provided upon an existing object (such as a change to a column definition) or to create certain kinds of new objects (such as indexes), the traditional approach that the
  continuation_score: 0.46
  new_boundary_score: 0.40
  Continuation evidence:
    sentence_continuation_score: 0.00
    lexical_continuation_score: 0.00
    capitalization_score: 0.05
    punctuation_score: 0.08
    spatial_proximity_score: 1.00
    alignment_score: 1.00
    typography_score: 0.75
    reading_order_score: 1.00
    page_continuation_score: 0.85
    role_compatibility_score: 0.60
  New boundary evidence:
    heading_change: 0.84
    structural_change: 0.55
    spacing_break: 0.00
    reading_region_change: 0.00
    table_boundary: 0.15
    role_change: 0.80
  Decision: MERGE
  Confidence: 0.62
  Reason: Blocks are spatially close in the same reading region.
  Reason: Compatible horizontal alignment.
  Reason: Compatible typography.
  Reason: Compatible across page boundary.

Continuation Decision:
  previous_block_id: 26_3_update_logical_block_0085
  current_block_id: 26_3_update_logical_block_0086
  previous page: 5
  current page: 6
  previous text: NOTE: Full Runtime Repository Migration will leverage this feature to avoid changes required to modify schema objects, but there will still be downtime required to rename the Repositories. Additional Background Changes to database schema objects is performed using "Data Definition Language" (DDL). When DDL is provided upon an existing object (such as a change to a column definition) or to create certain kinds of new objects (such as indexes), the traditional approach that the
  current text: various Siebel CRM utilities have used could introduce "table locks" or other conditions that would block end users from being able to use the application while the DDL was executing. When this occurred, downtime could occur during the application of Siebel Updates (PostInstallDBSetup or RepositoryUpgrade) and Migration operations.
  continuation_score: 0.76
  new_boundary_score: 0.59
  Continuation evidence:
    sentence_continuation_score: 0.92
    lexical_continuation_score: 0.50
    capitalization_score: 0.95
    punctuation_score: 0.70
    spatial_proximity_score: 0.97
    alignment_score: 0.24
    typography_score: 0.66
    reading_order_score: 1.00
    page_continuation_score: 0.75
    role_compatibility_score: 0.60
  New boundary evidence:
    heading_change: 0.83
    structural_change: 0.80
    spacing_break: 0.03
    reading_region_change: 0.00
    table_boundary: 1.00
    role_change: 0.80
  Decision: KEEP_SEPARATE
  Confidence: 0.95
  Reason: Structured record adjacent to non-record content.

Continuation Decision:
  previous_block_id: 26_3_update_logical_block_0086
  current_block_id: 26_3_update_logical_block_0087
  previous page: 6
  current page: 6
  previous text: various Siebel CRM utilities have used could introduce "table locks" or other conditions that would block end users from being able to use the application while the DDL was executing. When this occurred, downtime could occur during the application of Siebel Updates (PostInstallDBSetup or RepositoryUpgrade) and Migration operations.
  current text: Basic Technical Information
  continuation_score: 0.22
  new_boundary_score: 0.53
  Continuation evidence:
    sentence_continuation_score: 0.00
    lexical_continuation_score: 0.00
    capitalization_score: 0.05
    punctuation_score: 0.08
    spatial_proximity_score: 0.28
    alignment_score: 0.40
    typography_score: 0.30
    reading_order_score: 1.00
    page_continuation_score: 0.30
    role_compatibility_score: 0.28
  New boundary evidence:
    heading_change: 0.83
    structural_change: 0.78
    spacing_break: 0.68
    reading_region_change: 0.00
    table_boundary: 0.00
    role_change: 0.80
  Decision: KEEP_SEPARATE
  Confidence: 0.76
  Reason: Strong new prominent structure detected.
  Reason: Significant spatial boundary.
  Reason: Role change indicates a new logical unit.
  Reason: Structural pattern changed.
  Reason: Previous block does not look incomplete.

Continuation Decision:
  previous_block_id: 26_3_update_logical_block_0087
  current_block_id: 26_3_update_logical_block_0088
  previous page: 6
  current page: 6
  previous text: Basic Technical Information
  current text: By modifying our existing utilities to leverage built-in capabilities of modern versions of the Oracle and Microsoft SQL Server database platforms, we can execute DDL that accomplishes the same end result without forcing downtime.
  continuation_score: 0.60
  new_boundary_score: 0.31
  Continuation evidence:
    sentence_continuation_score: 0.55
    lexical_continuation_score: 0.00
    capitalization_score: 0.25
    punctuation_score: 0.70
    spatial_proximity_score: 0.92
    alignment_score: 0.90
    typography_score: 0.39
    reading_order_score: 1.00
    page_continuation_score: 0.85
    role_compatibility_score: 0.60
  New boundary evidence:
    heading_change: 0.85
    structural_change: 0.00
    spacing_break: 0.08
    reading_region_change: 0.00
    table_boundary: 0.00
    role_change: 0.80
  Decision: KEEP_SEPARATE
  Confidence: 0.95
  Reason: Layout heading unit stays separate from following content.

Continuation Decision:
  previous_block_id: 26_3_update_logical_block_0088
  current_block_id: 26_3_update_logical_block_0089
  previous page: 6
  current page: 6
  previous text: By modifying our existing utilities to leverage built-in capabilities of modern versions of the Oracle and Microsoft SQL Server database platforms, we can execute DDL that accomplishes the same end result without forcing downtime.
  current text: - For Oracle platforms, we leverage the DBMS_REDEFINITION package to make changes to objects without making any schema objects offline.
  continuation_score: 0.44
  new_boundary_score: 0.39
  Continuation evidence:
    sentence_continuation_score: 0.00
    lexical_continuation_score: 0.00
    capitalization_score: 0.05
    punctuation_score: 0.08
    spatial_proximity_score: 0.95
    alignment_score: 0.99
    typography_score: 0.61
    reading_order_score: 1.00
    page_continuation_score: 0.85
    role_compatibility_score: 0.60
  New boundary evidence:
    heading_change: 0.86
    structural_change: 0.55
    spacing_break: 0.05
    reading_region_change: 0.00
    table_boundary: 0.00
    role_change: 0.80
  Decision: KEEP_SEPARATE
  Confidence: 0.58
  Reason: Strong new prominent structure detected.
  Reason: Role change indicates a new logical unit.
  Reason: Structural pattern changed.
  Reason: Previous block does not look incomplete.

Continuation Decision:
  previous_block_id: 26_3_update_logical_block_0089
  current_block_id: 26_3_update_logical_block_0090
  previous page: 6
  current page: 6
  previous text: - For Oracle platforms, we leverage the DBMS_REDEFINITION package to make changes to objects without making any schema objects offline.
  current text: - For Microsoft SQL Server platforms, we leverage the "ONLINE" keyword to modify objects without bringing any schema objects offline.
  continuation_score: 0.46
  new_boundary_score: 0.44
  Continuation evidence:
    sentence_continuation_score: 0.00
    lexical_continuation_score: 0.00
    capitalization_score: 0.05
    punctuation_score: 0.08
    spatial_proximity_score: 0.97
    alignment_score: 0.97
    typography_score: 0.75
    reading_order_score: 1.00
    page_continuation_score: 0.85
    role_compatibility_score: 0.60
  New boundary evidence:
    heading_change: 0.86
    structural_change: 0.95
    spacing_break: 0.03
    reading_region_change: 0.00
    table_boundary: 0.00
    role_change: 0.80
  Decision: KEEP_SEPARATE
  Confidence: 0.95
  Reason: Parallel enumerated items share an opener class; keep separate.

Continuation Decision:
  previous_block_id: 26_3_update_logical_block_0090
  current_block_id: 26_3_update_logical_block_0091
  previous page: 6
  current page: 6
  previous text: - For Microsoft SQL Server platforms, we leverage the "ONLINE" keyword to modify objects without bringing any schema objects offline.
  current text: For more information on the technical details of these database-level capabilities, please refer to the Oracle or Microsoft documentation as appropriate.
  continuation_score: 0.22
  new_boundary_score: 0.53
  Continuation evidence:
    sentence_continuation_score: 0.00
    lexical_continuation_score: 0.00
    capitalization_score: 0.05
    punctuation_score: 0.08
    spatial_proximity_score: 0.28
    alignment_score: 0.40
    typography_score: 0.30
    reading_order_score: 1.00
    page_continuation_score: 0.30
    role_compatibility_score: 0.28
  New boundary evidence:
    heading_change: 0.86
    structural_change: 0.78
    spacing_break: 0.68
    reading_region_change: 0.00
    table_boundary: 0.00
    role_change: 0.80
  Decision: KEEP_SEPARATE
  Confidence: 0.76
  Reason: Strong new prominent structure detected.
  Reason: Significant spatial boundary.
  Reason: Role change indicates a new logical unit.
  Reason: Structural pattern changed.
  Reason: Previous block does not look incomplete.

Continuation Decision:
  previous_block_id: 26_3_update_logical_block_0091
  current_block_id: 26_3_update_logical_block_0092
  previous page: 6
  current page: 6
  previous text: For more information on the technical details of these database-level capabilities, please refer to the Oracle or Microsoft documentation as appropriate.
  current text: NOTE: This change is not applicable to either DB2 database platform.
  continuation_score: 0.22
  new_boundary_score: 0.26
  Continuation evidence:
    sentence_continuation_score: 0.00
    lexical_continuation_score: 0.00
    capitalization_score: 0.05
    punctuation_score: 0.08
    spatial_proximity_score: 0.28
    alignment_score: 0.40
    typography_score: 0.30
    reading_order_score: 1.00
    page_continuation_score: 0.30
    role_compatibility_score: 0.28
  New boundary evidence:
    heading_change: 0.00
    structural_change: 0.78
    spacing_break: 0.68
    reading_region_change: 0.00
    table_boundary: 0.00
    role_change: 0.20
  Decision: KEEP_SEPARATE
  Confidence: 0.57
  Reason: Significant spatial boundary.
  Reason: Structural pattern changed.
  Reason: Previous block does not look incomplete.

Continuation Decision:
  previous_block_id: 26_3_update_logical_block_0092
  current_block_id: 26_3_update_logical_block_0093
  previous page: 6
  current page: 6
  previous text: NOTE: This change is not applicable to either DB2 database platform.
  current text: Replacement of Obsolete Data Types from Oracle and MSSQL Databases Training on this feature is available onOracle University. This feature provides a utility to convert obsolete Column types, such as Oracle's LONG and Microsoft SQL Server's TEXT/NTEXT to their modern equivalents: CLOBs and VARCHAR(max)/NVARCHAR(max). The driver behind this is that the respective database vendors deprecated these data types a number of years ago and modern database engines are no longer being optimized for these older types. Replacing them with their modern equivalents will take advantage of their inherent benefits, such as greater data storage space, as well as future-proofing should either vendor ever elect to completely end support for these. • Database Upgrade Guide • Business Process Framework: Workfow Guide • Confguring Siebel Business Applications • Integration Platform Technologies: Siebel Enterprise Application Integration Guide No
  continuation_score: 0.30
  new_boundary_score: 0.59
  Continuation evidence:
    sentence_continuation_score: 0.00
    lexical_continuation_score: 0.00
    capitalization_score: 0.05
    punctuation_score: 0.08
    spatial_proximity_score: 1.00
    alignment_score: 0.23
    typography_score: 0.01
    reading_order_score: 1.00
    page_continuation_score: 0.85
    role_compatibility_score: 0.15
  New boundary evidence:
    heading_change: 0.78
    structural_change: 0.80
    spacing_break: 0.00
    reading_region_change: 0.00
    table_boundary: 1.00
    role_change: 0.90
  Decision: KEEP_SEPARATE
  Confidence: 0.95
  Reason: Structured record adjacent to non-record content.

Continuation Decision:
  previous_block_id: 26_3_update_logical_block_0093
  current_block_id: 26_3_update_logical_block_0094
  previous page: 6
  current page: 7
  previous text: Replacement of Obsolete Data Types from Oracle and MSSQL Databases Training on this feature is available onOracle University. This feature provides a utility to convert obsolete Column types, such as Oracle's LONG and Microsoft SQL Server's TEXT/NTEXT to their modern equivalents: CLOBs and VARCHAR(max)/NVARCHAR(max). The driver behind this is that the respective database vendors deprecated these data types a number of years ago and modern database engines are no longer being optimized for these older types. Replacing them with their modern equivalents will take advantage of their inherent benefits, such as greater data storage space, as well as future-proofing should either vendor ever elect to completely end support for these. • Database Upgrade Guide • Business Process Framework: Workfow Guide • Confguring Siebel Business Applications • Integration Platform Technologies: Siebel Enterprise Application Integration Guide No
  current text: Developer Experience: Web Tools Applet Method Menu Wizard NOTE: Please review the training material for important considerationsbefore running this utility. Training on this feature is available onOracle University. The Siebel Tools Applet Method Menu Wizard allows you to modify an Applet Method Menu. This wizard has been re-implemented in Web Tools allowing you to quickly modify Applet Menus. Training on this feature is available onOracle University. • Confguring Siebel Business Applications No
  continuation_score: 0.63
  new_boundary_score: 0.48
  Continuation evidence:
    sentence_continuation_score: 0.55
    lexical_continuation_score: 0.00
    capitalization_score: 0.25
    punctuation_score: 0.70
    spatial_proximity_score: 0.96
    alignment_score: 1.00
    typography_score: 0.62
    reading_order_score: 1.00
    page_continuation_score: 0.75
    role_compatibility_score: 0.60
  New boundary evidence:
    heading_change: 0.82
    structural_change: 0.00
    spacing_break: 0.04
    reading_region_change: 0.00
    table_boundary: 1.00
    role_change: 0.80
  Decision: KEEP_SEPARATE
  Confidence: 0.95
  Reason: Both blocks are structured records; table rows stay independent.

Continuation Decision:
  previous_block_id: 26_3_update_logical_block_0094
  current_block_id: 26_3_update_logical_block_0095
  previous page: 7
  current page: 7
  previous text: Developer Experience: Web Tools Applet Method Menu Wizard NOTE: Please review the training material for important considerationsbefore running this utility. Training on this feature is available onOracle University. The Siebel Tools Applet Method Menu Wizard allows you to modify an Applet Method Menu. This wizard has been re-implemented in Web Tools allowing you to quickly modify Applet Menus. Training on this feature is available onOracle University. • Confguring Siebel Business Applications No
  current text: Developer Experience: REST APIs for Workspaces REST APIs allow Workspaces to be called independently without the need for the Web Tools or Siebel Tools user interface allowing automation and diverse use-cases. The REST APIs will extend Developer automation capabilities and save time. • REST API Guide No
  continuation_score: 0.65
  new_boundary_score: 0.48
  Continuation evidence:
    sentence_continuation_score: 0.55
    lexical_continuation_score: 0.00
    capitalization_score: 0.25
    punctuation_score: 0.70
    spatial_proximity_score: 1.00
    alignment_score: 1.00
    typography_score: 0.75
    reading_order_score: 1.00
    page_continuation_score: 0.85
    role_compatibility_score: 0.60
  New boundary evidence:
    heading_change: 0.84
    structural_change: 0.00
    spacing_break: 0.00
    reading_region_change: 0.00
    table_boundary: 1.00
    role_change: 0.80
  Decision: KEEP_SEPARATE
  Confidence: 0.95
  Reason: Both blocks are structured records; table rows stay independent.

Continuation Decision:
  previous_block_id: 26_3_update_logical_block_0095
  current_block_id: 26_3_update_logical_block_0096
  previous page: 7
  current page: 7
  previous text: Developer Experience: REST APIs for Workspaces REST APIs allow Workspaces to be called independently without the need for the Web Tools or Siebel Tools user interface allowing automation and diverse use-cases. The REST APIs will extend Developer automation capabilities and save time. • REST API Guide No
  current text: • Create Workspace • Checkpoint Workspace • Revert Version • Delete Workspace • Submit for Delivery • UndoSubmit for Delivery • Deliver Workspace • Rebase Workspace • Cancel Rebase • Finish Rebase Training on this feature is available onOracle University.
  continuation_score: 0.65
  new_boundary_score: 0.33
  Continuation evidence:
    sentence_continuation_score: 0.55
    lexical_continuation_score: 0.00
    capitalization_score: 0.25
    punctuation_score: 0.70
    spatial_proximity_score: 1.00
    alignment_score: 1.00
    typography_score: 0.75
    reading_order_score: 1.00
    page_continuation_score: 0.85
    role_compatibility_score: 0.60
  New boundary evidence:
    heading_change: 0.84
    structural_change: 0.00
    spacing_break: 0.00
    reading_region_change: 0.00
    table_boundary: 0.15
    role_change: 0.80
  Decision: MERGE
  Confidence: 0.79
  Reason: Blocks are spatially close in the same reading region.
  Reason: Compatible horizontal alignment.
  Reason: Compatible typography.
  Reason: Compatible across page boundary.

Continuation Decision:
  previous_block_id: 26_3_update_logical_block_0096
  current_block_id: 26_3_update_logical_block_0097
  previous page: 7
  current page: 7
  previous text: • Create Workspace • Checkpoint Workspace • Revert Version • Delete Workspace • Submit for Delivery • UndoSubmit for Delivery • Deliver Workspace • Rebase Workspace • Cancel Rebase • Finish Rebase Training on this feature is available onOracle University.
  current text: Siebel Cloud Manager - Smarter Ingress Routing Siebel Cloud Manager introduces support for Traefik as part of a Kubernetes deployment, to ensure continued security, support, and modern ingress traffic management. Support for Traefik is necessary as NGINX Ingress reaches end-of- life (March 2026). Traefik provides automatic SSL management, dynamic service discovery, and faster routing updates, reducing operational complexity. Its cloud-native design improves observability, scalability, and maintainability, and provides for the easy adoption of the Kubernetes Gateway API (a flexible, multi-protocol way to manage traffic routing). This enhancement ensures Siebel CRM deployments on Kubernetes remain secure, • Siebel Cloud Manager
  continuation_score: 0.46
  new_boundary_score: 0.56
  Continuation evidence:
    sentence_continuation_score: 0.00
    lexical_continuation_score: 0.00
    capitalization_score: 0.05
    punctuation_score: 0.08
    spatial_proximity_score: 1.00
    alignment_score: 1.00
    typography_score: 0.75
    reading_order_score: 1.00
    page_continuation_score: 0.85
    role_compatibility_score: 0.60
  New boundary evidence:
    heading_change: 0.84
    structural_change: 0.55
    spacing_break: 0.00
    reading_region_change: 0.00
    table_boundary: 1.00
    role_change: 0.80
  Decision: KEEP_SEPARATE
  Confidence: 0.95
  Reason: Both blocks are structured records; table rows stay independent.

Continuation Decision:
  previous_block_id: 26_3_update_logical_block_0097
  current_block_id: 26_3_update_logical_block_0098
  previous page: 7
  current page: 8
  previous text: Siebel Cloud Manager - Smarter Ingress Routing Siebel Cloud Manager introduces support for Traefik as part of a Kubernetes deployment, to ensure continued security, support, and modern ingress traffic management. Support for Traefik is necessary as NGINX Ingress reaches end-of- life (March 2026). Traefik provides automatic SSL management, dynamic service discovery, and faster routing updates, reducing operational complexity. Its cloud-native design improves observability, scalability, and maintainability, and provides for the easy adoption of the Kubernetes Gateway API (a flexible, multi-protocol way to manage traffic routing). This enhancement ensures Siebel CRM deployments on Kubernetes remain secure, • Siebel Cloud Manager
  current text: reliable, and aligned with CNCF guiding principles.
  continuation_score: 0.70
  new_boundary_score: 0.32
  Continuation evidence:
    sentence_continuation_score: 0.92
    lexical_continuation_score: 0.00
    capitalization_score: 0.95
    punctuation_score: 0.70
    spatial_proximity_score: 0.96
    alignment_score: 0.22
    typography_score: 0.45
    reading_order_score: 1.00
    page_continuation_score: 0.75
    role_compatibility_score: 0.70
  New boundary evidence:
    heading_change: 0.00
    structural_change: 0.80
    spacing_break: 0.04
    reading_region_change: 0.00
    table_boundary: 1.00
    role_change: 0.20
  Decision: KEEP_SEPARATE
  Confidence: 0.95
  Reason: Structured record adjacent to non-record content.

Continuation Decision:
  previous_block_id: 26_3_update_logical_block_0098
  current_block_id: 26_3_update_logical_block_0099
  previous page: 8
  current page: 8
  previous text: reliable, and aligned with CNCF guiding principles.
  current text: Fixes in Siebel CRM 26.3
  continuation_score: 0.18
  new_boundary_score: 0.60
  Continuation evidence:
    sentence_continuation_score: 0.00
    lexical_continuation_score: 0.00
    capitalization_score: 0.05
    punctuation_score: 0.08
    spatial_proximity_score: 0.28
    alignment_score: 0.29
    typography_score: 0.05
    reading_order_score: 1.00
    page_continuation_score: 0.30
    role_compatibility_score: 0.15
  New boundary evidence:
    heading_change: 0.77
    structural_change: 0.78
    spacing_break: 0.68
    reading_region_change: 0.51
    table_boundary: 0.00
    role_change: 0.90
  Decision: KEEP_SEPARATE
  Confidence: 0.95
  Reason: Layout heading unit stays separate from following content.

Continuation Decision:
  previous_block_id: 26_3_update_logical_block_0099
  current_block_id: 26_3_update_logical_block_0100
  previous page: 8
  current page: 8
  previous text: Fixes in Siebel CRM 26.3
  current text: Product Name Reference Category Description Configuration Instructions
  continuation_score: 0.50
  new_boundary_score: 0.85
  Continuation evidence:
    sentence_continuation_score: 0.55
    lexical_continuation_score: 0.00
    capitalization_score: 0.25
    punctuation_score: 0.70
    spatial_proximity_score: 0.25
    alignment_score: 0.77
    typography_score: 0.40
    reading_order_score: 1.00
    page_continuation_score: 0.85
    role_compatibility_score: 0.60
  New boundary evidence:
    heading_change: 0.87
    structural_change: 0.80
    spacing_break: 0.75
    reading_region_change: 0.85
    table_boundary: 1.00
    role_change: 0.80
  Decision: KEEP_SEPARATE
  Confidence: 0.95
  Reason: Structured record adjacent to non-record content.

Continuation Decision:
  previous_block_id: 26_3_update_logical_block_0100
  current_block_id: 26_3_update_logical_block_0101
  previous page: 8
  current page: 8
  previous text: Product Name Reference Category Description Configuration Instructions
  current text: Siebel Apps - Clinical Trials Management System 38357102 Contact Enhances usability by splitting “Apply SVT” into “Apply SVT to Selected” and “Apply SVT to All,” reducing confusion and aligning with existing actions
  continuation_score: 0.65
  new_boundary_score: 0.48
  Continuation evidence:
    sentence_continuation_score: 0.55
    lexical_continuation_score: 0.00
    capitalization_score: 0.25
    punctuation_score: 0.70
    spatial_proximity_score: 1.00
    alignment_score: 1.00
    typography_score: 0.75
    reading_order_score: 1.00
    page_continuation_score: 0.85
    role_compatibility_score: 0.60
  New boundary evidence:
    heading_change: 0.87
    structural_change: 0.00
    spacing_break: 0.00
    reading_region_change: 0.00
    table_boundary: 1.00
    role_change: 0.80
  Decision: KEEP_SEPARATE
  Confidence: 0.95
  Reason: Both blocks are structured records; table rows stay independent.

Continuation Decision:
  previous_block_id: 26_3_update_logical_block_0101
  current_block_id: 26_3_update_logical_block_0102
  previous page: 8
  current page: 8
  previous text: Siebel Apps - Clinical Trials Management System 38357102 Contact Enhances usability by splitting “Apply SVT” into “Apply SVT to Selected” and “Apply SVT to All,” reducing confusion and aligning with existing actions
  current text: Siebel Apps - Clinical Trials Management System 38091478 Site Management Enhances Clinical One-CTMS integration by ensuring Site Account email addresses are captured and retained, preventing unintended overwrites and improving data consistency across systems
  continuation_score: 0.65
  new_boundary_score: 0.48
  Continuation evidence:
    sentence_continuation_score: 0.55
    lexical_continuation_score: 0.00
    capitalization_score: 0.25
    punctuation_score: 0.70
    spatial_proximity_score: 1.00
    alignment_score: 1.00
    typography_score: 0.75
    reading_order_score: 1.00
    page_continuation_score: 0.85
    role_compatibility_score: 0.60
  New boundary evidence:
    heading_change: 0.85
    structural_change: 0.00
    spacing_break: 0.00
    reading_region_change: 0.00
    table_boundary: 1.00
    role_change: 0.80
  Decision: KEEP_SEPARATE
  Confidence: 0.95
  Reason: Both blocks are structured records; table rows stay independent.

Continuation Decision:
  previous_block_id: 26_3_update_logical_block_0102
  current_block_id: 26_3_update_logical_block_0103
  previous page: 8
  current page: 8
  previous text: Siebel Apps - Clinical Trials Management System 38091478 Site Management Enhances Clinical One-CTMS integration by ensuring Site Account email addresses are captured and retained, preventing unintended overwrites and improving data consistency across systems
  current text: Siebel Apps - Clinical Trials Management System 38104111 Site Management Enhances usability of the Clinical Protocol Site Subjects List Applet by adding tooltips and confirmation dialogs to clarify the behavior of “Apply Version to Selected,” “Apply Version to All,” and “Apply SVT” actions
  continuation_score: 0.70
  new_boundary_score: 0.48
  Continuation evidence:
    sentence_continuation_score: 0.55
    lexical_continuation_score: 0.50
    capitalization_score: 0.25
    punctuation_score: 0.70
    spatial_proximity_score: 1.00
    alignment_score: 1.00
    typography_score: 0.75
    reading_order_score: 1.00
    page_continuation_score: 0.85
    role_compatibility_score: 0.60
  New boundary evidence:
    heading_change: 0.84
    structural_change: 0.00
    spacing_break: 0.00
    reading_region_change: 0.00
    table_boundary: 1.00
    role_change: 0.80
  Decision: KEEP_SEPARATE
  Confidence: 0.95
  Reason: Both blocks are structured records; table rows stay independent.

Continuation Decision:
  previous_block_id: 26_3_update_logical_block_0103
  current_block_id: 26_3_update_logical_block_0104
  previous page: 8
  current page: 8
  previous text: Siebel Apps - Clinical Trials Management System 38104111 Site Management Enhances usability of the Clinical Protocol Site Subjects List Applet by adding tooltips and confirmation dialogs to clarify the behavior of “Apply Version to Selected,” “Apply Version to All,” and “Apply SVT” actions
  current text: Siebel Apps - Clinical Trials Management System 38721778 Site Management Addresses an issue where the CRA Primary field on the Site Management screen did not display the correct primary user assigned to the site team.
  continuation_score: 0.65
  new_boundary_score: 0.48
  Continuation evidence:
    sentence_continuation_score: 0.55
    lexical_continuation_score: 0.00
    capitalization_score: 0.25
    punctuation_score: 0.70
    spatial_proximity_score: 1.00
    alignment_score: 1.00
    typography_score: 0.75
    reading_order_score: 1.00
    page_continuation_score: 0.85
    role_compatibility_score: 0.60
  New boundary evidence:
    heading_change: 0.85
    structural_change: 0.00
    spacing_break: 0.00
    reading_region_change: 0.00
    table_boundary: 1.00
    role_change: 0.80
  Decision: KEEP_SEPARATE
  Confidence: 0.95
  Reason: Both blocks are structured records; table rows stay independent.

Continuation Decision:
  previous_block_id: 26_3_update_logical_block_0104
  current_block_id: 26_3_update_logical_block_0105
  previous page: 8
  current page: 8
  previous text: Siebel Apps - Clinical Trials Management System 38721778 Site Management Addresses an issue where the CRA Primary field on the Site Management screen did not display the correct primary user assigned to the site team.
  current text: Siebel Apps - Clinical Trials Management System 38376840 Site Management Addresses issue where the SDV API incorrectly interprets visit names containing parentheses as dynamic visits because it does not check the Repeat Flag
  continuation_score: 0.46
  new_boundary_score: 0.56
  Continuation evidence:
    sentence_continuation_score: 0.00
    lexical_continuation_score: 0.00
    capitalization_score: 0.05
    punctuation_score: 0.08
    spatial_proximity_score: 1.00
    alignment_score: 1.00
    typography_score: 0.75
    reading_order_score: 1.00
    page_continuation_score: 0.85
    role_compatibility_score: 0.60
  New boundary evidence:
    heading_change: 0.85
    structural_change: 0.55
    spacing_break: 0.00
    reading_region_change: 0.00
    table_boundary: 1.00
    role_change: 0.80
  Decision: KEEP_SEPARATE
  Confidence: 0.95
  Reason: Both blocks are structured records; table rows stay independent.

Continuation Decision:
  previous_block_id: 26_3_update_logical_block_0105
  current_block_id: 26_3_update_logical_block_0106
  previous page: 8
  current page: 8
  previous text: Siebel Apps - Clinical Trials Management System 38376840 Site Management Addresses issue where the SDV API incorrectly interprets visit names containing parentheses as dynamic visits because it does not check the Repeat Flag
  current text: Siebel Apps - Clinical Trials Management System 38472842 Site Management Addresses an issue where a Completed Date was automatically populated after syncing from offline to online mode in Checklist Activities, even when no date was entered offline.
  continuation_score: 0.65
  new_boundary_score: 0.48
  Continuation evidence:
    sentence_continuation_score: 0.55
    lexical_continuation_score: 0.00
    capitalization_score: 0.25
    punctuation_score: 0.70
    spatial_proximity_score: 1.00
    alignment_score: 1.00
    typography_score: 0.75
    reading_order_score: 1.00
    page_continuation_score: 0.85
    role_compatibility_score: 0.60
  New boundary evidence:
    heading_change: 0.85
    structural_change: 0.00
    spacing_break: 0.00
    reading_region_change: 0.00
    table_boundary: 1.00
    role_change: 0.80
  Decision: KEEP_SEPARATE
  Confidence: 0.95
  Reason: Both blocks are structured records; table rows stay independent.

Continuation Decision:
  previous_block_id: 26_3_update_logical_block_0106
  current_block_id: 26_3_update_logical_block_0107
  previous page: 8
  current page: 8
  previous text: Siebel Apps - Clinical Trials Management System 38472842 Site Management Addresses an issue where a Completed Date was automatically populated after syncing from offline to online mode in Checklist Activities, even when no date was entered offline.
  current text: Siebel Apps - Clinical Trials Management System 38907876 Site Management Addresses an issue where dynamic visit repeat numbers were incorrectly displayed as “0” in Activities
  continuation_score: 0.46
  new_boundary_score: 0.56
  Continuation evidence:
    sentence_continuation_score: 0.00
    lexical_continuation_score: 0.00
    capitalization_score: 0.05
    punctuation_score: 0.08
    spatial_proximity_score: 1.00
    alignment_score: 1.00
    typography_score: 0.75
    reading_order_score: 1.00
    page_continuation_score: 0.85
    role_compatibility_score: 0.60
  New boundary evidence:
    heading_change: 0.85
    structural_change: 0.55
    spacing_break: 0.00
    reading_region_change: 0.00
    table_boundary: 1.00
    role_change: 0.80
  Decision: KEEP_SEPARATE
  Confidence: 0.95
  Reason: Both blocks are structured records; table rows stay independent.

Continuation Decision:
  previous_block_id: 26_3_update_logical_block_0107
  current_block_id: 26_3_update_logical_block_0108
  previous page: 8
  current page: 8
  previous text: Siebel Apps - Clinical Trials Management System 38907876 Site Management Addresses an issue where dynamic visit repeat numbers were incorrectly displayed as “0” in Activities
  current text: Siebel Apps - Clinical Trials 38105978 Site Management Enhances security and governance by restricting “Change SVT Version at Site” and “Apply SVT” actions to
  continuation_score: 0.65
  new_boundary_score: 0.48
  Continuation evidence:
    sentence_continuation_score: 0.55
    lexical_continuation_score: 0.00
    capitalization_score: 0.25
    punctuation_score: 0.70
    spatial_proximity_score: 1.00
    alignment_score: 1.00
    typography_score: 0.75
    reading_order_score: 1.00
    page_continuation_score: 0.85
    role_compatibility_score: 0.60
  New boundary evidence:
    heading_change: 0.86
    structural_change: 0.00
    spacing_break: 0.00
    reading_region_change: 0.00
    table_boundary: 1.00
    role_change: 0.80
  Decision: KEEP_SEPARATE
  Confidence: 0.95
  Reason: Both blocks are structured records; table rows stay independent.

Continuation Decision:
  previous_block_id: 26_3_update_logical_block_0108
  current_block_id: 26_3_update_logical_block_0109
  previous page: 8
  current page: 9
  previous text: Siebel Apps - Clinical Trials 38105978 Site Management Enhances security and governance by restricting “Change SVT Version at Site” and “Apply SVT” actions to
  current text: Management System Siebel Apps - Clinical Trials Management System 38472853 Site Management users with designated responsibility, ensuring only authorized users can perform these operations Addresses an issue in Mobile app where the Completed Date field in Checklist Activities was editable in offline mode but read-only in online mode.
  continuation_score: 0.68
  new_boundary_score: 0.49
  Continuation evidence:
    sentence_continuation_score: 0.55
    lexical_continuation_score: 0.50
    capitalization_score: 0.25
    punctuation_score: 0.70
    spatial_proximity_score: 0.97
    alignment_score: 0.95
    typography_score: 0.71
    reading_order_score: 1.00
    page_continuation_score: 0.75
    role_compatibility_score: 0.60
  New boundary evidence:
    heading_change: 0.86
    structural_change: 0.00
    spacing_break: 0.03
    reading_region_change: 0.00
    table_boundary: 1.00
    role_change: 0.80
  Decision: KEEP_SEPARATE
  Confidence: 0.95
  Reason: Both blocks are structured records; table rows stay independent.

Continuation Decision:
  previous_block_id: 26_3_update_logical_block_0109
  current_block_id: 26_3_update_logical_block_0110
  previous page: 9
  current page: 9
  previous text: Management System Siebel Apps - Clinical Trials Management System 38472853 Site Management users with designated responsibility, ensuring only authorized users can perform these operations Addresses an issue in Mobile app where the Completed Date field in Checklist Activities was editable in offline mode but read-only in online mode.
  current text: Siebel Apps - Clinical Trials Management System 37919326 Site Management Addresses an issue where Responsibility and Position fields in certain Clinical MVG applets could be edited, bypassing authorization controls.
  continuation_score: 0.46
  new_boundary_score: 0.56
  Continuation evidence:
    sentence_continuation_score: 0.00
    lexical_continuation_score: 0.00
    capitalization_score: 0.05
    punctuation_score: 0.08
    spatial_proximity_score: 1.00
    alignment_score: 1.00
    typography_score: 0.75
    reading_order_score: 1.00
    page_continuation_score: 0.85
    role_compatibility_score: 0.60
  New boundary evidence:
    heading_change: 0.85
    structural_change: 0.55
    spacing_break: 0.00
    reading_region_change: 0.00
    table_boundary: 1.00
    role_change: 0.80
  Decision: KEEP_SEPARATE
  Confidence: 0.95
  Reason: Both blocks are structured records; table rows stay independent.

Continuation Decision:
  previous_block_id: 26_3_update_logical_block_0110
  current_block_id: 26_3_update_logical_block_0111
  previous page: 9
  current page: 9
  previous text: Siebel Apps - Clinical Trials Management System 37919326 Site Management Addresses an issue where Responsibility and Position fields in certain Clinical MVG applets could be edited, bypassing authorization controls.
  current text: Siebel Apps - Clinical Trials Management System 38088625 Site Management Addresses an issue where changes to SVT version at the site level were not automatically propagated to associated subjects in Clinical One to CTMS integration, requiring manual user action and risking version inconsistencies
  continuation_score: 0.46
  new_boundary_score: 0.56
  Continuation evidence:
    sentence_continuation_score: 0.00
    lexical_continuation_score: 0.00
    capitalization_score: 0.05
    punctuation_score: 0.08
    spatial_proximity_score: 1.00
    alignment_score: 1.00
    typography_score: 0.75
    reading_order_score: 1.00
    page_continuation_score: 0.85
    role_compatibility_score: 0.60
  New boundary evidence:
    heading_change: 0.85
    structural_change: 0.55
    spacing_break: 0.00
    reading_region_change: 0.00
    table_boundary: 1.00
    role_change: 0.80
  Decision: KEEP_SEPARATE
  Confidence: 0.95
  Reason: Both blocks are structured records; table rows stay independent.

Continuation Decision:
  previous_block_id: 26_3_update_logical_block_0111
  current_block_id: 26_3_update_logical_block_0112
  previous page: 9
  current page: 9
  previous text: Siebel Apps - Clinical Trials Management System 38088625 Site Management Addresses an issue where changes to SVT version at the site level were not automatically propagated to associated subjects in Clinical One to CTMS integration, requiring manual user action and risking version inconsistencies
  current text: Siebel Apps - Clinical Trials Management System 38104008 Site Management HANDLE ORPHANED SUBJECTS W.R.T. CTMS-C1 INTEGRATION
  continuation_score: 0.65
  new_boundary_score: 0.48
  Continuation evidence:
    sentence_continuation_score: 0.55
    lexical_continuation_score: 0.00
    capitalization_score: 0.25
    punctuation_score: 0.70
    spatial_proximity_score: 1.00
    alignment_score: 1.00
    typography_score: 0.75
    reading_order_score: 1.00
    page_continuation_score: 0.85
    role_compatibility_score: 0.60
  New boundary evidence:
    heading_change: 0.86
    structural_change: 0.00
    spacing_break: 0.00
    reading_region_change: 0.00
    table_boundary: 1.00
    role_change: 0.80
  Decision: KEEP_SEPARATE
  Confidence: 0.95
  Reason: Both blocks are structured records; table rows stay independent.

Continuation Decision:
  previous_block_id: 26_3_update_logical_block_0112
  current_block_id: 26_3_update_logical_block_0113
  previous page: 9
  current page: 9
  previous text: Siebel Apps - Clinical Trials Management System 38104008 Site Management HANDLE ORPHANED SUBJECTS W.R.T. CTMS-C1 INTEGRATION
  current text: Siebel Apps - Clinical Trials Management System 38375441 Site Management Addresses issue where the LS Clinical Subject Visit Plan API incorrectly handles parentheses in visit names as dynamic visits without checking the Visit Repeat Flag, causing parsing errors.
  continuation_score: 0.65
  new_boundary_score: 0.48
  Continuation evidence:
    sentence_continuation_score: 0.55
    lexical_continuation_score: 0.00
    capitalization_score: 0.25
    punctuation_score: 0.70
    spatial_proximity_score: 1.00
    alignment_score: 1.00
    typography_score: 0.75
    reading_order_score: 1.00
    page_continuation_score: 0.85
    role_compatibility_score: 0.60
  New boundary evidence:
    heading_change: 0.86
    structural_change: 0.00
    spacing_break: 0.00
    reading_region_change: 0.00
    table_boundary: 1.00
    role_change: 0.80
  Decision: KEEP_SEPARATE
  Confidence: 0.95
  Reason: Both blocks are structured records; table rows stay independent.

Continuation Decision:
  previous_block_id: 26_3_update_logical_block_0113
  current_block_id: 26_3_update_logical_block_0114
  previous page: 9
  current page: 9
  previous text: Siebel Apps - Clinical Trials Management System 38375441 Site Management Addresses issue where the LS Clinical Subject Visit Plan API incorrectly handles parentheses in visit names as dynamic visits without checking the Visit Repeat Flag, causing parsing errors.
  current text: Siebel Apps - Clinical Trials Management System 38141228 Site Management Addresses an issue with Mobile SmartScripts displaying question numbers inconsistently in Clinical TripReport SmartScripts.
  continuation_score: 0.46
  new_boundary_score: 0.56
  Continuation evidence:
    sentence_continuation_score: 0.00
    lexical_continuation_score: 0.00
    capitalization_score: 0.05
    punctuation_score: 0.08
    spatial_proximity_score: 1.00
    alignment_score: 1.00
    typography_score: 0.75
    reading_order_score: 1.00
    page_continuation_score: 0.85
    role_compatibility_score: 0.60
  New boundary evidence:
    heading_change: 0.85
    structural_change: 0.55
    spacing_break: 0.00
    reading_region_change: 0.00
    table_boundary: 1.00
    role_change: 0.80
  Decision: KEEP_SEPARATE
  Confidence: 0.95
  Reason: Both blocks are structured records; table rows stay independent.

Continuation Decision:
  previous_block_id: 26_3_update_logical_block_0114
  current_block_id: 26_3_update_logical_block_0115
  previous page: 9
  current page: 9
  previous text: Siebel Apps - Clinical Trials Management System 38141228 Site Management Addresses an issue with Mobile SmartScripts displaying question numbers inconsistently in Clinical TripReport SmartScripts.
  current text: Siebel Apps - Clinical Trials Management System 38907819 Site Management Addresses an issue where the subject status date in the Protocol Subject tab was displayed one day earlier than the actual date.
  continuation_score: 0.46
  new_boundary_score: 0.56
  Continuation evidence:
    sentence_continuation_score: 0.00
    lexical_continuation_score: 0.00
    capitalization_score: 0.05
    punctuation_score: 0.08
    spatial_proximity_score: 1.00
    alignment_score: 1.00
    typography_score: 0.75
    reading_order_score: 1.00
    page_continuation_score: 0.85
    role_compatibility_score: 0.60
  New boundary evidence:
    heading_change: 0.85
    structural_change: 0.55
    spacing_break: 0.00
    reading_region_change: 0.00
    table_boundary: 1.00
    role_change: 0.80
  Decision: KEEP_SEPARATE
  Confidence: 0.95
  Reason: Both blocks are structured records; table rows stay independent.

Continuation Decision:
  previous_block_id: 26_3_update_logical_block_0115
  current_block_id: 26_3_update_logical_block_0116
  previous page: 9
  current page: 9
  previous text: Siebel Apps - Clinical Trials Management System 38907819 Site Management Addresses an issue where the subject status date in the Protocol Subject tab was displayed one day earlier than the actual date.
  current text: Siebel Apps - Clinical Trials Management System 35982623 Site Management Addresses an issue where users not assigned to a site visit could access visit details via alternate navigation paths
  continuation_score: 0.46
  new_boundary_score: 0.56
  Continuation evidence:
    sentence_continuation_score: 0.00
    lexical_continuation_score: 0.00
    capitalization_score: 0.05
    punctuation_score: 0.08
    spatial_proximity_score: 1.00
    alignment_score: 1.00
    typography_score: 0.75
    reading_order_score: 1.00
    page_continuation_score: 0.85
    role_compatibility_score: 0.60
  New boundary evidence:
    heading_change: 0.85
    structural_change: 0.55
    spacing_break: 0.00
    reading_region_change: 0.00
    table_boundary: 1.00
    role_change: 0.80
  Decision: KEEP_SEPARATE
  Confidence: 0.95
  Reason: Both blocks are structured records; table rows stay independent.

Continuation Decision:
  previous_block_id: 26_3_update_logical_block_0116
  current_block_id: 26_3_update_logical_block_0117
  previous page: 9
  current page: 9
  previous text: Siebel Apps - Clinical Trials Management System 35982623 Site Management Addresses an issue where users not assigned to a site visit could access visit details via alternate navigation paths
  current text: Siebel Apps - Clinical Trials Management System 38152283 Site Management Addresses issue where fields on the Visit Plan business component did not properly enforce record-level read-only behavior, allowing fields to appear editable and resulting in update errors.
  continuation_score: 0.65
  new_boundary_score: 0.48
  Continuation evidence:
    sentence_continuation_score: 0.55
    lexical_continuation_score: 0.00
    capitalization_score: 0.25
    punctuation_score: 0.70
    spatial_proximity_score: 1.00
    alignment_score: 1.00
    typography_score: 0.75
    reading_order_score: 1.00
    page_continuation_score: 0.85
    role_compatibility_score: 0.60
  New boundary evidence:
    heading_change: 0.85
    structural_change: 0.00
    spacing_break: 0.00
    reading_region_change: 0.00
    table_boundary: 1.00
    role_change: 0.80
  Decision: KEEP_SEPARATE
  Confidence: 0.95
  Reason: Both blocks are structured records; table rows stay independent.

Continuation Decision:
  previous_block_id: 26_3_update_logical_block_0117
  current_block_id: 26_3_update_logical_block_0118
  previous page: 9
  current page: 10
  previous text: Siebel Apps - Clinical Trials Management System 38152283 Site Management Addresses issue where fields on the Visit Plan business component did not properly enforce record-level read-only behavior, allowing fields to appear editable and resulting in update errors.
  current text: Siebel Apps - Clinical Trials Management System 38390917 Site Management Addresses an issue where parentheses were not supported on creation of dynamic Visits
  continuation_score: 0.43
  new_boundary_score: 0.66
  Continuation evidence:
    sentence_continuation_score: 0.00
    lexical_continuation_score: 0.00
    capitalization_score: 0.05
    punctuation_score: 0.08
    spatial_proximity_score: 0.97
    alignment_score: 1.00
    typography_score: 0.70
    reading_order_score: 1.00
    page_continuation_score: 0.35
    role_compatibility_score: 0.60
  New boundary evidence:
    heading_change: 0.86
    structural_change: 0.55
    spacing_break: 0.55
    reading_region_change: 0.00
    table_boundary: 1.00
    role_change: 0.80
  Decision: KEEP_SEPARATE
  Confidence: 0.95
  Reason: Both blocks are structured records; table rows stay independent.

Continuation Decision:
  previous_block_id: 26_3_update_logical_block_0118
  current_block_id: 26_3_update_logical_block_0119
  previous page: 10
  current page: 10
  previous text: Siebel Apps - Clinical Trials Management System 38390917 Site Management Addresses an issue where parentheses were not supported on creation of dynamic Visits
  current text: Siebel Apps - Clinical Trials Management System 38208060 Site Management Enhances notification capabilities by extending SVT integration email alerts to include Protocol team members, ensuring broader awareness when SVT versions are received from Clinical One into CTMS.
  continuation_score: 0.65
  new_boundary_score: 0.48
  Continuation evidence:
    sentence_continuation_score: 0.55
    lexical_continuation_score: 0.00
    capitalization_score: 0.25
    punctuation_score: 0.70
    spatial_proximity_score: 1.00
    alignment_score: 1.00
    typography_score: 0.75
    reading_order_score: 1.00
    page_continuation_score: 0.85
    role_compatibility_score: 0.60
  New boundary evidence:
    heading_change: 0.86
    structural_change: 0.00
    spacing_break: 0.00
    reading_region_change: 0.00
    table_boundary: 1.00
    role_change: 0.80
  Decision: KEEP_SEPARATE
  Confidence: 0.95
  Reason: Both blocks are structured records; table rows stay independent.

Continuation Decision:
  previous_block_id: 26_3_update_logical_block_0119
  current_block_id: 26_3_update_logical_block_0120
  previous page: 10
  current page: 10
  previous text: Siebel Apps - Clinical Trials Management System 38208060 Site Management Enhances notification capabilities by extending SVT integration email alerts to include Protocol team members, ensuring broader awareness when SVT versions are received from Clinical One into CTMS.
  current text: Siebel Apps - Clinical Trials Management System 38419875 Site Management Addresses an enhancement to ensure Site Visit records become read-only after a Visit Report is submitted for review.
  continuation_score: 0.46
  new_boundary_score: 0.56
  Continuation evidence:
    sentence_continuation_score: 0.00
    lexical_continuation_score: 0.00
    capitalization_score: 0.05
    punctuation_score: 0.08
    spatial_proximity_score: 1.00
    alignment_score: 1.00
    typography_score: 0.75
    reading_order_score: 1.00
    page_continuation_score: 0.85
    role_compatibility_score: 0.60
  New boundary evidence:
    heading_change: 0.85
    structural_change: 0.55
    spacing_break: 0.00
    reading_region_change: 0.00
    table_boundary: 1.00
    role_change: 0.80
  Decision: KEEP_SEPARATE
  Confidence: 0.95
  Reason: Both blocks are structured records; table rows stay independent.

Continuation Decision:
  previous_block_id: 26_3_update_logical_block_0120
  current_block_id: 26_3_update_logical_block_0121
  previous page: 10
  current page: 10
  previous text: Siebel Apps - Clinical Trials Management System 38419875 Site Management Addresses an enhancement to ensure Site Visit records become read-only after a Visit Report is submitted for review.
  current text: Siebel Apps - Clinical Trials Management System 38390240 Site Management Addresses scenario where the SDV API loads the CRF record for the incorrect repeat number for unschedulable dynamic visits
  continuation_score: 0.46
  new_boundary_score: 0.56
  Continuation evidence:
    sentence_continuation_score: 0.00
    lexical_continuation_score: 0.00
    capitalization_score: 0.05
    punctuation_score: 0.08
    spatial_proximity_score: 1.00
    alignment_score: 1.00
    typography_score: 0.75
    reading_order_score: 1.00
    page_continuation_score: 0.85
    role_compatibility_score: 0.60
  New boundary evidence:
    heading_change: 0.85
    structural_change: 0.55
    spacing_break: 0.00
    reading_region_change: 0.00
    table_boundary: 1.00
    role_change: 0.80
  Decision: KEEP_SEPARATE
  Confidence: 0.95
  Reason: Both blocks are structured records; table rows stay independent.

Continuation Decision:
  previous_block_id: 26_3_update_logical_block_0121
  current_block_id: 26_3_update_logical_block_0122
  previous page: 10
  current page: 10
  previous text: Siebel Apps - Clinical Trials Management System 38390240 Site Management Addresses scenario where the SDV API loads the CRF record for the incorrect repeat number for unschedulable dynamic visits
  current text: Siebel Apps - Customer Order Management 38612771 Product Administration After deleting old versions of customizable product using business service "SWI Cfg Object Broker" method "RemoveOldReleasedVersions", product administrator can copy the product successfully without getting SBL-DAT-00215 error.
  continuation_score: 0.65
  new_boundary_score: 0.48
  Continuation evidence:
    sentence_continuation_score: 0.55
    lexical_continuation_score: 0.00
    capitalization_score: 0.25
    punctuation_score: 0.70
    spatial_proximity_score: 1.00
    alignment_score: 1.00
    typography_score: 0.75
    reading_order_score: 1.00
    page_continuation_score: 0.85
    role_compatibility_score: 0.60
  New boundary evidence:
    heading_change: 0.85
    structural_change: 0.00
    spacing_break: 0.00
    reading_region_change: 0.00
    table_boundary: 1.00
    role_change: 0.80
  Decision: KEEP_SEPARATE
  Confidence: 0.95
  Reason: Both blocks are structured records; table rows stay independent.

Continuation Decision:
  previous_block_id: 26_3_update_logical_block_0122
  current_block_id: 26_3_update_logical_block_0123
  previous page: 10
  current page: 10
  previous text: Siebel Apps - Customer Order Management 38612771 Product Administration After deleting old versions of customizable product using business service "SWI Cfg Object Broker" method "RemoveOldReleasedVersions", product administrator can copy the product successfully without getting SBL-DAT-00215 error.
  current text: Siebel CRM Deployment 38089901 Application Interface Siebel uses only serverAuth EKU for SSL connections
  continuation_score: 0.46
  new_boundary_score: 0.56
  Continuation evidence:
    sentence_continuation_score: 0.00
    lexical_continuation_score: 0.00
    capitalization_score: 0.05
    punctuation_score: 0.08
    spatial_proximity_score: 1.00
    alignment_score: 1.00
    typography_score: 0.75
    reading_order_score: 1.00
    page_continuation_score: 0.85
    role_compatibility_score: 0.60
  New boundary evidence:
    heading_change: 0.86
    structural_change: 0.55
    spacing_break: 0.00
    reading_region_change: 0.00
    table_boundary: 1.00
    role_change: 0.80
  Decision: KEEP_SEPARATE
  Confidence: 0.95
  Reason: Both blocks are structured records; table rows stay independent.

Continuation Decision:
  previous_block_id: 26_3_update_logical_block_0123
  current_block_id: 26_3_update_logical_block_0124
  previous page: 10
  current page: 10
  previous text: Siebel CRM Deployment 38089901 Application Interface Siebel uses only serverAuth EKU for SSL connections
  current text: Siebel CRM Deployment 37167823 Database Upgrade This bug fix ensures that the obsolete column types LONG (Oracle) and (N)TEXT (MSSQL) are converted to the supported CLOB and (N)VARCHAR(max) data types during Upgrades as appropriate for that databaseplatform.
  continuation_score: 0.65
  new_boundary_score: 0.48
  Continuation evidence:
    sentence_continuation_score: 0.55
    lexical_continuation_score: 0.00
    capitalization_score: 0.25
    punctuation_score: 0.70
    spatial_proximity_score: 1.00
    alignment_score: 1.00
    typography_score: 0.75
    reading_order_score: 1.00
    page_continuation_score: 0.85
    role_compatibility_score: 0.60
  New boundary evidence:
    heading_change: 0.86
    structural_change: 0.00
    spacing_break: 0.00
    reading_region_change: 0.00
    table_boundary: 1.00
    role_change: 0.80
  Decision: KEEP_SEPARATE
  Confidence: 0.95
  Reason: Both blocks are structured records; table rows stay independent.

Continuation Decision:
  previous_block_id: 26_3_update_logical_block_0124
  current_block_id: 26_3_update_logical_block_0125
  previous page: 10
  current page: 10
  previous text: Siebel CRM Deployment 37167823 Database Upgrade This bug fix ensures that the obsolete column types LONG (Oracle) and (N)TEXT (MSSQL) are converted to the supported CLOB and (N)VARCHAR(max) data types during Upgrades as appropriate for that databaseplatform.
  current text: Siebel CRM Deployment 31589382 Database Upgrade This fix changes the way that schema modifications are applied to allow for tables and indexes to remain in use during the application of the changes during, for example, Migration. This change applies to Oracle and MSSQL database platforms only.
  continuation_score: 0.46
  new_boundary_score: 0.56
  Continuation evidence:
    sentence_continuation_score: 0.00
    lexical_continuation_score: 0.00
    capitalization_score: 0.05
    punctuation_score: 0.08
    spatial_proximity_score: 1.00
    alignment_score: 1.00
    typography_score: 0.75
    reading_order_score: 1.00
    page_continuation_score: 0.85
    role_compatibility_score: 0.60
  New boundary evidence:
    heading_change: 0.84
    structural_change: 0.55
    spacing_break: 0.00
    reading_region_change: 0.00
    table_boundary: 1.00
    role_change: 0.80
  Decision: KEEP_SEPARATE
  Confidence: 0.95
  Reason: Both blocks are structured records; table rows stay independent.

Continuation Decision:
  previous_block_id: 26_3_update_logical_block_0125
  current_block_id: 26_3_update_logical_block_0126
  previous page: 10
  current page: 10
  previous text: Siebel CRM Deployment 31589382 Database Upgrade This fix changes the way that schema modifications are applied to allow for tables and indexes to remain in use during the application of the changes during, for example, Migration. This change applies to Oracle and MSSQL database platforms only.
  current text: Siebel CRM Deployment 38772851 Installation Addressed IBMJCE Migration Issue related to decryption Error. (Part 2)
  continuation_score: 0.46
  new_boundary_score: 0.56
  Continuation evidence:
    sentence_continuation_score: 0.00
    lexical_continuation_score: 0.00
    capitalization_score: 0.05
    punctuation_score: 0.08
    spatial_proximity_score: 1.00
    alignment_score: 1.00
    typography_score: 0.75
    reading_order_score: 1.00
    page_continuation_score: 0.85
    role_compatibility_score: 0.60
  New boundary evidence:
    heading_change: 0.86
    structural_change: 0.55
    spacing_break: 0.00
    reading_region_change: 0.00
    table_boundary: 1.00
    role_change: 0.80
  Decision: KEEP_SEPARATE
  Confidence: 0.95
  Reason: Both blocks are structured records; table rows stay independent.

Continuation Decision:
  previous_block_id: 26_3_update_logical_block_0126
  current_block_id: 26_3_update_logical_block_0127
  previous page: 10
  current page: 10
  previous text: Siebel CRM Deployment 38772851 Installation Addressed IBMJCE Migration Issue related to decryption Error. (Part 2)
  current text: Siebel CRM Deployment 38729891 Installation Add Support erverAuth using EKU In Siebel Certificates
  continuation_score: 0.65
  new_boundary_score: 0.48
  Continuation evidence:
    sentence_continuation_score: 0.55
    lexical_continuation_score: 0.00
    capitalization_score: 0.25
    punctuation_score: 0.70
    spatial_proximity_score: 1.00
    alignment_score: 1.00
    typography_score: 0.75
    reading_order_score: 1.00
    page_continuation_score: 0.85
    role_compatibility_score: 0.60
  New boundary evidence:
    heading_change: 0.86
    structural_change: 0.00
    spacing_break: 0.00
    reading_region_change: 0.00
    table_boundary: 1.00
    role_change: 0.80
  Decision: KEEP_SEPARATE
  Confidence: 0.95
  Reason: Both blocks are structured records; table rows stay independent.

Continuation Decision:
  previous_block_id: 26_3_update_logical_block_0127
  current_block_id: 26_3_update_logical_block_0128
  previous page: 10
  current page: 11
  previous text: Siebel CRM Deployment 38729891 Installation Add Support erverAuth using EKU In Siebel Certificates
  current text: Siebel CRM Deployment 38633633 Installation Improved the ability to use default ports during Install.
  continuation_score: 0.64
  new_boundary_score: 0.49
  Continuation evidence:
    sentence_continuation_score: 0.55
    lexical_continuation_score: 0.00
    capitalization_score: 0.25
    punctuation_score: 0.70
    spatial_proximity_score: 0.96
    alignment_score: 1.00
    typography_score: 0.73
    reading_order_score: 1.00
    page_continuation_score: 0.75
    role_compatibility_score: 0.60
  New boundary evidence:
    heading_change: 0.86
    structural_change: 0.00
    spacing_break: 0.04
    reading_region_change: 0.00
    table_boundary: 1.00
    role_change: 0.80
  Decision: KEEP_SEPARATE
  Confidence: 0.95
  Reason: Both blocks are structured records; table rows stay independent.

Continuation Decision:
  previous_block_id: 26_3_update_logical_block_0128
  current_block_id: 26_3_update_logical_block_0129
  previous page: 11
  current page: 11
  previous text: Siebel CRM Deployment 38633633 Installation Improved the ability to use default ports during Install.
  current text: Siebel CRM Deployment 38571707 Installation Addressed IBMJCE Migration Issue related to decryption Error.
  continuation_score: 0.46
  new_boundary_score: 0.56
  Continuation evidence:
    sentence_continuation_score: 0.00
    lexical_continuation_score: 0.00
    capitalization_score: 0.05
    punctuation_score: 0.08
    spatial_proximity_score: 1.00
    alignment_score: 1.00
    typography_score: 0.75
    reading_order_score: 1.00
    page_continuation_score: 0.85
    role_compatibility_score: 0.60
  New boundary evidence:
    heading_change: 0.86
    structural_change: 0.55
    spacing_break: 0.00
    reading_region_change: 0.00
    table_boundary: 1.00
    role_change: 0.80
  Decision: KEEP_SEPARATE
  Confidence: 0.95
  Reason: Both blocks are structured records; table rows stay independent.

Continuation Decision:
  previous_block_id: 26_3_update_logical_block_0129
  current_block_id: 26_3_update_logical_block_0130
  previous page: 11
  current page: 11
  previous text: Siebel CRM Deployment 38571707 Installation Addressed IBMJCE Migration Issue related to decryption Error.
  current text: Siebel CRM Deployment 38721251 Installation Improved ODBCSQL Connection Support for AIX 7.3
  continuation_score: 0.46
  new_boundary_score: 0.56
  Continuation evidence:
    sentence_continuation_score: 0.00
    lexical_continuation_score: 0.00
    capitalization_score: 0.05
    punctuation_score: 0.08
    spatial_proximity_score: 1.00
    alignment_score: 1.00
    typography_score: 0.75
    reading_order_score: 1.00
    page_continuation_score: 0.85
    role_compatibility_score: 0.60
  New boundary evidence:
    heading_change: 0.86
    structural_change: 0.55
    spacing_break: 0.00
    reading_region_change: 0.00
    table_boundary: 1.00
    role_change: 0.80
  Decision: KEEP_SEPARATE
  Confidence: 0.95
  Reason: Both blocks are structured records; table rows stay independent.

Continuation Decision:
  previous_block_id: 26_3_update_logical_block_0130
  current_block_id: 26_3_update_logical_block_0131
  previous page: 11
  current page: 11
  previous text: Siebel CRM Deployment 38721251 Installation Improved ODBCSQL Connection Support for AIX 7.3
  current text: Siebel CRM Deployment 38883351 Installation Consolidated Outlook_addin Installation to be delivered as part of WebClient installation.
  continuation_score: 0.65
  new_boundary_score: 0.48
  Continuation evidence:
    sentence_continuation_score: 0.55
    lexical_continuation_score: 0.00
    capitalization_score: 0.25
    punctuation_score: 0.70
    spatial_proximity_score: 1.00
    alignment_score: 1.00
    typography_score: 0.75
    reading_order_score: 1.00
    page_continuation_score: 0.85
    role_compatibility_score: 0.60
  New boundary evidence:
    heading_change: 0.86
    structural_change: 0.00
    spacing_break: 0.00
    reading_region_change: 0.00
    table_boundary: 1.00
    role_change: 0.80
  Decision: KEEP_SEPARATE
  Confidence: 0.95
  Reason: Both blocks are structured records; table rows stay independent.

Continuation Decision:
  previous_block_id: 26_3_update_logical_block_0131
  current_block_id: 26_3_update_logical_block_0132
  previous page: 11
  current page: 11
  previous text: Siebel CRM Deployment 38883351 Installation Consolidated Outlook_addin Installation to be delivered as part of WebClient installation.
  current text: Siebel CRM Deployment 38876681 Migration Restores the Application Data Migration service for Migration. Note that this allows its use during Migration, but does not restore the administrative views. Application Data Migration with Transformation is not restored nor are there any plans to do so.
  continuation_score: 0.46
  new_boundary_score: 0.56
  Continuation evidence:
    sentence_continuation_score: 0.00
    lexical_continuation_score: 0.00
    capitalization_score: 0.05
    punctuation_score: 0.08
    spatial_proximity_score: 1.00
    alignment_score: 1.00
    typography_score: 0.75
    reading_order_score: 1.00
    page_continuation_score: 0.85
    role_compatibility_score: 0.60
  New boundary evidence:
    heading_change: 0.86
    structural_change: 0.55
    spacing_break: 0.00
    reading_region_change: 0.00
    table_boundary: 1.00
    role_change: 0.80
  Decision: KEEP_SEPARATE
  Confidence: 0.95
  Reason: Both blocks are structured records; table rows stay independent.

Continuation Decision:
  previous_block_id: 26_3_update_logical_block_0132
  current_block_id: 26_3_update_logical_block_0133
  previous page: 11
  current page: 11
  previous text: Siebel CRM Deployment 38876681 Migration Restores the Application Data Migration service for Migration. Note that this allows its use during Migration, but does not restore the administrative views. Application Data Migration with Transformation is not restored nor are there any plans to do so.
  current text: Siebel CRM Deployment 30501821 Repository Utilities Eliminates a problem where tables are not regranted permissions when Migration is run, reducing the time required to run Migration.
  continuation_score: 0.46
  new_boundary_score: 0.56
  Continuation evidence:
    sentence_continuation_score: 0.00
    lexical_continuation_score: 0.00
    capitalization_score: 0.05
    punctuation_score: 0.08
    spatial_proximity_score: 1.00
    alignment_score: 1.00
    typography_score: 0.75
    reading_order_score: 1.00
    page_continuation_score: 0.85
    role_compatibility_score: 0.60
  New boundary evidence:
    heading_change: 0.85
    structural_change: 0.55
    spacing_break: 0.00
    reading_region_change: 0.00
    table_boundary: 1.00
    role_change: 0.80
  Decision: KEEP_SEPARATE
  Confidence: 0.95
  Reason: Both blocks are structured records; table rows stay independent.

Continuation Decision:
  previous_block_id: 26_3_update_logical_block_0133
  current_block_id: 26_3_update_logical_block_0134
  previous page: 11
  current page: 11
  previous text: Siebel CRM Deployment 30501821 Repository Utilities Eliminates a problem where tables are not regranted permissions when Migration is run, reducing the time required to run Migration.
  current text: Siebel CRM Development 38698788 Workflow When purging Workflow Process instance records, those with no End Date specified can still be purged where previously they were not. In addition, a new method has been introduced to remove orphaned records from the purge process. _* This fixed bug was previously_ _documented as a Known Issue *_
  continuation_score: 0.46
  new_boundary_score: 0.56
  Continuation evidence:
    sentence_continuation_score: 0.00
    lexical_continuation_score: 0.00
    capitalization_score: 0.05
    punctuation_score: 0.08
    spatial_proximity_score: 1.00
    alignment_score: 1.00
    typography_score: 0.75
    reading_order_score: 1.00
    page_continuation_score: 0.85
    role_compatibility_score: 0.60
  New boundary evidence:
    heading_change: 0.85
    structural_change: 0.55
    spacing_break: 0.00
    reading_region_change: 0.00
    table_boundary: 1.00
    role_change: 0.80
  Decision: KEEP_SEPARATE
  Confidence: 0.95
  Reason: Both blocks are structured records; table rows stay independent.

Continuation Decision:
  previous_block_id: 26_3_update_logical_block_0134
  current_block_id: 26_3_update_logical_block_0135
  previous page: 11
  current page: 11
  previous text: Siebel CRM Development 38698788 Workflow When purging Workflow Process instance records, those with no End Date specified can still be purged where previously they were not. In addition, a new method has been introduced to remove orphaned records from the purge process. _* This fixed bug was previously_ _documented as a Known Issue *_
  current text: Siebel CRM Development 38663266 Workflow When creating or updating database triggers, the Generate Triggers component will now be able to create ANSI-compliant triggers.
  continuation_score: 0.65
  new_boundary_score: 0.48
  Continuation evidence:
    sentence_continuation_score: 0.55
    lexical_continuation_score: 0.00
    capitalization_score: 0.25
    punctuation_score: 0.70
    spatial_proximity_score: 1.00
    alignment_score: 1.00
    typography_score: 0.75
    reading_order_score: 1.00
    page_continuation_score: 0.85
    role_compatibility_score: 0.60
  New boundary evidence:
    heading_change: 0.85
    structural_change: 0.00
    spacing_break: 0.00
    reading_region_change: 0.00
    table_boundary: 1.00
    role_change: 0.80
  Decision: KEEP_SEPARATE
  Confidence: 0.95
  Reason: Both blocks are structured records; table rows stay independent.

Continuation Decision:
  previous_block_id: 26_3_update_logical_block_0135
  current_block_id: 26_3_update_logical_block_0136
  previous page: 11
  current page: 11
  previous text: Siebel CRM Development 38663266 Workflow When creating or updating database triggers, the Generate Triggers component will now be able to create ANSI-compliant triggers.
  current text: Siebel CRM Development 38142176 Workflow The Purge button on the Workflow Process Instance Admin View will correctly purge instances of Workflow Processes that have completed.
  continuation_score: 0.46
  new_boundary_score: 0.56
  Continuation evidence:
    sentence_continuation_score: 0.00
    lexical_continuation_score: 0.00
    capitalization_score: 0.05
    punctuation_score: 0.08
    spatial_proximity_score: 1.00
    alignment_score: 1.00
    typography_score: 0.75
    reading_order_score: 1.00
    page_continuation_score: 0.85
    role_compatibility_score: 0.60
  New boundary evidence:
    heading_change: 0.85
    structural_change: 0.55
    spacing_break: 0.00
    reading_region_change: 0.00
    table_boundary: 1.00
    role_change: 0.80
  Decision: KEEP_SEPARATE
  Confidence: 0.95
  Reason: Both blocks are structured records; table rows stay independent.

Continuation Decision:
  previous_block_id: 26_3_update_logical_block_0136
  current_block_id: 26_3_update_logical_block_0137
  previous page: 11
  current page: 11
  previous text: Siebel CRM Development 38142176 Workflow The Purge button on the Workflow Process Instance Admin View will correctly purge instances of Workflow Processes that have completed.
  current text: Siebel CRM Development 38755215 Workspaces There was a missing parameter in Siebel Bookshelf for the command to start the Coherence Console. This will be fixed in the System Administration Guide in an upcoming release.
  continuation_score: 0.46
  new_boundary_score: 0.56
  Continuation evidence:
    sentence_continuation_score: 0.00
    lexical_continuation_score: 0.00
    capitalization_score: 0.05
    punctuation_score: 0.08
    spatial_proximity_score: 1.00
    alignment_score: 1.00
    typography_score: 0.75
    reading_order_score: 1.00
    page_continuation_score: 0.85
    role_compatibility_score: 0.60
  New boundary evidence:
    heading_change: 0.85
    structural_change: 0.55
    spacing_break: 0.00
    reading_region_change: 0.00
    table_boundary: 1.00
    role_change: 0.80
  Decision: KEEP_SEPARATE
  Confidence: 0.95
  Reason: Both blocks are structured records; table rows stay independent.

Continuation Decision:
  previous_block_id: 26_3_update_logical_block_0137
  current_block_id: 26_3_update_logical_block_0138
  previous page: 11
  current page: 12
  previous text: Siebel CRM Development 38755215 Workspaces There was a missing parameter in Siebel Bookshelf for the command to start the Coherence Console. This will be fixed in the System Administration Guide in an upcoming release.
  current text: Siebel CRM Documentation 27507784 Configuring Siebel Open UI Documented the Generation/Deployment of Browser Script on Dedicated Client.
  continuation_score: 0.43
  new_boundary_score: 0.66
  Continuation evidence:
    sentence_continuation_score: 0.00
    lexical_continuation_score: 0.00
    capitalization_score: 0.05
    punctuation_score: 0.08
    spatial_proximity_score: 0.95
    alignment_score: 1.00
    typography_score: 0.74
    reading_order_score: 1.00
    page_continuation_score: 0.35
    role_compatibility_score: 0.60
  New boundary evidence:
    heading_change: 0.86
    structural_change: 0.55
    spacing_break: 0.55
    reading_region_change: 0.00
    table_boundary: 1.00
    role_change: 0.80
  Decision: KEEP_SEPARATE
  Confidence: 0.95
  Reason: Both blocks are structured records; table rows stay independent.

Continuation Decision:
  previous_block_id: 26_3_update_logical_block_0138
  current_block_id: 26_3_update_logical_block_0139
  previous page: 12
  current page: 12
  previous text: Siebel CRM Documentation 27507784 Configuring Siebel Open UI Documented the Generation/Deployment of Browser Script on Dedicated Client.
  current text: Siebel CRM Documentation 38584584 Object Interfaces Reference This documentation update gives the correct syntax for specifying an ADODB connect stringin script.
  continuation_score: 0.46
  new_boundary_score: 0.56
  Continuation evidence:
    sentence_continuation_score: 0.00
    lexical_continuation_score: 0.00
    capitalization_score: 0.05
    punctuation_score: 0.08
    spatial_proximity_score: 1.00
    alignment_score: 1.00
    typography_score: 0.75
    reading_order_score: 1.00
    page_continuation_score: 0.85
    role_compatibility_score: 0.60
  New boundary evidence:
    heading_change: 0.86
    structural_change: 0.55
    spacing_break: 0.00
    reading_region_change: 0.00
    table_boundary: 1.00
    role_change: 0.80
  Decision: KEEP_SEPARATE
  Confidence: 0.95
  Reason: Both blocks are structured records; table rows stay independent.

Continuation Decision:
  previous_block_id: 26_3_update_logical_block_0139
  current_block_id: 26_3_update_logical_block_0140
  previous page: 12
  current page: 12
  previous text: Siebel CRM Documentation 38584584 Object Interfaces Reference This documentation update gives the correct syntax for specifying an ADODB connect stringin script.
  current text: Siebel CRM Documentation 38944807 System Admin Gd The System Administration Guide, which covers the Siebel CRM Event Pub/Sub feature for Siebel–Kafka integration, has been updated to provide: a) clearer descriptions of parameter KafkaPassword, and b) revised guidance on certificate handling aligned with the new paradigm of separate client and server authorization during Kafka message exchange simulation using Kafka’s sample producer and consumer applications.
  continuation_score: 0.46
  new_boundary_score: 0.56
  Continuation evidence:
    sentence_continuation_score: 0.00
    lexical_continuation_score: 0.00
    capitalization_score: 0.05
    punctuation_score: 0.08
    spatial_proximity_score: 1.00
    alignment_score: 1.00
    typography_score: 0.75
    reading_order_score: 1.00
    page_continuation_score: 0.85
    role_compatibility_score: 0.60
  New boundary evidence:
    heading_change: 0.85
    structural_change: 0.55
    spacing_break: 0.00
    reading_region_change: 0.00
    table_boundary: 1.00
    role_change: 0.80
  Decision: KEEP_SEPARATE
  Confidence: 0.95
  Reason: Both blocks are structured records; table rows stay independent.

Continuation Decision:
  previous_block_id: 26_3_update_logical_block_0140
  current_block_id: 26_3_update_logical_block_0141
  previous page: 12
  current page: 12
  previous text: Siebel CRM Documentation 38944807 System Admin Gd The System Administration Guide, which covers the Siebel CRM Event Pub/Sub feature for Siebel–Kafka integration, has been updated to provide: a) clearer descriptions of parameter KafkaPassword, and b) revised guidance on certificate handling aligned with the new paradigm of separate client and server authorization during Kafka message exchange simulation using Kafka’s sample producer and consumer applications.
  current text: Siebel CRM Documentation 38301898 Transp/Interface: EAI Documentation on TLS mutual authentication has been updated.
  continuation_score: 0.46
  new_boundary_score: 0.56
  Continuation evidence:
    sentence_continuation_score: 0.00
    lexical_continuation_score: 0.00
    capitalization_score: 0.05
    punctuation_score: 0.08
    spatial_proximity_score: 1.00
    alignment_score: 1.00
    typography_score: 0.75
    reading_order_score: 1.00
    page_continuation_score: 0.85
    role_compatibility_score: 0.60
  New boundary evidence:
    heading_change: 0.86
    structural_change: 0.55
    spacing_break: 0.00
    reading_region_change: 0.00
    table_boundary: 1.00
    role_change: 0.80
  Decision: KEEP_SEPARATE
  Confidence: 0.95
  Reason: Both blocks are structured records; table rows stay independent.

Continuation Decision:
  previous_block_id: 26_3_update_logical_block_0141
  current_block_id: 26_3_update_logical_block_0142
  previous page: 12
  current page: 12
  previous text: Siebel CRM Documentation 38301898 Transp/Interface: EAI Documentation on TLS mutual authentication has been updated.
  current text: Siebel CRM End User 38444710 User Interface TinyMCE improvement to support Style Tag in the Head Tag of an Email Template.
  continuation_score: 0.46
  new_boundary_score: 0.56
  Continuation evidence:
    sentence_continuation_score: 0.00
    lexical_continuation_score: 0.00
    capitalization_score: 0.05
    punctuation_score: 0.08
    spatial_proximity_score: 1.00
    alignment_score: 1.00
    typography_score: 0.75
    reading_order_score: 1.00
    page_continuation_score: 0.85
    role_compatibility_score: 0.60
  New boundary evidence:
    heading_change: 0.86
    structural_change: 0.55
    spacing_break: 0.00
    reading_region_change: 0.00
    table_boundary: 1.00
    role_change: 0.80
  Decision: KEEP_SEPARATE
  Confidence: 0.95
  Reason: Both blocks are structured records; table rows stay independent.

Continuation Decision:
  previous_block_id: 26_3_update_logical_block_0142
  current_block_id: 26_3_update_logical_block_0143
  previous page: 12
  current page: 12
  previous text: Siebel CRM End User 38444710 User Interface TinyMCE improvement to support Style Tag in the Head Tag of an Email Template.
  current text: Siebel CRM End User 38556974 User Interface Fixed Toggle applets to display data corectly
  continuation_score: 0.46
  new_boundary_score: 0.56
  Continuation evidence:
    sentence_continuation_score: 0.00
    lexical_continuation_score: 0.00
    capitalization_score: 0.05
    punctuation_score: 0.08
    spatial_proximity_score: 1.00
    alignment_score: 1.00
    typography_score: 0.75
    reading_order_score: 1.00
    page_continuation_score: 0.85
    role_compatibility_score: 0.60
  New boundary evidence:
    heading_change: 0.86
    structural_change: 0.55
    spacing_break: 0.00
    reading_region_change: 0.00
    table_boundary: 1.00
    role_change: 0.80
  Decision: KEEP_SEPARATE
  Confidence: 0.95
  Reason: Both blocks are structured records; table rows stay independent.

Continuation Decision:
  previous_block_id: 26_3_update_logical_block_0143
  current_block_id: 26_3_update_logical_block_0144
  previous page: 12
  current page: 12
  previous text: Siebel CRM End User 38556974 User Interface Fixed Toggle applets to display data corectly
  current text: Siebel CRM End User 38588428 User Interface LEFT AND RIGHT Arrows are added in screenbars for Synergy Theme
  continuation_score: 0.65
  new_boundary_score: 0.48
  Continuation evidence:
    sentence_continuation_score: 0.55
    lexical_continuation_score: 0.00
    capitalization_score: 0.25
    punctuation_score: 0.70
    spatial_proximity_score: 1.00
    alignment_score: 1.00
    typography_score: 0.75
    reading_order_score: 1.00
    page_continuation_score: 0.85
    role_compatibility_score: 0.60
  New boundary evidence:
    heading_change: 0.86
    structural_change: 0.00
    spacing_break: 0.00
    reading_region_change: 0.00
    table_boundary: 1.00
    role_change: 0.80
  Decision: KEEP_SEPARATE
  Confidence: 0.95
  Reason: Both blocks are structured records; table rows stay independent.

Continuation Decision:
  previous_block_id: 26_3_update_logical_block_0144
  current_block_id: 26_3_update_logical_block_0145
  previous page: 12
  current page: 12
  previous text: Siebel CRM End User 38588428 User Interface LEFT AND RIGHT Arrows are added in screenbars for Synergy Theme
  current text: Siebel CRM Integration 38684263 EAI Outbound REST requests that send negative numbers using Integration Components that point to columns of type DTYPE_INTEGER or DTYPE_NUMBER are now correctly handled.
  continuation_score: 0.65
  new_boundary_score: 0.48
  Continuation evidence:
    sentence_continuation_score: 0.55
    lexical_continuation_score: 0.00
    capitalization_score: 0.25
    punctuation_score: 0.70
    spatial_proximity_score: 1.00
    alignment_score: 1.00
    typography_score: 0.75
    reading_order_score: 1.00
    page_continuation_score: 0.85
    role_compatibility_score: 0.60
  New boundary evidence:
    heading_change: 0.86
    structural_change: 0.00
    spacing_break: 0.00
    reading_region_change: 0.00
    table_boundary: 1.00
    role_change: 0.80
  Decision: KEEP_SEPARATE
  Confidence: 0.95
  Reason: Both blocks are structured records; table rows stay independent.

Continuation Decision:
  previous_block_id: 26_3_update_logical_block_0145
  current_block_id: 26_3_update_logical_block_0146
  previous page: 12
  current page: 12
  previous text: Siebel CRM Integration 38684263 EAI Outbound REST requests that send negative numbers using Integration Components that point to columns of type DTYPE_INTEGER or DTYPE_NUMBER are now correctly handled.
  current text: New Features and Bug Fixes in Siebel CRM Monthly Update 26.2 New Features in Siebel CRM 26.2 There are no new features in 26.2.
  continuation_score: 0.22
  new_boundary_score: 0.48
  Continuation evidence:
    sentence_continuation_score: 0.00
    lexical_continuation_score: 0.00
    capitalization_score: 0.05
    punctuation_score: 0.08
    spatial_proximity_score: 0.28
    alignment_score: 0.40
    typography_score: 0.30
    reading_order_score: 1.00
    page_continuation_score: 0.30
    role_compatibility_score: 0.28
  New boundary evidence:
    heading_change: 0.00
    structural_change: 0.80
    spacing_break: 0.68
    reading_region_change: 0.00
    table_boundary: 1.00
    role_change: 0.55
  Decision: KEEP_SEPARATE
  Confidence: 0.95
  Reason: Structured record adjacent to non-record content.

Continuation Decision:
  previous_block_id: 26_3_update_logical_block_0146
  current_block_id: 26_3_update_logical_block_0147
  previous page: 12
  current page: 12
  previous text: New Features and Bug Fixes in Siebel CRM Monthly Update 26.2 New Features in Siebel CRM 26.2 There are no new features in 26.2.
  current text: Fixes in Siebel CRM 26.2
  continuation_score: 0.22
  new_boundary_score: 0.23
  Continuation evidence:
    sentence_continuation_score: 0.00
    lexical_continuation_score: 0.00
    capitalization_score: 0.05
    punctuation_score: 0.08
    spatial_proximity_score: 0.28
    alignment_score: 0.40
    typography_score: 0.30
    reading_order_score: 1.00
    page_continuation_score: 0.30
    role_compatibility_score: 0.28
  New boundary evidence:
    heading_change: 0.00
    structural_change: 0.78
    spacing_break: 0.68
    reading_region_change: 0.00
    table_boundary: 0.00
    role_change: 0.00
  Decision: KEEP_SEPARATE
  Confidence: 0.55
  Reason: Significant spatial boundary.
  Reason: Structural pattern changed.
  Reason: Previous block does not look incomplete.

Continuation Decision:
  previous_block_id: 26_3_update_logical_block_0147
  current_block_id: 26_3_update_logical_block_0148
  previous page: 12
  current page: 12
  previous text: Fixes in Siebel CRM 26.2
  current text: Product Name Reference Category Description Configuration Instructions
  continuation_score: 0.50
  new_boundary_score: 0.61
  Continuation evidence:
    sentence_continuation_score: 0.55
    lexical_continuation_score: 0.00
    capitalization_score: 0.25
    punctuation_score: 0.70
    spatial_proximity_score: 0.25
    alignment_score: 0.77
    typography_score: 0.53
    reading_order_score: 1.00
    page_continuation_score: 0.85
    role_compatibility_score: 0.55
  New boundary evidence:
    heading_change: 0.00
    structural_change: 0.80
    spacing_break: 0.75
    reading_region_change: 0.85
    table_boundary: 1.00
    role_change: 0.55
  Decision: KEEP_SEPARATE
  Confidence: 0.95
  Reason: Structured record adjacent to non-record content.

Continuation Decision:
  previous_block_id: 26_3_update_logical_block_0148
  current_block_id: 26_3_update_logical_block_0149
  previous page: 12
  current page: 12
  previous text: Product Name Reference Category Description Configuration Instructions
  current text: Siebel Apps - 38679336 Promotions Previously, when you cancelled an Instructions for
  continuation_score: 0.70
  new_boundary_score: 0.18
  Continuation evidence:
    sentence_continuation_score: 0.55
    lexical_continuation_score: 0.00
    capitalization_score: 0.25
    punctuation_score: 0.70
    spatial_proximity_score: 1.00
    alignment_score: 1.00
    typography_score: 1.00
    reading_order_score: 1.00
    page_continuation_score: 0.85
    role_compatibility_score: 0.95
  New boundary evidence:
    heading_change: 0.00
    structural_change: 0.00
    spacing_break: 0.00
    reading_region_change: 0.00
    table_boundary: 1.00
    role_change: 0.00
  Decision: KEEP_SEPARATE
  Confidence: 0.95
  Reason: Both blocks are structured records; table rows stay independent.

Continuation Decision:
  previous_block_id: 26_3_update_logical_block_0149
  current_block_id: 26_3_update_logical_block_0150
  previous page: 12
  current page: 12
  previous text: Siebel Apps - 38679336 Promotions Previously, when you cancelled an Instructions for
  current text: Customer Order upgrade promotion and then tried to 38679336
  continuation_score: 0.75
  new_boundary_score: 0.18
  Continuation evidence:
    sentence_continuation_score: 0.55
    lexical_continuation_score: 0.50
    capitalization_score: 0.25
    punctuation_score: 0.70
    spatial_proximity_score: 1.00
    alignment_score: 1.00
    typography_score: 1.00
    reading_order_score: 1.00
    page_continuation_score: 0.85
    role_compatibility_score: 0.95
  New boundary evidence:
    heading_change: 0.00
    structural_change: 0.00
    spacing_break: 0.00
    reading_region_change: 0.00
    table_boundary: 1.00
    role_change: 0.00
  Decision: KEEP_SEPARATE
  Confidence: 0.95
  Reason: Both blocks are structured records; table rows stay independent.

Continuation Decision:
  previous_block_id: 26_3_update_logical_block_0150
  current_block_id: 26_3_update_logical_block_0151
  previous page: 12
  current page: 12
  previous text: Customer Order upgrade promotion and then tried to 38679336
  current text: Management start a new upgrade with a different
  continuation_score: 0.70
  new_boundary_score: 0.18
  Continuation evidence:
    sentence_continuation_score: 0.55
    lexical_continuation_score: 0.00
    capitalization_score: 0.25
    punctuation_score: 0.70
    spatial_proximity_score: 1.00
    alignment_score: 1.00
    typography_score: 1.00
    reading_order_score: 1.00
    page_continuation_score: 0.85
    role_compatibility_score: 0.95
  New boundary evidence:
    heading_change: 0.00
    structural_change: 0.00
    spacing_break: 0.00
    reading_region_change: 0.00
    table_boundary: 1.00
    role_change: 0.00
  Decision: KEEP_SEPARATE
  Confidence: 0.95
  Reason: Both blocks are structured records; table rows stay independent.

Continuation Decision:
  previous_block_id: 26_3_update_logical_block_0151
  current_block_id: 26_3_update_logical_block_0152
  previous page: 12
  current page: 13
  previous text: Management start a new upgrade with a different
  current text: Siebel CRM Deployment 31264888 Database Upgrade promotion, the system would incorrectly show the name of the previous promotion instead of the newly selected one. Now, the system correctly displays the name of the promotion you select during the second attempt. Addresses an issue during Upgrades that the license key for Siebel Tools is not active by default, blocking the upgrade from running.
  continuation_score: 0.54
  new_boundary_score: 0.54
  Continuation evidence:
    sentence_continuation_score: 0.55
    lexical_continuation_score: 0.00
    capitalization_score: 0.25
    punctuation_score: 0.70
    spatial_proximity_score: 0.97
    alignment_score: 1.00
    typography_score: 0.05
    reading_order_score: 1.00
    page_continuation_score: 0.75
    role_compatibility_score: 0.15
  New boundary evidence:
    heading_change: 0.78
    structural_change: 0.45
    spacing_break: 0.03
    reading_region_change: 0.00
    table_boundary: 1.00
    role_change: 0.90
  Decision: KEEP_SEPARATE
  Confidence: 0.95
  Reason: Both blocks are structured records; table rows stay independent.

Continuation Decision:
  previous_block_id: 26_3_update_logical_block_0152
  current_block_id: 26_3_update_logical_block_0153
  previous page: 13
  current page: 13
  previous text: Siebel CRM Deployment 31264888 Database Upgrade promotion, the system would incorrectly show the name of the previous promotion instead of the newly selected one. Now, the system correctly displays the name of the promotion you select during the second attempt. Addresses an issue during Upgrades that the license key for Siebel Tools is not active by default, blocking the upgrade from running.
  current text: Siebel CRM Deployment 38792489 Server Infrastructure Improved DNS Lookup Performance
  continuation_score: 0.46
  new_boundary_score: 0.56
  Continuation evidence:
    sentence_continuation_score: 0.00
    lexical_continuation_score: 0.00
    capitalization_score: 0.05
    punctuation_score: 0.08
    spatial_proximity_score: 1.00
    alignment_score: 1.00
    typography_score: 0.75
    reading_order_score: 1.00
    page_continuation_score: 0.85
    role_compatibility_score: 0.60
  New boundary evidence:
    heading_change: 0.86
    structural_change: 0.55
    spacing_break: 0.00
    reading_region_change: 0.00
    table_boundary: 1.00
    role_change: 0.80
  Decision: KEEP_SEPARATE
  Confidence: 0.95
  Reason: Both blocks are structured records; table rows stay independent.

Continuation Decision:
  previous_block_id: 26_3_update_logical_block_0153
  current_block_id: 26_3_update_logical_block_0154
  previous page: 13
  current page: 13
  previous text: Siebel CRM Deployment 38792489 Server Infrastructure Improved DNS Lookup Performance
  current text: Siebel CRM Deployment 38685764 Server Infrastructure Resolution for the inability to save Siebel tab layout after making changes (after applying a specific patch/POC )
  continuation_score: 0.65
  new_boundary_score: 0.48
  Continuation evidence:
    sentence_continuation_score: 0.55
    lexical_continuation_score: 0.00
    capitalization_score: 0.25
    punctuation_score: 0.70
    spatial_proximity_score: 1.00
    alignment_score: 1.00
    typography_score: 0.75
    reading_order_score: 1.00
    page_continuation_score: 0.85
    role_compatibility_score: 0.60
  New boundary evidence:
    heading_change: 0.86
    structural_change: 0.00
    spacing_break: 0.00
    reading_region_change: 0.00
    table_boundary: 1.00
    role_change: 0.80
  Decision: KEEP_SEPARATE
  Confidence: 0.95
  Reason: Both blocks are structured records; table rows stay independent.

Continuation Decision:
  previous_block_id: 26_3_update_logical_block_0154
  current_block_id: 26_3_update_logical_block_0155
  previous page: 13
  current page: 13
  previous text: Siebel CRM Deployment 38685764 Server Infrastructure Resolution for the inability to save Siebel tab layout after making changes (after applying a specific patch/POC )
  current text: Siebel CRM Deployment 38603047 Server Infrastructure Addressed "ACCESS TO USER PREFERENCE FILE ON LINUX RETURNS: FAILED TO OPEN PREFERENCE FILE. ERROR INFO = 11 " error which caused the file not to be read.
  continuation_score: 0.65
  new_boundary_score: 0.48
  Continuation evidence:
    sentence_continuation_score: 0.55
    lexical_continuation_score: 0.00
    capitalization_score: 0.25
    punctuation_score: 0.70
    spatial_proximity_score: 1.00
    alignment_score: 1.00
    typography_score: 0.75
    reading_order_score: 1.00
    page_continuation_score: 0.85
    role_compatibility_score: 0.60
  New boundary evidence:
    heading_change: 0.85
    structural_change: 0.00
    spacing_break: 0.00
    reading_region_change: 0.00
    table_boundary: 1.00
    role_change: 0.80
  Decision: KEEP_SEPARATE
  Confidence: 0.95
  Reason: Both blocks are structured records; table rows stay independent.

Continuation Decision:
  previous_block_id: 26_3_update_logical_block_0155
  current_block_id: 26_3_update_logical_block_0156
  previous page: 13
  current page: 13
  previous text: Siebel CRM Deployment 38603047 Server Infrastructure Addressed "ACCESS TO USER PREFERENCE FILE ON LINUX RETURNS: FAILED TO OPEN PREFERENCE FILE. ERROR INFO = 11 " error which caused the file not to be read.
  current text: Siebel CRM Development 38250077 Configuration Tools Web Tools now correctly respects the session timeout setting even if it is large.
  continuation_score: 0.46
  new_boundary_score: 0.56
  Continuation evidence:
    sentence_continuation_score: 0.00
    lexical_continuation_score: 0.00
    capitalization_score: 0.05
    punctuation_score: 0.08
    spatial_proximity_score: 1.00
    alignment_score: 1.00
    typography_score: 0.75
    reading_order_score: 1.00
    page_continuation_score: 0.85
    role_compatibility_score: 0.60
  New boundary evidence:
    heading_change: 0.86
    structural_change: 0.55
    spacing_break: 0.00
    reading_region_change: 0.00
    table_boundary: 1.00
    role_change: 0.80
  Decision: KEEP_SEPARATE
  Confidence: 0.95
  Reason: Both blocks are structured records; table rows stay independent.

Continuation Decision:
  previous_block_id: 26_3_update_logical_block_0156
  current_block_id: 26_3_update_logical_block_0157
  previous page: 13
  current page: 13
  previous text: Siebel CRM Development 38250077 Configuration Tools Web Tools now correctly respects the session timeout setting even if it is large.
  current text: Siebel CRM Documentation 29468742 Task UI Guide Documents the ProcessArgAsc parameter that will enforce the order of updating Business Component Fields in a Task Siebel Operation Step.
  continuation_score: 0.46
  new_boundary_score: 0.56
  Continuation evidence:
    sentence_continuation_score: 0.00
    lexical_continuation_score: 0.00
    capitalization_score: 0.05
    punctuation_score: 0.08
    spatial_proximity_score: 1.00
    alignment_score: 1.00
    typography_score: 0.75
    reading_order_score: 1.00
    page_continuation_score: 0.85
    role_compatibility_score: 0.60
  New boundary evidence:
    heading_change: 0.86
    structural_change: 0.55
    spacing_break: 0.00
    reading_region_change: 0.00
    table_boundary: 1.00
    role_change: 0.80
  Decision: KEEP_SEPARATE
  Confidence: 0.95
  Reason: Both blocks are structured records; table rows stay independent.

Continuation Decision:
  previous_block_id: 26_3_update_logical_block_0157
  current_block_id: 26_3_update_logical_block_0158
  previous page: 13
  current page: 13
  previous text: Siebel CRM Documentation 29468742 Task UI Guide Documents the ProcessArgAsc parameter that will enforce the order of updating Business Component Fields in a Task Siebel Operation Step.
  current text: Siebel CRM End User 12599692 Reports Enabled Excel template support functionality in Siebel Reports
  continuation_score: 0.46
  new_boundary_score: 0.56
  Continuation evidence:
    sentence_continuation_score: 0.00
    lexical_continuation_score: 0.00
    capitalization_score: 0.05
    punctuation_score: 0.08
    spatial_proximity_score: 1.00
    alignment_score: 1.00
    typography_score: 0.75
    reading_order_score: 1.00
    page_continuation_score: 0.85
    role_compatibility_score: 0.60
  New boundary evidence:
    heading_change: 0.86
    structural_change: 0.55
    spacing_break: 0.00
    reading_region_change: 0.00
    table_boundary: 1.00
    role_change: 0.80
  Decision: KEEP_SEPARATE
  Confidence: 0.95
  Reason: Both blocks are structured records; table rows stay independent.

Continuation Decision:
  previous_block_id: 26_3_update_logical_block_0158
  current_block_id: 26_3_update_logical_block_0159
  previous page: 13
  current page: 13
  previous text: Siebel CRM End User 12599692 Reports Enabled Excel template support functionality in Siebel Reports
  current text: Siebel CRM Integration 38681800 EAI When the EAI HTTP Transport Business Service receives a blank set- cookie response from an external application it will be handled correctly.
  continuation_score: 0.65
  new_boundary_score: 0.48
  Continuation evidence:
    sentence_continuation_score: 0.55
    lexical_continuation_score: 0.00
    capitalization_score: 0.25
    punctuation_score: 0.70
    spatial_proximity_score: 1.00
    alignment_score: 1.00
    typography_score: 0.75
    reading_order_score: 1.00
    page_continuation_score: 0.85
    role_compatibility_score: 0.60
  New boundary evidence:
    heading_change: 0.86
    structural_change: 0.00
    spacing_break: 0.00
    reading_region_change: 0.00
    table_boundary: 1.00
    role_change: 0.80
  Decision: KEEP_SEPARATE
  Confidence: 0.95
  Reason: Both blocks are structured records; table rows stay independent.

Continuation Decision:
  previous_block_id: 26_3_update_logical_block_0159
  current_block_id: 26_3_update_logical_block_0160
  previous page: 13
  current page: 13
  previous text: Siebel CRM Integration 38681800 EAI When the EAI HTTP Transport Business Service receives a blank set- cookie response from an external application it will be handled correctly.
  current text: Siebel CRM Integration 38779291 Open Integration Fixed an issue to publish Operation field in Integration component. Instructions for 38779291
  continuation_score: 0.46
  new_boundary_score: 0.56
  Continuation evidence:
    sentence_continuation_score: 0.00
    lexical_continuation_score: 0.00
    capitalization_score: 0.05
    punctuation_score: 0.08
    spatial_proximity_score: 1.00
    alignment_score: 1.00
    typography_score: 0.75
    reading_order_score: 1.00
    page_continuation_score: 0.85
    role_compatibility_score: 0.60
  New boundary evidence:
    heading_change: 0.86
    structural_change: 0.55
    spacing_break: 0.00
    reading_region_change: 0.00
    table_boundary: 1.00
    role_change: 0.80
  Decision: KEEP_SEPARATE
  Confidence: 0.95
  Reason: Both blocks are structured records; table rows stay independent.

Continuation Decision:
  previous_block_id: 26_3_update_logical_block_0160
  current_block_id: 26_3_update_logical_block_0161
  previous page: 13
  current page: 13
  previous text: Siebel CRM Integration 38779291 Open Integration Fixed an issue to publish Operation field in Integration component. Instructions for 38779291
  current text: Siebel CRM Integration 38176388 SSSE Improves the PIMSI Dispatcher’s ability to recover from a failed state.
  continuation_score: 0.65
  new_boundary_score: 0.48
  Continuation evidence:
    sentence_continuation_score: 0.55
    lexical_continuation_score: 0.00
    capitalization_score: 0.25
    punctuation_score: 0.70
    spatial_proximity_score: 1.00
    alignment_score: 1.00
    typography_score: 0.75
    reading_order_score: 1.00
    page_continuation_score: 0.85
    role_compatibility_score: 0.60
  New boundary evidence:
    heading_change: 0.86
    structural_change: 0.00
    spacing_break: 0.00
    reading_region_change: 0.00
    table_boundary: 1.00
    role_change: 0.80
  Decision: KEEP_SEPARATE
  Confidence: 0.95
  Reason: Both blocks are structured records; table rows stay independent.

Continuation Decision:
  previous_block_id: 26_3_update_logical_block_0161
  current_block_id: 26_3_update_logical_block_0162
  previous page: 13
  current page: 13
  previous text: Siebel CRM Integration 38176388 SSSE Improves the PIMSI Dispatcher’s ability to recover from a failed state.
  current text: Special Configuration Instructions for Release 26.2 Instructions for 38679336--Previously, when you cancelled an upgrade promotion and then tried to start a new upgrade with a different promotion, the system would incorrectly show the name of the previous promotion instead of the newly selected one. Now, the system correctly displays the name of the promotion you select during the second attempt.
  continuation_score: 0.42
  new_boundary_score: 0.62
  Continuation evidence:
    sentence_continuation_score: 0.00
    lexical_continuation_score: 0.00
    capitalization_score: 0.05
    punctuation_score: 0.08
    spatial_proximity_score: 0.86
    alignment_score: 1.00
    typography_score: 0.42
    reading_order_score: 1.00
    page_continuation_score: 0.85
    role_compatibility_score: 0.60
  New boundary evidence:
    heading_change: 0.86
    structural_change: 0.80
    spacing_break: 0.14
    reading_region_change: 0.00
    table_boundary: 1.00
    role_change: 0.80
  Decision: KEEP_SEPARATE
  Confidence: 0.95
  Reason: Structured record adjacent to non-record content.

Continuation Decision:
  previous_block_id: 26_3_update_logical_block_0162
  current_block_id: 26_3_update_logical_block_0163
  previous page: 13
  current page: 14
  previous text: Special Configuration Instructions for Release 26.2 Instructions for 38679336--Previously, when you cancelled an upgrade promotion and then tried to start a new upgrade with a different promotion, the system would incorrectly show the name of the previous promotion instead of the newly selected one. Now, the system correctly displays the name of the promotion you select during the second attempt.
  current text: _Background_
  continuation_score: 0.40
  new_boundary_score: 0.47
  Continuation evidence:
    sentence_continuation_score: 0.00
    lexical_continuation_score: 0.00
    capitalization_score: 0.05
    punctuation_score: 0.08
    spatial_proximity_score: 0.95
    alignment_score: 0.74
    typography_score: 0.69
    reading_order_score: 1.00
    page_continuation_score: 0.35
    role_compatibility_score: 0.60
  New boundary evidence:
    heading_change: 0.82
    structural_change: 0.55
    spacing_break: 0.55
    reading_region_change: 0.00
    table_boundary: 0.00
    role_change: 0.80
  Decision: KEEP_SEPARATE
  Confidence: 0.63
  Reason: Strong new prominent structure detected.
  Reason: Significant spatial boundary.
  Reason: Role change indicates a new logical unit.
  Reason: Structural pattern changed.
  Reason: Previous block does not look incomplete.

Continuation Decision:
  previous_block_id: 26_3_update_logical_block_0163
  current_block_id: 26_3_update_logical_block_0164
  previous page: 14
  current page: 14
  previous text: _Background_
  current text: To resolve the issue causing an incorrect Promotion Name to appear in the Promotion Upgrade Staging View. _Steps_
  continuation_score: 0.48
  new_boundary_score: 0.38
  Continuation evidence:
    sentence_continuation_score: 0.55
    lexical_continuation_score: 0.00
    capitalization_score: 0.25
    punctuation_score: 0.70
    spatial_proximity_score: 0.25
    alignment_score: 0.74
    typography_score: 0.57
    reading_order_score: 1.00
    page_continuation_score: 0.85
    role_compatibility_score: 0.30
  New boundary evidence:
    heading_change: 0.00
    structural_change: 0.45
    spacing_break: 0.75
    reading_region_change: 0.85
    table_boundary: 0.00
    role_change: 0.55
  Decision: KEEP_SEPARATE
  Confidence: 0.95
  Reason: Layout heading unit stays separate from following content.

Continuation Decision:
  previous_block_id: 26_3_update_logical_block_0164
  current_block_id: 26_3_update_logical_block_0165
  previous page: 14
  current page: 14
  previous text: To resolve the issue causing an incorrect Promotion Name to appear in the Promotion Upgrade Staging View. _Steps_
  current text: _Repository Changes_
  continuation_score: 0.48
  new_boundary_score: 0.57
  Continuation evidence:
    sentence_continuation_score: 0.55
    lexical_continuation_score: 0.00
    capitalization_score: 0.25
    punctuation_score: 0.70
    spatial_proximity_score: 0.25
    alignment_score: 0.76
    typography_score: 0.55
    reading_order_score: 1.00
    page_continuation_score: 0.85
    role_compatibility_score: 0.30
  New boundary evidence:
    heading_change: 0.77
    structural_change: 0.45
    spacing_break: 0.75
    reading_region_change: 0.85
    table_boundary: 0.00
    role_change: 0.55
  Decision: KEEP_SEPARATE
  Confidence: 0.66
  Reason: Strong new prominent structure detected.
  Reason: Significant spatial boundary.
  Reason: Different reading column / region.

Continuation Decision:
  previous_block_id: 26_3_update_logical_block_0165
  current_block_id: 26_3_update_logical_block_0166
  previous page: 14
  current page: 14
  previous text: _Repository Changes_
  current text: 1. Edit the Workflow Process _ISS Promotion Finish Upgrade Sub Process_ as follows:
  continuation_score: 0.53
  new_boundary_score: 0.34
  Continuation evidence:
    sentence_continuation_score: 0.55
    lexical_continuation_score: 0.00
    capitalization_score: 0.25
    punctuation_score: 0.70
    spatial_proximity_score: 0.25
    alignment_score: 0.67
    typography_score: 0.75
    reading_order_score: 1.00
    page_continuation_score: 0.85
    role_compatibility_score: 0.70
  New boundary evidence:
    heading_change: 0.00
    structural_change: 0.45
    spacing_break: 0.75
    reading_region_change: 0.85
    table_boundary: 0.00
    role_change: 0.20
  Decision: KEEP_SEPARATE
  Confidence: 0.95
  Reason: Layout heading unit stays separate from following content.

Continuation Decision:
  previous_block_id: 26_3_update_logical_block_0166
  current_block_id: 26_3_update_logical_block_0167
  previous page: 14
  current page: 14
  previous text: 1. Edit the Workflow Process _ISS Promotion Finish Upgrade Sub Process_ as follows:
  current text: - i. Add a Business Service WF Step _Empty Header BC_ between _Done?_ and _Empty Source BC_ WF Steps.
  continuation_score: 0.68
  new_boundary_score: 0.01
  Continuation evidence:
    sentence_continuation_score: 0.45
    lexical_continuation_score: 0.00
    capitalization_score: 0.95
    punctuation_score: 0.55
    spatial_proximity_score: 0.95
    alignment_score: 0.79
    typography_score: 0.77
    reading_order_score: 1.00
    page_continuation_score: 0.85
    role_compatibility_score: 0.95
  New boundary evidence:
    heading_change: 0.00
    structural_change: 0.00
    spacing_break: 0.05
    reading_region_change: 0.00
    table_boundary: 0.00
    role_change: 0.00
  Decision: KEEP_SEPARATE
  Confidence: 0.50
  Reason: New-boundary evidence dominates continuation evidence.
  Reason: Adjacent units look related but previous text is finished; kept as separate items to avoid over-grouping.

Continuation Decision:
  previous_block_id: 26_3_update_logical_block_0167
  current_block_id: 26_3_update_logical_block_0168
  previous page: 14
  current page: 14
  previous text: - i. Add a Business Service WF Step _Empty Header BC_ between _Done?_ and _Empty Source BC_ WF Steps.
  current text: - ii. For the WF Step _Empty Header BC_ , set the following properties.
  continuation_score: 0.66
  new_boundary_score: 0.14
  Continuation evidence:
    sentence_continuation_score: 0.45
    lexical_continuation_score: 0.00
    capitalization_score: 0.95
    punctuation_score: 0.10
    spatial_proximity_score: 0.95
    alignment_score: 0.90
    typography_score: 0.77
    reading_order_score: 1.00
    page_continuation_score: 0.85
    role_compatibility_score: 0.95
  New boundary evidence:
    heading_change: 0.00
    structural_change: 0.95
    spacing_break: 0.05
    reading_region_change: 0.00
    table_boundary: 0.00
    role_change: 0.00
  Decision: KEEP_SEPARATE
  Confidence: 0.95
  Reason: Parallel enumerated items share an opener class; keep separate.

Continuation Decision:
  previous_block_id: 26_3_update_logical_block_0168
  current_block_id: 26_3_update_logical_block_0169
  previous page: 14
  current page: 14
  previous text: - ii. For the WF Step _Empty Header BC_ , set the following properties.
  current text: Name Business Service Name Business Service Method
  continuation_score: 0.49
  new_boundary_score: 0.29
  Continuation evidence:
    sentence_continuation_score: 0.00
    lexical_continuation_score: 0.00
    capitalization_score: 0.05
    punctuation_score: 0.08
    spatial_proximity_score: 1.00
    alignment_score: 0.80
    typography_score: 0.81
    reading_order_score: 1.00
    page_continuation_score: 0.85
    role_compatibility_score: 0.95
  New boundary evidence:
    heading_change: 0.00
    structural_change: 0.80
    spacing_break: 0.00
    reading_region_change: 0.00
    table_boundary: 1.00
    role_change: 0.00
  Decision: KEEP_SEPARATE
  Confidence: 0.95
  Reason: Structured record adjacent to non-record content.

Continuation Decision:
  previous_block_id: 26_3_update_logical_block_0169
  current_block_id: 26_3_update_logical_block_0170
  previous page: 14
  current page: 14
  previous text: Name Business Service Name Business Service Method
  current text: EmptyHeader BC InMemoryUpgrade Data Service Invoke BC Method
  continuation_score: 0.70
  new_boundary_score: 0.18
  Continuation evidence:
    sentence_continuation_score: 0.55
    lexical_continuation_score: 0.00
    capitalization_score: 0.25
    punctuation_score: 0.70
    spatial_proximity_score: 1.00
    alignment_score: 1.00
    typography_score: 1.00
    reading_order_score: 1.00
    page_continuation_score: 0.85
    role_compatibility_score: 0.95
  New boundary evidence:
    heading_change: 0.00
    structural_change: 0.00
    spacing_break: 0.00
    reading_region_change: 0.00
    table_boundary: 1.00
    role_change: 0.00
  Decision: KEEP_SEPARATE
  Confidence: 0.95
  Reason: Both blocks are structured records; table rows stay independent.

Continuation Decision:
  previous_block_id: 26_3_update_logical_block_0170
  current_block_id: 26_3_update_logical_block_0171
  previous page: 14
  current page: 14
  previous text: EmptyHeader BC InMemoryUpgrade Data Service Invoke BC Method
  current text: For the WF Step _Em_ Input Argument _pty Header BC_,add the followingInput Arguments. Type Value
  continuation_score: 0.70
  new_boundary_score: 0.18
  Continuation evidence:
    sentence_continuation_score: 0.55
    lexical_continuation_score: 0.00
    capitalization_score: 0.25
    punctuation_score: 0.70
    spatial_proximity_score: 1.00
    alignment_score: 1.00
    typography_score: 1.00
    reading_order_score: 1.00
    page_continuation_score: 0.85
    role_compatibility_score: 0.95
  New boundary evidence:
    heading_change: 0.00
    structural_change: 0.00
    spacing_break: 0.00
    reading_region_change: 0.00
    table_boundary: 1.00
    role_change: 0.00
  Decision: MERGE
  Confidence: 0.90
  Reason: Blocks are spatially close in the same reading region.
  Reason: Compatible horizontal alignment.
  Reason: Compatible typography.
  Reason: Compatible across page boundary.

Continuation Decision:
  previous_block_id: 26_3_update_logical_block_0171
  current_block_id: 26_3_update_logical_block_0172
  previous page: 14
  current page: 14
  previous text: For the WF Step _Em_ Input Argument _pty Header BC_,add the followingInput Arguments. Type Value
  current text: BC Name Literal ISS Promotion Upgrade Header VBC
  continuation_score: 0.70
  new_boundary_score: 0.18
  Continuation evidence:
    sentence_continuation_score: 0.55
    lexical_continuation_score: 0.00
    capitalization_score: 0.25
    punctuation_score: 0.70
    spatial_proximity_score: 1.00
    alignment_score: 1.00
    typography_score: 1.00
    reading_order_score: 1.00
    page_continuation_score: 0.85
    role_compatibility_score: 0.95
  New boundary evidence:
    heading_change: 0.00
    structural_change: 0.00
    spacing_break: 0.00
    reading_region_change: 0.00
    table_boundary: 1.00
    role_change: 0.00
  Decision: KEEP_SEPARATE
  Confidence: 0.95
  Reason: Both blocks are structured records; table rows stay independent.

Continuation Decision:
  previous_block_id: 26_3_update_logical_block_0172
  current_block_id: 26_3_update_logical_block_0173
  previous page: 14
  current page: 14
  previous text: BC Name Literal ISS Promotion Upgrade Header VBC
  current text: Method Name Literal EmptyRecord
  continuation_score: 0.64
  new_boundary_score: 0.31
  Continuation evidence:
    sentence_continuation_score: 0.55
    lexical_continuation_score: 0.00
    capitalization_score: 0.25
    punctuation_score: 0.70
    spatial_proximity_score: 1.00
    alignment_score: 1.00
    typography_score: 0.75
    reading_order_score: 1.00
    page_continuation_score: 0.85
    role_compatibility_score: 0.50
  New boundary evidence:
    heading_change: 0.00
    structural_change: 0.45
    spacing_break: 0.00
    reading_region_change: 0.00
    table_boundary: 1.00
    role_change: 0.55
  Decision: KEEP_SEPARATE
  Confidence: 0.95
  Reason: Both blocks are structured records; table rows stay independent.

Continuation Decision:
  previous_block_id: 26_3_update_logical_block_0173
  current_block_id: 26_3_update_logical_block_0174
  previous page: 14
  current page: 14
  previous text: Method Name Literal EmptyRecord
  current text: - iii. For the WF Step _Empty Header BC_ , add the following Input Arguments.
  continuation_score: 0.75
  new_boundary_score: 0.36
  Continuation evidence:
    sentence_continuation_score: 0.92
    lexical_continuation_score: 0.00
    capitalization_score: 0.95
    punctuation_score: 0.70
    spatial_proximity_score: 1.00
    alignment_score: 0.82
    typography_score: 0.56
    reading_order_score: 1.00
    page_continuation_score: 0.85
    role_compatibility_score: 0.55
  New boundary evidence:
    heading_change: 0.00
    structural_change: 0.80
    spacing_break: 0.00
    reading_region_change: 0.00
    table_boundary: 1.00
    role_change: 0.55
  Decision: KEEP_SEPARATE
  Confidence: 0.95
  Reason: Structured record adjacent to non-record content.

Continuation Decision:
  previous_block_id: 26_3_update_logical_block_0174
  current_block_id: 26_3_update_logical_block_0175
  previous page: 14
  current page: 14
  previous text: - iii. For the WF Step _Empty Header BC_ , add the following Input Arguments.
  current text: - iv. Modify the existing WF Branch Connector between WF Step _Done?_ and WF Step _Empty Source BC_ to connect WF Step _Done?_ with the new WF Step _Empty Header BC_ . Note : Make sure the connector type is _Default._
  continuation_score: 0.40
  new_boundary_score: 0.52
  Continuation evidence:
    sentence_continuation_score: 0.45
    lexical_continuation_score: 0.00
    capitalization_score: 0.95
    punctuation_score: 0.10
    spatial_proximity_score: 0.10
    alignment_score: 0.92
    typography_score: 0.04
    reading_order_score: 1.00
    page_continuation_score: 0.85
    role_compatibility_score: 0.15
  New boundary evidence:
    heading_change: 0.77
    structural_change: 0.45
    spacing_break: 0.90
    reading_region_change: 0.00
    table_boundary: 0.00
    role_change: 0.90
  Decision: KEEP_SEPARATE
  Confidence: 0.66
  Reason: Strong new prominent structure detected.
  Reason: Significant spatial boundary.
  Reason: Role change indicates a new logical unit.

Continuation Decision:
  previous_block_id: 26_3_update_logical_block_0175
  current_block_id: 26_3_update_logical_block_0176
  previous page: 14
  current page: 14
  previous text: - iv. Modify the existing WF Branch Connector between WF Step _Done?_ and WF Step _Empty Source BC_ to connect WF Step _Done?_ with the new WF Step _Empty Header BC_ . Note : Make sure the connector type is _Default._
  current text: - v. Add a WF Branch Connector between WF Step _Empty Header BC_ and WF Step _Empty Source BC_ .
  continuation_score: 0.78
  new_boundary_score: 0.10
  Continuation evidence:
    sentence_continuation_score: 0.92
    lexical_continuation_score: 0.00
    capitalization_score: 0.95
    punctuation_score: 0.70
    spatial_proximity_score: 0.95
    alignment_score: 0.97
    typography_score: 0.61
    reading_order_score: 1.00
    page_continuation_score: 0.85
    role_compatibility_score: 0.70
  New boundary evidence:
    heading_change: 0.00
    structural_change: 0.45
    spacing_break: 0.05
    reading_region_change: 0.00
    table_boundary: 0.00
    role_change: 0.20
  Decision: MERGE
  Confidence: 1.00
  Reason: Previous block appears incomplete; current continues the sentence.
  Reason: Current block begins with lowercase text.
  Reason: Blocks are spatially close in the same reading region.
  Reason: Compatible horizontal alignment.
  Reason: Compatible typography.
  Reason: Compatible across page boundary.
  Reason: No strong new heading or table boundary.

Continuation Decision:
  previous_block_id: 26_3_update_logical_block_0176
  current_block_id: 26_3_update_logical_block_0177
  previous page: 14
  current page: 14
  previous text: - v. Add a WF Branch Connector between WF Step _Empty Header BC_ and WF Step _Empty Source BC_ .
  current text: Instructions for 38779291--Fixed an issue to publish Operation field in Integration component.
  continuation_score: 0.18
  new_boundary_score: 0.29
  Continuation evidence:
    sentence_continuation_score: 0.00
    lexical_continuation_score: 0.00
    capitalization_score: 0.05
    punctuation_score: 0.08
    spatial_proximity_score: 0.00
    alignment_score: 0.40
    typography_score: 0.30
    reading_order_score: 1.00
    page_continuation_score: 0.30
    role_compatibility_score: 0.28
  New boundary evidence:
    heading_change: 0.00
    structural_change: 0.78
    spacing_break: 1.00
    reading_region_change: 0.00
    table_boundary: 0.00
    role_change: 0.00
  Decision: KEEP_SEPARATE
  Confidence: 0.61
  Reason: Significant spatial boundary.
  Reason: Structural pattern changed.
  Reason: Previous block does not look incomplete.

Continuation Decision:
  previous_block_id: 26_3_update_logical_block_0177
  current_block_id: 26_3_update_logical_block_0178
  previous page: 14
  current page: 15
  previous text: Instructions for 38779291--Fixed an issue to publish Operation field in Integration component.
  current text: _Background_
  continuation_score: 0.39
  new_boundary_score: 0.24
  Continuation evidence:
    sentence_continuation_score: 0.00
    lexical_continuation_score: 0.00
    capitalization_score: 0.05
    punctuation_score: 0.08
    spatial_proximity_score: 0.88
    alignment_score: 0.74
    typography_score: 0.75
    reading_order_score: 1.00
    page_continuation_score: 0.35
    role_compatibility_score: 0.50
  New boundary evidence:
    heading_change: 0.00
    structural_change: 0.55
    spacing_break: 0.55
    reading_region_change: 0.00
    table_boundary: 0.00
    role_change: 0.55
  Decision: KEEP_SEPARATE
  Confidence: 0.55
  Reason: Significant spatial boundary.
  Reason: Structural pattern changed.
  Reason: Previous block does not look incomplete.

Continuation Decision:
  previous_block_id: 26_3_update_logical_block_0178
  current_block_id: 26_3_update_logical_block_0179
  previous page: 15
  current page: 15
  previous text: _Background_
  current text: <mark>User creation via the</mark> _<mark>User</mark>_ <mark>Integration Component of the</mark> _<mark>Users</mark>_ <mark>Integration Object fails as the Open API specification for the Integration Object does not have a required field</mark> _<mark>operation</mark>_ <mark>. This is because the</mark> _<mark>operation</mark>_ <mark>field is marked as a “system” field in the</mark> _<mark>User</mark>_ <mark>Integration Component definition, while the Siebel Open API specification only includes the fields that marked as “data”. To ensure the</mark> _<mark>operation</mark>_ <mark>field is included in the Open API specification, it must be changed to a Data field.</mark>
  continuation_score: 0.60
  new_boundary_score: 0.57
  Continuation evidence:
    sentence_continuation_score: 0.92
    lexical_continuation_score: 0.00
    capitalization_score: 0.95
    punctuation_score: 0.70
    spatial_proximity_score: 0.25
    alignment_score: 0.74
    typography_score: 0.41
    reading_order_score: 1.00
    page_continuation_score: 0.85
    role_compatibility_score: 0.30
  New boundary evidence:
    heading_change: 0.78
    structural_change: 0.45
    spacing_break: 0.75
    reading_region_change: 0.85
    table_boundary: 0.00
    role_change: 0.55
  Decision: KEEP_SEPARATE
  Confidence: 0.61
  Reason: Strong new prominent structure detected.
  Reason: Significant spatial boundary.
  Reason: Different reading column / region.

Continuation Decision:
  previous_block_id: 26_3_update_logical_block_0179
  current_block_id: 26_3_update_logical_block_0180
  previous page: 15
  current page: 15
  previous text: <mark>User creation via the</mark> _<mark>User</mark>_ <mark>Integration Component of the</mark> _<mark>Users</mark>_ <mark>Integration Object fails as the Open API specification for the Integration Object does not have a required field</mark> _<mark>operation</mark>_ <mark>. This is because the</mark> _<mark>operation</mark>_ <mark>field is marked as a “system” field in the</mark> _<mark>User</mark>_ <mark>Integration Component definition, while the Siebel Open API specification only includes the fields that marked as “data”. To ensure the</mark> _<mark>operation</mark>_ <mark>field is included in the Open API specification, it must be changed to a Data field.</mark>
  current text: _Steps_
  continuation_score: 0.49
  new_boundary_score: 0.55
  Continuation evidence:
    sentence_continuation_score: 0.55
    lexical_continuation_score: 0.00
    capitalization_score: 0.25
    punctuation_score: 0.70
    spatial_proximity_score: 0.25
    alignment_score: 0.72
    typography_score: 0.41
    reading_order_score: 1.00
    page_continuation_score: 0.85
    role_compatibility_score: 0.60
  New boundary evidence:
    heading_change: 0.82
    structural_change: 0.00
    spacing_break: 0.75
    reading_region_change: 0.90
    table_boundary: 0.00
    role_change: 0.80
  Decision: KEEP_SEPARATE
  Confidence: 0.64
  Reason: Strong new prominent structure detected.
  Reason: Significant spatial boundary.
  Reason: Different reading column / region.
  Reason: Role change indicates a new logical unit.

Continuation Decision:
  previous_block_id: 26_3_update_logical_block_0180
  current_block_id: 26_3_update_logical_block_0181
  previous page: 15
  current page: 15
  previous text: _Steps_
  current text: Repository Changes
  continuation_score: 0.61
  new_boundary_score: 0.33
  Continuation evidence:
    sentence_continuation_score: 0.55
    lexical_continuation_score: 0.00
    capitalization_score: 0.25
    punctuation_score: 0.70
    spatial_proximity_score: 0.83
    alignment_score: 0.80
    typography_score: 0.71
    reading_order_score: 1.00
    page_continuation_score: 0.85
    role_compatibility_score: 0.60
  New boundary evidence:
    heading_change: 0.82
    structural_change: 0.00
    spacing_break: 0.17
    reading_region_change: 0.00
    table_boundary: 0.00
    role_change: 0.80
  Decision: KEEP_SEPARATE
  Confidence: 0.95
  Reason: Layout heading unit stays separate from following content.

Continuation Decision:
  previous_block_id: 26_3_update_logical_block_0181
  current_block_id: 26_3_update_logical_block_0182
  previous page: 15
  current page: 15
  previous text: Repository Changes
  current text: Perform the following changes to convert the _operation_ field from “system” to “data”:
  continuation_score: 0.63
  new_boundary_score: 0.18
  Continuation evidence:
    sentence_continuation_score: 0.55
    lexical_continuation_score: 0.00
    capitalization_score: 0.25
    punctuation_score: 0.70
    spatial_proximity_score: 0.94
    alignment_score: 0.76
    typography_score: 0.72
    reading_order_score: 1.00
    page_continuation_score: 0.85
    role_compatibility_score: 0.70
  New boundary evidence:
    heading_change: 0.00
    structural_change: 0.45
    spacing_break: 0.06
    reading_region_change: 0.60
    table_boundary: 0.00
    role_change: 0.20
  Decision: KEEP_SEPARATE
  Confidence: 0.95
  Reason: Layout heading unit stays separate from following content.

Continuation Decision:
  previous_block_id: 26_3_update_logical_block_0182
  current_block_id: 26_3_update_logical_block_0183
  previous page: 15
  current page: 15
  previous text: Perform the following changes to convert the _operation_ field from “system” to “data”:
  current text: 1. Select the _Users_ Integration Object.
  continuation_score: 0.47
  new_boundary_score: 0.11
  Continuation evidence:
    sentence_continuation_score: 0.00
    lexical_continuation_score: 0.00
    capitalization_score: 0.05
    punctuation_score: 0.08
    spatial_proximity_score: 0.83
    alignment_score: 0.73
    typography_score: 0.96
    reading_order_score: 1.00
    page_continuation_score: 0.85
    role_compatibility_score: 0.95
  New boundary evidence:
    heading_change: 0.00
    structural_change: 0.55
    spacing_break: 0.17
    reading_region_change: 0.00
    table_boundary: 0.00
    role_change: 0.00
  Decision: KEEP_SEPARATE
  Confidence: 0.52
  Reason: Structural pattern changed.
  Reason: Previous block does not look incomplete.

Continuation Decision:
  previous_block_id: 26_3_update_logical_block_0183
  current_block_id: 26_3_update_logical_block_0184
  previous page: 15
  current page: 15
  previous text: 1. Select the _Users_ Integration Object.
  current text: 2. Select the child Integration Component _User_ .
  continuation_score: 0.51
  new_boundary_score: 0.14
  Continuation evidence:
    sentence_continuation_score: 0.00
    lexical_continuation_score: 0.00
    capitalization_score: 0.05
    punctuation_score: 0.08
    spatial_proximity_score: 0.97
    alignment_score: 0.94
    typography_score: 1.00
    reading_order_score: 1.00
    page_continuation_score: 0.85
    role_compatibility_score: 0.95
  New boundary evidence:
    heading_change: 0.00
    structural_change: 0.95
    spacing_break: 0.03
    reading_region_change: 0.00
    table_boundary: 0.00
    role_change: 0.00
  Decision: KEEP_SEPARATE
  Confidence: 0.95
  Reason: Parallel enumerated items share an opener class; keep separate.

Continuation Decision:
  previous_block_id: 26_3_update_logical_block_0184
  current_block_id: 26_3_update_logical_block_0185
  previous page: 15
  current page: 15
  previous text: 2. Select the child Integration Component _User_ .
  current text: 3. Select the child Integration Component Field _operation_ .
  continuation_score: 0.50
  new_boundary_score: 0.14
  Continuation evidence:
    sentence_continuation_score: 0.00
    lexical_continuation_score: 0.00
    capitalization_score: 0.05
    punctuation_score: 0.08
    spatial_proximity_score: 0.95
    alignment_score: 0.95
    typography_score: 0.96
    reading_order_score: 1.00
    page_continuation_score: 0.85
    role_compatibility_score: 0.95
  New boundary evidence:
    heading_change: 0.00
    structural_change: 0.95
    spacing_break: 0.05
    reading_region_change: 0.00
    table_boundary: 0.00
    role_change: 0.00
  Decision: KEEP_SEPARATE
  Confidence: 0.95
  Reason: Parallel enumerated items share an opener class; keep separate.

Continuation Decision:
  previous_block_id: 26_3_update_logical_block_0185
  current_block_id: 26_3_update_logical_block_0186
  previous page: 15
  current page: 15
  previous text: 3. Select the child Integration Component Field _operation_ .
  current text: 4. Modify the Type attribute to “Data”.
  continuation_score: 0.44
  new_boundary_score: 0.21
  Continuation evidence:
    sentence_continuation_score: 0.00
    lexical_continuation_score: 0.00
    capitalization_score: 0.05
    punctuation_score: 0.08
    spatial_proximity_score: 0.95
    alignment_score: 0.90
    typography_score: 0.72
    reading_order_score: 1.00
    page_continuation_score: 0.85
    role_compatibility_score: 0.50
  New boundary evidence:
    heading_change: 0.00
    structural_change: 0.95
    spacing_break: 0.05
    reading_region_change: 0.00
    table_boundary: 0.00
    role_change: 0.55
  Decision: KEEP_SEPARATE
  Confidence: 0.95
  Reason: Parallel enumerated items share an opener class; keep separate.

Continuation Decision:
  previous_block_id: 26_3_update_logical_block_0186
  current_block_id: 26_3_update_logical_block_0187
  previous page: 15
  current page: 15
  previous text: 4. Modify the Type attribute to “Data”.
  current text: New Features and Bug Fixes in Siebel CRM Monthly Update 26.1 New Features in Siebel CRM 26.1
  continuation_score: 0.22
  new_boundary_score: 0.23
  Continuation evidence:
    sentence_continuation_score: 0.00
    lexical_continuation_score: 0.00
    capitalization_score: 0.05
    punctuation_score: 0.08
    spatial_proximity_score: 0.28
    alignment_score: 0.40
    typography_score: 0.30
    reading_order_score: 1.00
    page_continuation_score: 0.30
    role_compatibility_score: 0.28
  New boundary evidence:
    heading_change: 0.00
    structural_change: 0.78
    spacing_break: 0.68
    reading_region_change: 0.00
    table_boundary: 0.00
    role_change: 0.00
  Decision: KEEP_SEPARATE
  Confidence: 0.55
  Reason: Significant spatial boundary.
  Reason: Structural pattern changed.
  Reason: Previous block does not look incomplete.

Continuation Decision:
  previous_block_id: 26_3_update_logical_block_0187
  current_block_id: 26_3_update_logical_block_0188
  previous page: 15
  current page: 15
  previous text: New Features and Bug Fixes in Siebel CRM Monthly Update 26.1 New Features in Siebel CRM 26.1
  current text: Feature Name Description Documentation Repository Update Required?
  continuation_score: 0.56
  new_boundary_score: 0.59
  Continuation evidence:
    sentence_continuation_score: 0.55
    lexical_continuation_score: 0.00
    capitalization_score: 0.25
    punctuation_score: 0.70
    spatial_proximity_score: 0.86
    alignment_score: 0.88
    typography_score: 0.37
    reading_order_score: 1.00
    page_continuation_score: 0.85
    role_compatibility_score: 0.30
  New boundary evidence:
    heading_change: 0.85
    structural_change: 0.80
    spacing_break: 0.14
    reading_region_change: 0.00
    table_boundary: 1.00
    role_change: 0.55
  Decision: KEEP_SEPARATE
  Confidence: 0.95
  Reason: Structured record adjacent to non-record content.

Continuation Decision:
  previous_block_id: 26_3_update_logical_block_0188
  current_block_id: 26_3_update_logical_block_0189
  previous page: 15
  current page: 15
  previous text: Feature Name Description Documentation Repository Update Required?
  current text: Preserve Customer Configuration Changes During Monthly Updates This feature decreases the time and effort to uptake new features released in Monthly Updates. Effective with this feature, the RepositoryUpgrade process has been replaced with "RepositoryUpdate". This new process reduces the number of changes made by the utility, with an overall benefit of a smoother uptake of the content introduced in a Siebel Monthly Update, allowing customers to leverage new features more easily than before. Background Formerly, during a Monthly Update, there was a process known as "RepositoryUpgrade", which updated the Siebel CRM environment to incorporate Repository changes, schema changes, seed data, and other modifications introduced by new features. This utility delivered optional Repository changes made by the Oracle Siebel CRM development team. During execution, the RepositoryUpgrade utility imported data from the intervening releases since the last time it was run. If the Siebel CRM environment was not kept up- to-date regularly with the latest Siebel CRM Monthly Updates, then the number of Repository changes that must be applied increased as well, • Database Upgrade Guide No
  continuation_score: 0.46
  new_boundary_score: 0.56
  Continuation evidence:
    sentence_continuation_score: 0.00
    lexical_continuation_score: 0.00
    capitalization_score: 0.05
    punctuation_score: 0.08
    spatial_proximity_score: 1.00
    alignment_score: 1.00
    typography_score: 0.75
    reading_order_score: 1.00
    page_continuation_score: 0.85
    role_compatibility_score: 0.60
  New boundary evidence:
    heading_change: 0.87
    structural_change: 0.55
    spacing_break: 0.00
    reading_region_change: 0.00
    table_boundary: 1.00
    role_change: 0.80
  Decision: KEEP_SEPARATE
  Confidence: 0.95
  Reason: Both blocks are structured records; table rows stay independent.
