
[EXTRACTION]
  Backend: structured
  Document id: 26_3_update
  Pages: 15
  Raw extraction units: 194
  Grids found by extractor geometry: 18

[BLOCK CONSOLIDATION]
  Evaluating 188 adjacent pair(s) for continuation vs new-boundary evidence...
    Continuation Decision:
    Previous block: 26_3_update_logical_block_0001 (page 1)
      text: Siebel CRM Update Guide and Known Issues
    Current block: 26_3_update_logical_block_0002 (page 1)
      text: Siebel CRM 26.3 Update March 2026
    Continuation evidence:
      sentence_continuation_score: 0.55
      lexical_continuation_score: 0.00
      capitalization_score: 0.25
      punctuation_score: 0.70
      spatial_proximity_score: 0.81
      alignment_score: 0.78
      typography_score: 0.73
      reading_order_score: 1.00
      page_continuation_score: 0.85
      role_compatibility_score: 0.60
    New boundary evidence:
      heading_change: 0.00
      structural_change: 0.00
      spacing_break: 0.19
      reading_region_change: 0.58
      table_boundary: 0.00
      role_change: 0.00
    Continuation score: 0.60
    New boundary score: 0.12
    Decision: KEEP_SEPARATE
    Confidence: 0.95
      reason: Layout heading unit stays separate from following content.
    Continuation Decision:
    Previous block: 26_3_update_logical_block_0002 (page 1)
      text: Siebel CRM 26.3 Update March 2026
    Current block: 26_3_update_logical_block_0003 (page 1)
      text: Required Patches
    Continuation evidence:
      sentence_continuation_score: 0.55
      lexical_continuation_score: 0.00
      capitalization_score: 0.25
      punctuation_score: 0.70
      spatial_proximity_score: 0.78
      alignment_score: 0.98
      typography_score: 0.61
      reading_order_score: 1.00
      page_continuation_score: 0.85
      role_compatibility_score: 0.30
    New boundary evidence:
      heading_change: 0.77
      structural_change: 0.45
      spacing_break: 0.22
      reading_region_change: 0.00
      table_boundary: 0.00
      role_change: 0.55
    Continuation score: 0.58
    New boundary score: 0.35
    Decision: KEEP_SEPARATE
    Confidence: 0.57
      reason: Strong new prominent structure detected.
    Continuation Decision:
    Previous block: 26_3_update_logical_block_0003 (page 1)
      text: Required Patches
    Current block: 26_3_update_logical_block_0004 (page 1)
      text: NOTE: Immediately after installing the 26.3 Monthly Update, one or more patches must be installed as listed below.
    Continuation evidence:
      sentence_continuation_score: 0.55
      lexical_continuation_score: 0.00
      capitalization_score: 0.25
      punctuation_score: 0.70
      spatial_proximity_score: 0.25
      alignment_score: 0.77
      typography_score: 0.57
      reading_order_score: 1.00
      page_continuation_score: 0.85
      role_compatibility_score: 0.70
    New boundary evidence:
      heading_change: 0.00
      structural_change: 0.45
      spacing_break: 0.75
      reading_region_change: 0.85
      table_boundary: 0.00
      role_change: 0.20
    Continuation score: 0.52
    New boundary score: 0.34
    Decision: KEEP_SEPARATE
    Confidence: 0.95
      reason: Layout heading unit stays separate from following content.
    Continuation Decision:
    Previous block: 26_3_update_logical_block_0004 (page 1)
      text: NOTE: Immediately after installing the 26.3 Monthly Update, one or more patches must be installed as listed below.
    Current block: 26_3_update_logical_block_0005 (page 1)
      text: You are not in a supported configuration if any required patch is not installed.
    Continuation evidence:
      sentence_continuation_score: 0.00
      lexical_continuation_score: 0.00
      capitalization_score: 0.05
      punctuation_score: 0.08
      spatial_proximity_score: 0.28
      alignment_score: 0.40
      typography_score: 0.07
      reading_order_score: 1.00
      page_continuation_score: 0.30
      role_compatibility_score: 0.15
    New boundary evidence:
      heading_change: 0.76
      structural_change: 0.78
      spacing_break: 0.68
      reading_region_change: 0.00
      table_boundary: 0.00
      role_change: 0.90
    Continuation score: 0.19
    New boundary score: 0.52
    Decision: KEEP_SEPARATE
    Confidence: 0.95
      reason: Body followed by a new prominent unit with terminal punctuation.
    Continuation Decision:
    Previous block: 26_3_update_logical_block_0005 (page 1)
      text: You are not in a supported configuration if any required patch is not installed.
    Current block: 26_3_update_logical_block_0006 (page 1)
      text: Platforms Required Patches
    Continuation evidence:
      sentence_continuation_score: 0.00
      lexical_continuation_score: 0.00
      capitalization_score: 0.05
      punctuation_score: 0.08
      spatial_proximity_score: 0.87
      alignment_score: 0.90
      typography_score: 0.75
      reading_order_score: 1.00
      page_continuation_score: 0.85
      role_compatibility_score: 0.30
    New boundary evidence:
      heading_change: 0.00
      structural_change: 0.80
      spacing_break: 0.13
      reading_region_change: 0.00
      table_boundary: 1.00
      role_change: 0.55
    Continuation score: 0.41
    New boundary score: 0.38
    Decision: KEEP_SEPARATE
    Confidence: 0.95
      reason: Structured record adjacent to non-record content.
    Continuation Decision:
    Previous block: 26_3_update_logical_block_0006 (page 1)
      text: Platforms Required Patches
    Current block: 26_3_update_logical_block_0007 (page 1)
      text: Windows (serversandMobile Web Clients) 39111271
    Continuation evidence:
      sentence_continuation_score: 0.55
      lexical_continuation_score: 0.00
      capitalization_score: 0.25
      punctuation_score: 0.70
      spatial_proximity_score: 1.00
      alignment_score: 1.00
      typography_score: 0.75
      reading_order_score: 1.00
      page_continuation_score: 0.85
      role_compatibility_score: 0.55
    New boundary evidence:
      heading_change: 0.00
      structural_change: 0.45
      spacing_break: 0.00
      reading_region_change: 0.00
      table_boundary: 1.00
      role_change: 0.55
    Continuation score: 0.64
    New boundary score: 0.31
    Decision: KEEP_SEPARATE
    Confidence: 0.95
      reason: Both blocks are structured records; table rows stay independent.
    Continuation Decision:
    Previous block: 26_3_update_logical_block_0007 (page 1)
      text: Windows (serversandMobile Web Clients) 39111271
    Current block: 26_3_update_logical_block_0008 (page 1)
      text: Linux(servers) 39186423
    Continuation evidence:
      sentence_continuation_score: 0.55
      lexical_continuation_score: 0.00
      capitalization_score: 0.25
      punctuation_score: 0.70
      spatial_proximity_score: 1.00
      alignment_score: 1.00
      typography_score: 0.75
      reading_order_score: 1.00
      page_continuation_score: 0.85
      role_compatibility_score: 0.50
    New boundary evidence:
      heading_change: 0.00
      structural_change: 0.45
      spacing_break: 0.00
      reading_region_change: 0.00
      table_boundary: 1.00
      role_change: 0.55
    Continuation score: 0.64
    New boundary score: 0.31
    Decision: KEEP_SEPARATE
    Confidence: 0.95
      reason: Both blocks are structured records; table rows stay independent.
    Continuation Decision:
    Previous block: 26_3_update_logical_block_0008 (page 1)
      text: Linux(servers) 39186423
    Current block: 26_3_update_logical_block_0009 (page 1)
      text: Effect of Encryption Upgrade in 25.10 and Later
    Continuation evidence:
      sentence_continuation_score: 0.55
      lexical_continuation_score: 0.00
      capitalization_score: 0.25
      punctuation_score: 0.70
      spatial_proximity_score: 0.54
      alignment_score: 0.94
      typography_score: 0.75
      reading_order_score: 1.00
      page_continuation_score: 0.85
      role_compatibility_score: 0.30
    New boundary evidence:
      heading_change: 0.76
      structural_change: 0.80
      spacing_break: 0.46
      reading_region_change: 0.00
      table_boundary: 1.00
      role_change: 0.55
    Continuation score: 0.55
    New boundary score: 0.62
    Decision: KEEP_SEPARATE
    Confidence: 0.95
      reason: Structured record adjacent to non-record content.
    Continuation Decision:
    Previous block: 26_3_update_logical_block_0009 (page 1)
      text: Effect of Encryption Upgrade in 25.10 and Later
    Current block: 26_3_update_logical_block_0010 (page 1)
      text: The 25.10 Monthly Update includes an upgrade to the encryption used by Siebel CRM. This will require brief downtime—that is, Rolling Updates will not work when crossing the 25.10 boundary . Please review the links for the feature _AES 256 Replacement Using OpenSSL_ below.
    Continuation evidence:
      sentence_continuation_score: 0.55
      lexical_continuation_score: 0.00
      capitalization_score: 0.25
      punctuation_score: 0.70
      spatial_proximity_score: 0.83
      alignment_score: 0.87
      typography_score: 0.44
      reading_order_score: 1.00
      page_continuation_score: 0.85
      role_compatibility_score: 0.60
    New boundary evidence:
      heading_change: 0.84
      structural_change: 0.00
      spacing_break: 0.17
      reading_region_change: 0.00
      table_boundary: 0.00
      role_change: 0.80
    Continuation score: 0.59
    New boundary score: 0.33
    Decision: KEEP_SEPARATE
    Confidence: 0.95
      reason: Layout heading unit stays separate from following content.
    Continuation Decision:
    Previous block: 26_3_update_logical_block_0010 (page 1)
      text: The 25.10 Monthly Update includes an upgrade to the encryption used by Siebel CRM. This will require brief downtime—that is, Rolling Updates will not work when crossing the 25.10 boundary . Please review the links for the feature _AES 256 Replacement Using OpenSSL_ below.
    Current block: 26_3_update_logical_block_0011 (page 1)
      text: Information about this Siebel CRM Monthly Update:
    Continuation evidence:
      sentence_continuation_score: 0.00
      lexical_continuation_score: 0.00
      capitalization_score: 0.05
      punctuation_score: 0.08
      spatial_proximity_score: 0.83
      alignment_score: 0.84
      typography_score: 0.46
      reading_order_score: 1.00
      page_continuation_score: 0.85
      role_compatibility_score: 0.70
    New boundary evidence:
      heading_change: 0.00
      structural_change: 0.55
      spacing_break: 0.17
      reading_region_change: 0.52
      table_boundary: 0.00
      role_change: 0.20
    Continuation score: 0.41
    New boundary score: 0.20
    Decision: KEEP_SEPARATE
    Confidence: 0.54
      reason: Different reading column / region.
      reason: Structural pattern changed.
      reason: Previous block does not look incomplete.
    Continuation Decision:
    Previous block: 26_3_update_logical_block_0011 (page 1)
      text: Information about this Siebel CRM Monthly Update:
    Current block: 26_3_update_logical_block_0012 (page 1)
      text: - Required Downloads
    Continuation evidence:
      sentence_continuation_score: 0.00
      lexical_continuation_score: 0.00
      capitalization_score: 0.05
      punctuation_score: 0.08
      spatial_proximity_score: 0.83
      alignment_score: 0.74
      typography_score: 0.75
      reading_order_score: 1.00
      page_continuation_score: 0.85
      role_compatibility_score: 0.50
    New boundary evidence:
      heading_change: 0.00
      structural_change: 0.55
      spacing_break: 0.17
      reading_region_change: 0.00
      table_boundary: 0.00
      role_change: 0.55
    Continuation score: 0.41
    New boundary score: 0.17
    Decision: KEEP_SEPARATE
    Confidence: 0.53
      reason: Structural pattern changed.
      reason: Previous block does not look incomplete.
    Continuation Decision:
    Previous block: 26_3_update_logical_block_0012 (page 1)
      text: - Required Downloads
    Current block: 26_3_update_logical_block_0013 (page 1)
      text: - Update Basics
    Continuation evidence:
      sentence_continuation_score: 0.55
      lexical_continuation_score: 0.00
      capitalization_score: 0.25
      punctuation_score: 0.70
      spatial_proximity_score: 0.95
      alignment_score: 0.93
      typography_score: 0.72
      reading_order_score: 1.00
      page_continuation_score: 0.85
      role_compatibility_score: 0.60
    New boundary evidence:
      heading_change: 0.00
      structural_change: 0.95
      spacing_break: 0.05
      reading_region_change: 0.00
      table_boundary: 0.00
      role_change: 0.00
    Continuation score: 0.63
    New boundary score: 0.14
    Decision: KEEP_SEPARATE
    Confidence: 0.95
      reason: Parallel enumerated items share an opener class; keep separate.
    Continuation Decision:
    Previous block: 26_3_update_logical_block_0013 (page 1)
      text: - Update Basics
    Current block: 26_3_update_logical_block_0014 (page 1)
      text: - Repository Updates
    Continuation evidence:
      sentence_continuation_score: 0.55
      lexical_continuation_score: 0.00
      capitalization_score: 0.25
      punctuation_score: 0.70
      spatial_proximity_score: 0.95
      alignment_score: 0.94
      typography_score: 0.72
      reading_order_score: 1.00
      page_continuation_score: 0.85
      role_compatibility_score: 0.60
    New boundary evidence:
      heading_change: 0.00
      structural_change: 0.95
      spacing_break: 0.05
      reading_region_change: 0.00
      table_boundary: 0.00
      role_change: 0.00
    Continuation score: 0.64
    New boundary score: 0.14
    Decision: KEEP_SEPARATE
    Confidence: 0.95
      reason: Parallel enumerated items share an opener class; keep separate.
    Continuation Decision:
    Previous block: 26_3_update_logical_block_0014 (page 1)
      text: - Repository Updates
    Current block: 26_3_update_logical_block_0015 (page 1)
      text: - Features and Bug Fixes by Release
    Continuation evidence:
      sentence_continuation_score: 0.55
      lexical_continuation_score: 0.00
      capitalization_score: 0.25
      punctuation_score: 0.70
      spatial_proximity_score: 0.95
      alignment_score: 0.88
      typography_score: 0.72
      reading_order_score: 1.00
      page_continuation_score: 0.85
      role_compatibility_score: 0.60
    New boundary evidence:
      heading_change: 0.00
      structural_change: 0.95
      spacing_break: 0.05
      reading_region_change: 0.00
      table_boundary: 0.00
      role_change: 0.00
    Continuation score: 0.63
    New boundary score: 0.14
    Decision: KEEP_SEPARATE
    Confidence: 0.95
      reason: Parallel enumerated items share an opener class; keep separate.
    Continuation Decision:
    Previous block: 26_3_update_logical_block_0015 (page 1)
      text: - Features and Bug Fixes by Release
    Current block: 26_3_update_logical_block_0016 (page 1)
      text: - Known Issues
    Continuation evidence:
      sentence_continuation_score: 0.55
      lexical_continuation_score: 0.00
      capitalization_score: 0.25
      punctuation_score: 0.70
      spatial_proximity_score: 0.95
      alignment_score: 0.84
      typography_score: 0.65
      reading_order_score: 1.00
      page_continuation_score: 0.85
      role_compatibility_score: 0.60
    New boundary evidence:
      heading_change: 0.00
      structural_change: 0.95
      spacing_break: 0.05
      reading_region_change: 0.00
      table_boundary: 0.00
      role_change: 0.00
    Continuation score: 0.62
    New boundary score: 0.14
    Decision: KEEP_SEPARATE
    Confidence: 0.95
      reason: Parallel enumerated items share an opener class; keep separate.
    Continuation Decision:
    Previous block: 26_3_update_logical_block_0016 (page 1)
      text: - Known Issues
    Current block: 26_3_update_logical_block_0017 (page 1)
      text: NOTE: For an HTML version of this document, please download the first ZIP file in the corresponding patch. The HTML version provides responsive tables and the ability to expand/collapse areas, making the information easier to consume.
    Continuation evidence:
      sentence_continuation_score: 0.55
      lexical_continuation_score: 0.00
      capitalization_score: 0.25
      punctuation_score: 0.70
      spatial_proximity_score: 0.25
      alignment_score: 0.65
      typography_score: 0.53
      reading_order_score: 1.00
      page_continuation_score: 0.85
      role_compatibility_score: 0.55
    New boundary evidence:
      heading_change: 0.00
      structural_change: 0.45
      spacing_break: 0.75
      reading_region_change: 0.85
      table_boundary: 0.00
      role_change: 0.55
    Continuation score: 0.49
    New boundary score: 0.38
    Decision: KEEP_SEPARATE
    Confidence: 0.58
      reason: Significant spatial boundary.
      reason: Different reading column / region.
    Continuation Decision:
    Previous block: 26_3_update_logical_block_0017 (page 1)
      text: NOTE: For an HTML version of this document, please download the first ZIP file in the corresponding patch. The HTML version provides responsive tables and the ability to expand/collapse areas, making the information easier to consume.
    Current block: 26_3_update_logical_block_0018 (page 1)
      text: NOTE: If you need an earlier or later version of this document, you can find all of them on My Oracle Support at https://support.oracle.com/support/?kmExternalId=KB825124.
    Continuation evidence:
      sentence_continuation_score: 0.00
      lexical_continuation_score: 0.00
      capitalization_score: 0.05
      punctuation_score: 0.08
      spatial_proximity_score: 0.84
      alignment_score: 0.94
      typography_score: 1.00
      reading_order_score: 1.00
      page_continuation_score: 0.85
      role_compatibility_score: 0.95
    New boundary evidence:
      heading_change: 0.00
      structural_change: 0.55
      spacing_break: 0.16
      reading_region_change: 0.00
      table_boundary: 0.00
      role_change: 0.00
    Continuation score: 0.49
    New boundary score: 0.11
    Decision: KEEP_SEPARATE
    Confidence: 0.52
      reason: Structural pattern changed.
      reason: Previous block does not look incomplete.
    Continuation Decision:
    Previous block: 26_3_update_logical_block_0018 (page 1)
      text: NOTE: If you need an earlier or later version of this document, you can find all of them on My Oracle Support at https://support.oracle.com/support/?kmExternalId=KB825124.
    Current block: 26_3_update_logical_block_0019 (page 1)
      text: Required Downloads
    Continuation evidence:
      sentence_continuation_score: 0.00
      lexical_continuation_score: 0.00
      capitalization_score: 0.05
      punctuation_score: 0.08
      spatial_proximity_score: 0.28
      alignment_score: 0.40
      typography_score: 0.30
      reading_order_score: 1.00
      page_continuation_score: 0.30
      role_compatibility_score: 0.28
    New boundary evidence:
      heading_change: 0.41
      structural_change: 0.78
      spacing_break: 0.68
      reading_region_change: 0.49
      table_boundary: 0.00
      role_change: 0.55
    Continuation score: 0.22
    New boundary score: 0.47
    Decision: KEEP_SEPARATE
    Confidence: 0.72
      reason: Significant spatial boundary.
      reason: Structural pattern changed.
      reason: Previous block does not look incomplete.
    Continuation Decision:
    Previous block: 26_3_update_logical_block_0019 (page 1)
      text: Required Downloads
    Current block: 26_3_update_logical_block_0020 (page 1)
      text: Each Monthly Update patch available on My Oracle Support is divided into a series of archive (ZIP) files. Depending on the Siebel Application Server operating system and the features you wish to deploy, you do not need to download all the files associated with the Monthly Update. Please use the following information to assist in selecting the files that you must download.
    Continuation evidence:
      sentence_continuation_score: 0.55
      lexical_continuation_score: 0.00
      capitalization_score: 0.25
      punctuation_score: 0.70
      spatial_proximity_score: 0.25
      alignment_score: 0.79
      typography_score: 0.47
      reading_order_score: 1.00
      page_continuation_score: 0.85
      role_compatibility_score: 0.30
    New boundary evidence:
      heading_change: 0.78
      structural_change: 0.45
      spacing_break: 0.75
      reading_region_change: 0.85
      table_boundary: 0.00
      role_change: 0.55
    Continuation score: 0.47
    New boundary score: 0.57
    Decision: KEEP_SEPARATE
    Confidence: 0.95
      reason: Layout heading unit stays separate from following content.
    Continuation Decision:
    Previous block: 26_3_update_logical_block_0020 (page 1)
      text: Each Monthly Update patch available on My Oracle Support is divided into a series of archive (ZIP) files. Depending on the Siebel Application Server operating system and the features you wish to deploy, you do not need to download all the files associated with the Monthly Update. Please use the following information to assist in selecting the files that you must download.
    Current block: 26_3_update_logical_block_0021 (page 1)
      text: The ZIP files provided in the Monthly Update will all have a name of the form p<patch>_<updateversion>_<platform>_<XofY>.zip, where:
    Continuation evidence:
      sentence_continuation_score: 0.00
      lexical_continuation_score: 0.00
      capitalization_score: 0.05
      punctuation_score: 0.08
      spatial_proximity_score: 0.83
      alignment_score: 0.91
      typography_score: 0.57
      reading_order_score: 1.00
      page_continuation_score: 0.85
      role_compatibility_score: 0.70
    New boundary evidence:
      heading_change: 0.00
      structural_change: 0.55
      spacing_break: 0.17
      reading_region_change: 0.00
      table_boundary: 0.00
      role_change: 0.20
    Continuation score: 0.43
    New boundary score: 0.13
    Decision: KEEP_SEPARATE
    Confidence: 0.53
      reason: Structural pattern changed.
      reason: Previous block does not look incomplete.
    Continuation Decision:
    Previous block: 26_3_update_logical_block_0021 (page 1)
      text: The ZIP files provided in the Monthly Update will all have a name of the form p<patch>_<updateversion>_<platform>_<XofY>.zip, where:
    Current block: 26_3_update_logical_block_0022 (page 1)
      text: - <patch> refers to the MOS patch number for the Monthly Update. It will be an eight-digit number, such as 37386170.
    Continuation evidence:
      sentence_continuation_score: 0.45
      lexical_continuation_score: 0.00
      capitalization_score: 0.95
      punctuation_score: 0.55
      spatial_proximity_score: 0.84
      alignment_score: 0.82
      typography_score: 0.97
      reading_order_score: 1.00
      page_continuation_score: 0.85
      role_compatibility_score: 0.95
    New boundary evidence:
      heading_change: 0.00
      structural_change: 0.00
      spacing_break: 0.16
      reading_region_change: 0.00
      table_boundary: 0.00
      role_change: 0.00
    Continuation score: 0.69
    New boundary score: 0.03
    Decision: KEEP_SEPARATE
    Confidence: 0.51
      reason: New-boundary evidence dominates continuation evidence.
      reason: Adjacent units look related but previous text is finished; kept as separate items to avoid over-grouping.
    Continuation Decision:
    Previous block: 26_3_update_logical_block_0022 (page 1)
      text: - <patch> refers to the MOS patch number for the Monthly Update. It will be an eight-digit number, such as 37386170.
    Current block: 26_3_update_logical_block_0023 (page 2)
      text: - <updateversion> refers to the Monthly Update’s release in the form YYM, without a separator, such as “263” for 26.3.
    Continuation evidence:
      sentence_continuation_score: 0.45
      lexical_continuation_score: 0.00
      capitalization_score: 0.95
      punctuation_score: 0.10
      spatial_proximity_score: 0.96
      alignment_score: 0.99
      typography_score: 1.00
      reading_order_score: 1.00
      page_continuation_score: 0.35
      role_compatibility_score: 0.95
    New boundary evidence:
      heading_change: 0.00
      structural_change: 0.95
      spacing_break: 0.55
      reading_region_change: 0.00
      table_boundary: 0.00
      role_change: 0.00
    Continuation score: 0.66
    New boundary score: 0.23
    Decision: KEEP_SEPARATE
    Confidence: 0.95
      reason: Parallel enumerated items share an opener class; keep separate.
    Continuation Decision:
    Previous block: 26_3_update_logical_block_0023 (page 2)
      text: - <updateversion> refers to the Monthly Update’s release in the form YYM, without a separator, such as “263” for 26.3.
    Current block: 26_3_update_logical_block_0024 (page 2)
      text: - <platform> refers to one of the supported platforms:
    Continuation evidence:
      sentence_continuation_score: 0.45
      lexical_continuation_score: 0.00
      capitalization_score: 0.95
      punctuation_score: 0.10
      spatial_proximity_score: 0.94
      alignment_score: 0.87
      typography_score: 0.78
      reading_order_score: 1.00
      page_continuation_score: 0.85
      role_compatibility_score: 0.95
    New boundary evidence:
      heading_change: 0.00
      structural_change: 0.95
      spacing_break: 0.06
      reading_region_change: 0.00
      table_boundary: 0.00
      role_change: 0.00
    Continuation score: 0.65
    New boundary score: 0.14
    Decision: KEEP_SEPARATE
    Confidence: 0.95
      reason: Parallel enumerated items share an opener class; keep separate.
    Continuation Decision:
    Previous block: 26_3_update_logical_block_0024 (page 2)
      text: - <platform> refers to one of the supported platforms:
    Current block: 26_3_update_logical_block_0025 (page 2)
      text: <platform> Description
    Continuation evidence:
      sentence_continuation_score: 0.45
      lexical_continuation_score: 0.00
      capitalization_score: 0.95
      punctuation_score: 0.55
      spatial_proximity_score: 0.87
      alignment_score: 0.85
      typography_score: 0.68
      reading_order_score: 1.00
      page_continuation_score: 0.85
      role_compatibility_score: 0.50
    New boundary evidence:
      heading_change: 0.00
      structural_change: 0.95
      spacing_break: 0.13
      reading_region_change: 0.00
      table_boundary: 1.00
      role_change: 0.55
    Continuation score: 0.63
    New boundary score: 0.40
    Decision: KEEP_SEPARATE
    Confidence: 0.95
      reason: Structured record adjacent to non-record content.
    Continuation Decision:
    Previous block: 26_3_update_logical_block_0025 (page 2)
      text: <platform> Description
    Current block: 26_3_update_logical_block_0026 (page 2)
      text: MSWIN-x86-64 Microsoft Windows x64
    Continuation evidence:
      sentence_continuation_score: 0.55
      lexical_continuation_score: 0.00
      capitalization_score: 0.25
      punctuation_score: 0.70
      spatial_proximity_score: 1.00
      alignment_score: 1.00
      typography_score: 0.75
      reading_order_score: 1.00
      page_continuation_score: 0.85
      role_compatibility_score: 0.60
    New boundary evidence:
      heading_change: 0.00
      structural_change: 0.00
      spacing_break: 0.00
      reading_region_change: 0.00
      table_boundary: 1.00
      role_change: 0.00
    Continuation score: 0.65
    New boundary score: 0.18
    Decision: KEEP_SEPARATE
    Confidence: 0.95
      reason: Both blocks are structured records; table rows stay independent.
    Continuation Decision:
    Previous block: 26_3_update_logical_block_0026 (page 2)
      text: MSWIN-x86-64 Microsoft Windows x64
    Current block: 26_3_update_logical_block_0027 (page 2)
      text: Linux x86-64 Linux x86-64
    Continuation evidence:
      sentence_continuation_score: 0.55
      lexical_continuation_score: 0.00
      capitalization_score: 0.25
      punctuation_score: 0.70
      spatial_proximity_score: 1.00
      alignment_score: 1.00
      typography_score: 0.75
      reading_order_score: 1.00
      page_continuation_score: 0.85
      role_compatibility_score: 0.60
    New boundary evidence:
      heading_change: 0.00
      structural_change: 0.00
      spacing_break: 0.00
      reading_region_change: 0.00
      table_boundary: 1.00
      role_change: 0.00
    Continuation score: 0.65
    New boundary score: 0.18
    Decision: KEEP_SEPARATE
    Confidence: 0.95
      reason: Both blocks are structured records; table rows stay independent.
    Continuation Decision:
    Previous block: 26_3_update_logical_block_0027 (page 2)
      text: Linux x86-64 Linux x86-64
    Current block: 26_3_update_logical_block_0028 (page 2)
      text: AIX64-5L IBM AIX on POWER Systems
    Continuation evidence:
      sentence_continuation_score: 0.55
      lexical_continuation_score: 0.00
      capitalization_score: 0.25
      punctuation_score: 0.70
      spatial_proximity_score: 1.00
      alignment_score: 1.00
      typography_score: 0.75
      reading_order_score: 1.00
      page_continuation_score: 0.85
      role_compatibility_score: 0.60
    New boundary evidence:
      heading_change: 0.00
      structural_change: 0.00
      spacing_break: 0.00
      reading_region_change: 0.00
      table_boundary: 1.00
      role_change: 0.00
    Continuation score: 0.65
    New boundary score: 0.18
    Decision: KEEP_SEPARATE
    Confidence: 0.95
      reason: Both blocks are structured records; table rows stay independent.
    Continuation Decision:
    Previous block: 26_3_update_logical_block_0028 (page 2)
      text: AIX64-5L IBM AIX on POWER Systems
    Current block: 26_3_update_logical_block_0029 (page 2)
      text: NOTE: As of the 25.5 release, Solaris and HPUX are no longer available for download. For more information, please review MOS article 3081239.1.
    Continuation evidence:
      sentence_continuation_score: 0.55
      lexical_continuation_score: 0.50
      capitalization_score: 0.25
      punctuation_score: 0.70
      spatial_proximity_score: 0.97
      alignment_score: 0.92
      typography_score: 0.64
      reading_order_score: 1.00
      page_continuation_score: 0.85
      role_compatibility_score: 0.55
    New boundary evidence:
      heading_change: 0.00
      structural_change: 0.80
      spacing_break: 0.03
      reading_region_change: 0.00
      table_boundary: 1.00
      role_change: 0.55
    Continuation score: 0.67
    New boundary score: 0.36
    Decision: KEEP_SEPARATE
    Confidence: 0.95
      reason: Structured record adjacent to non-record content.
    Continuation Decision:
    Previous block: 26_3_update_logical_block_0029 (page 2)
      text: NOTE: As of the 25.5 release, Solaris and HPUX are no longer available for download. For more information, please review MOS article 3081239.1.
    Current block: 26_3_update_logical_block_0030 (page 2)
      text: - <XofY> makes identifies the specific ZIP file within the series, such as “5of14”.
    Continuation evidence:
      sentence_continuation_score: 0.00
      lexical_continuation_score: 0.00
      capitalization_score: 0.05
      punctuation_score: 0.08
      spatial_proximity_score: 0.83
      alignment_score: 0.84
      typography_score: 0.82
      reading_order_score: 1.00
      page_continuation_score: 0.85
      role_compatibility_score: 0.95
    New boundary evidence:
      heading_change: 0.00
      structural_change: 0.55
      spacing_break: 0.17
      reading_region_change: 0.00
      table_boundary: 0.00
      role_change: 0.00
    Continuation score: 0.47
    New boundary score: 0.11
    Decision: KEEP_SEPARATE
    Confidence: 0.52
      reason: Structural pattern changed.
      reason: Previous block does not look incomplete.
    Continuation Decision:
    Previous block: 26_3_update_logical_block_0030 (page 2)
      text: - <XofY> makes identifies the specific ZIP file within the series, such as “5of14”.
    Current block: 26_3_update_logical_block_0031 (page 2)
      text: An example representing ZIP file 5 of 14 for Windows, Siebel Monthly Update 24.12 would be:
    Continuation evidence:
      sentence_continuation_score: 0.00
      lexical_continuation_score: 0.00
      capitalization_score: 0.05
      punctuation_score: 0.08
      spatial_proximity_score: 0.84
      alignment_score: 0.86
      typography_score: 1.00
      reading_order_score: 1.00
      page_continuation_score: 0.85
      role_compatibility_score: 0.95
    New boundary evidence:
      heading_change: 0.00
      structural_change: 0.55
      spacing_break: 0.16
      reading_region_change: 0.00
      table_boundary: 0.00
      role_change: 0.00
    Continuation score: 0.48
    New boundary score: 0.11
    Decision: KEEP_SEPARATE
    Confidence: 0.52
      reason: Structural pattern changed.
      reason: Previous block does not look incomplete.
    Continuation Decision:
    Previous block: 26_3_update_logical_block_0031 (page 2)
      text: An example representing ZIP file 5 of 14 for Windows, Siebel Monthly Update 24.12 would be:
    Current block: 26_3_update_logical_block_0032 (page 2)
      text: ``` p37386170_2412_MSWIN-x86-64_5of14.zip ```
    Continuation evidence:
      sentence_continuation_score: 0.45
      lexical_continuation_score: 0.00
      capitalization_score: 0.95
      punctuation_score: 0.55
      spatial_proximity_score: 0.86
      alignment_score: 0.83
      typography_score: 0.66
      reading_order_score: 1.00
      page_continuation_score: 0.85
      role_compatibility_score: 0.95
    New boundary evidence:
      heading_change: 0.00
      structural_change: 0.00
      spacing_break: 0.14
      reading_region_change: 0.00
      table_boundary: 0.00
      role_change: 0.00
    Continuation score: 0.67
    New boundary score: 0.03
    Decision: KEEP_SEPARATE
    Confidence: 0.51
      reason: New-boundary evidence dominates continuation evidence.
      reason: Adjacent units look related but previous text is finished; kept as separate items to avoid over-grouping.
    Continuation Decision:
    Previous block: 26_3_update_logical_block_0032 (page 2)
      text: ``` p37386170_2412_MSWIN-x86-64_5of14.zip ```
    Current block: 26_3_update_logical_block_0033 (page 2)
      text: The ZIP files for Windows versus the other supported platforms are different, as some components (such as DISA) only run on Windows platforms. Expand the link below that is relevant to your environment.
    Continuation evidence:
      sentence_continuation_score: 0.55
      lexical_continuation_score: 0.00
      capitalization_score: 0.25
      punctuation_score: 0.70
      spatial_proximity_score: 0.83
      alignment_score: 0.82
      typography_score: 0.60
      reading_order_score: 1.00
      page_continuation_score: 0.85
      role_compatibility_score: 0.95
    New boundary evidence:
      heading_change: 0.00
      structural_change: 0.00
      spacing_break: 0.17
      reading_region_change: 0.59
      table_boundary: 0.00
      role_change: 0.00
    Continuation score: 0.63
    New boundary score: 0.11
    Decision: KEEP_SEPARATE
    Confidence: 0.52
      reason: Different reading column / region.
    Continuation Decision:
    Previous block: 26_3_update_logical_block_0033 (page 2)
      text: The ZIP files for Windows versus the other supported platforms are different, as some components (such as DISA) only run on Windows platforms. Expand the link below that is relevant to your environment.
    Current block: 26_3_update_logical_block_0034 (page 2)
      text: NOTE: You do not need to download everything—for example, if you are not using DISA, there is no requirement to download that ZIP file.
    Continuation evidence:
      sentence_continuation_score: 0.00
      lexical_continuation_score: 0.00
      capitalization_score: 0.05
      punctuation_score: 0.08
      spatial_proximity_score: 0.84
      alignment_score: 1.00
      typography_score: 0.71
      reading_order_score: 1.00
      page_continuation_score: 0.85
      role_compatibility_score: 0.95
    New boundary evidence:
      heading_change: 0.00
      structural_change: 0.55
      spacing_break: 0.16
      reading_region_change: 0.00
      table_boundary: 0.00
      role_change: 0.00
    Continuation score: 0.47
    New boundary score: 0.11
    Decision: KEEP_SEPARATE
    Confidence: 0.52
      reason: Structural pattern changed.
      reason: Previous block does not look incomplete.
    Continuation Decision:
    Previous block: 26_3_update_logical_block_0034 (page 2)
      text: NOTE: You do not need to download everything—for example, if you are not using DISA, there is no requirement to download that ZIP file.
    Current block: 26_3_update_logical_block_0035 (page 2)
      text: Windows Archive Files
    Continuation evidence:
      sentence_continuation_score: 0.00
      lexical_continuation_score: 0.00
      capitalization_score: 0.05
      punctuation_score: 0.08
      spatial_proximity_score: 0.25
      alignment_score: 0.40
      typography_score: 0.30
      reading_order_score: 1.00
      page_continuation_score: 0.30
      role_compatibility_score: 0.28
    New boundary evidence:
      heading_change: 0.00
      structural_change: 0.78
      spacing_break: 0.75
      reading_region_change: 0.85
      table_boundary: 0.00
      role_change: 0.55
    Continuation score: 0.21
    New boundary score: 0.43
    Decision: KEEP_SEPARATE
    Confidence: 0.69
      reason: Significant spatial boundary.
      reason: Different reading column / region.
      reason: Structural pattern changed.
      reason: Previous block does not look incomplete.
    Continuation Decision:
    Previous block: 26_3_update_logical_block_0035 (page 2)
      text: Windows Archive Files
    Current block: 26_3_update_logical_block_0036 (page 2)
      text: Archive Number Content Description Required?
    Continuation evidence:
      sentence_continuation_score: 0.55
      lexical_continuation_score: 0.00
      capitalization_score: 0.25
      punctuation_score: 0.70
      spatial_proximity_score: 0.25
      alignment_score: 0.77
      typography_score: 0.50
      reading_order_score: 1.00
      page_continuation_score: 0.85
      role_compatibility_score: 0.55
    New boundary evidence:
      heading_change: 0.00
      structural_change: 0.80
      spacing_break: 0.75
      reading_region_change: 0.85
      table_boundary: 1.00
      role_change: 0.55
    Continuation score: 0.50
    New boundary score: 0.61
    Decision: KEEP_SEPARATE
    Confidence: 0.95
      reason: Structured record adjacent to non-record content.
    Continuation Decision:
    Previous block: 26_3_update_logical_block_0036 (page 2)
      text: Archive Number Content Description Required?
    Current block: 26_3_update_logical_block_0037 (page 2)
      text: 1 ReadMe File Optional
    Continuation evidence:
      sentence_continuation_score: 0.00
      lexical_continuation_score: 0.00
      capitalization_score: 0.05
      punctuation_score: 0.08
      spatial_proximity_score: 1.00
      alignment_score: 1.00
      typography_score: 0.75
      reading_order_score: 1.00
      page_continuation_score: 0.85
      role_compatibility_score: 0.50
    New boundary evidence:
      heading_change: 0.00
      structural_change: 0.55
      spacing_break: 0.00
      reading_region_change: 0.00
      table_boundary: 1.00
      role_change: 0.55
    Continuation score: 0.45
    New boundary score: 0.32
    Decision: KEEP_SEPARATE
    Confidence: 0.95
      reason: Both blocks are structured records; table rows stay independent.
    Continuation Decision:
    Previous block: 26_3_update_logical_block_0037 (page 2)
      text: 1 ReadMe File Optional
    Current block: 26_3_update_logical_block_0038 (page 2)
      text: 2 • Installer • Siebel Binaries and Shared Files • Enterprise Components • Application Interface • Mobile Web Client • Siebel Tools • Siebel Mobile • Siebel Outlook Add-in for SSSE • Oracle Database Connectivity Required for each release
    Continuation evidence:
      sentence_continuation_score: 0.55
      lexical_continuation_score: 0.00
      capitalization_score: 0.25
      punctuation_score: 0.70
      spatial_proximity_score: 1.00
      alignment_score: 1.00
      typography_score: 0.75
      reading_order_score: 1.00
      page_continuation_score: 0.85
      role_compatibility_score: 0.55
    New boundary evidence:
      heading_change: 0.00
      structural_change: 0.45
      spacing_break: 0.00
      reading_region_change: 0.00
      table_boundary: 1.00
      role_change: 0.55
    Continuation score: 0.64
    New boundary score: 0.31
    Decision: KEEP_SEPARATE
    Confidence: 0.95
      reason: Both blocks are structured records; table rows stay independent.
    Continuation Decision:
    Previous block: 26_3_update_logical_block_0038 (page 2)
      text: 2 • Installer • Siebel Binaries and Shared Files • Enterprise Components • Application Interface • Mobile Web Client • Siebel Tools • Siebel Mobile • Siebel Outlook Add-in for SSSE • Oracle Database Connectivity Required for each release
    Current block: 26_3_update_logical_block_0039 (page 2)
      text: 3 Siebel Non-English (US) Safeboot Required for non-English (US) deployments only
    Continuation evidence:
      sentence_continuation_score: 0.55
      lexical_continuation_score: 0.00
      capitalization_score: 0.25
      punctuation_score: 0.70
      spatial_proximity_score: 1.00
      alignment_score: 1.00
      typography_score: 1.00
      reading_order_score: 1.00
      page_continuation_score: 0.85
      role_compatibility_score: 0.95
    New boundary evidence:
      heading_change: 0.00
      structural_change: 0.00
      spacing_break: 0.00
      reading_region_change: 0.00
      table_boundary: 1.00
      role_change: 0.00
    Continuation score: 0.70
    New boundary score: 0.18
    Decision: KEEP_SEPARATE
    Confidence: 0.95
      reason: Both blocks are structured records; table rows stay independent.
    Continuation Decision:
    Previous block: 26_3_update_logical_block_0039 (page 2)
      text: 3 Siebel Non-English (US) Safeboot Required for non-English (US) deployments only
    Current block: 26_3_update_logical_block_0040 (page 2)
      text: 4 Siebel Standard Repository Required for new deployments
    Continuation evidence:
      sentence_continuation_score: 0.55
      lexical_continuation_score: 0.00
      capitalization_score: 0.25
      punctuation_score: 0.70
      spatial_proximity_score: 1.00
      alignment_score: 1.00
      typography_score: 1.00
      reading_order_score: 1.00
      page_continuation_score: 0.85
      role_compatibility_score: 0.95
    New boundary evidence:
      heading_change: 0.00
      structural_change: 0.95
      spacing_break: 0.00
      reading_region_change: 0.00
      table_boundary: 1.00
      role_change: 0.00
    Continuation score: 0.70
    New boundary score: 0.31
    Decision: KEEP_SEPARATE
    Confidence: 0.95
      reason: Both blocks are structured records; table rows stay independent.
    Continuation Decision:
    Previous block: 26_3_update_logical_block_0040 (page 2)
      text: 4 Siebel Standard Repository Required for new deployments
    Current block: 26_3_update_logical_block_0041 (page 2)
      text: 5 Siebel Approval Manager Optional
    Continuation evidence:
      sentence_continuation_score: 0.55
      lexical_continuation_score: 0.00
      capitalization_score: 0.25
      punctuation_score: 0.70
      spatial_proximity_score: 1.00
      alignment_score: 1.00
      typography_score: 0.75
      reading_order_score: 1.00
      page_continuation_score: 0.85
      role_compatibility_score: 0.50
    New boundary evidence:
      heading_change: 0.00
      structural_change: 0.95
      spacing_break: 0.00
      reading_region_change: 0.00
      table_boundary: 1.00
      role_change: 0.55
    Continuation score: 0.64
    New boundary score: 0.38
    Decision: KEEP_SEPARATE
    Confidence: 0.95
      reason: Both blocks are structured records; table rows stay independent.
    Continuation Decision:
    Previous block: 26_3_update_logical_block_0041 (page 2)
      text: 5 Siebel Approval Manager Optional
    Current block: 26_3_update_logical_block_0042 (page 2)
      text: 6 Siebel Desktop Integration (DISA) Optional
    Continuation evidence:
      sentence_continuation_score: 0.55
      lexical_continuation_score: 0.00
      capitalization_score: 0.25
      punctuation_score: 0.70
      spatial_proximity_score: 1.00
      alignment_score: 1.00
      typography_score: 0.75
      reading_order_score: 1.00
      page_continuation_score: 0.85
      role_compatibility_score: 0.55
    New boundary evidence:
      heading_change: 0.00
      structural_change: 0.95
      spacing_break: 0.00
      reading_region_change: 0.00
      table_boundary: 1.00
      role_change: 0.55
    Continuation score: 0.64
    New boundary score: 0.38
    Decision: KEEP_SEPARATE
    Confidence: 0.95
      reason: Both blocks are structured records; table rows stay independent.
    Continuation Decision:
    Previous block: 26_3_update_logical_block_0042 (page 2)
      text: 6 Siebel Desktop Integration (DISA) Optional
    Current block: 26_3_update_logical_block_0043 (page 2)
      text: 7 Siebel IAA XML Connector Optional
    Continuation evidence:
      sentence_continuation_score: 0.55
      lexical_continuation_score: 0.00
      capitalization_score: 0.25
      punctuation_score: 0.70
      spatial_proximity_score: 1.00
      alignment_score: 1.00
      typography_score: 0.75
      reading_order_score: 1.00
      page_continuation_score: 0.85
      role_compatibility_score: 0.50
    New boundary evidence:
      heading_change: 0.00
      structural_change: 0.95
      spacing_break: 0.00
      reading_region_change: 0.00
      table_boundary: 1.00
      role_change: 0.55
    Continuation score: 0.64
    New boundary score: 0.38
    Decision: KEEP_SEPARATE
    Confidence: 0.95
      reason: Both blocks are structured records; table rows stay independent.
    Continuation Decision:
    Previous block: 26_3_update_logical_block_0043 (page 2)
      text: 7 Siebel IAA XML Connector Optional
    Current block: 26_3_update_logical_block_0044 (page 2)
      text: 8 Siebel Email Marketing Server Optional
    Continuation evidence:
      sentence_continuation_score: 0.55
      lexical_continuation_score: 0.00
      capitalization_score: 0.25
      punctuation_score: 0.70
      spatial_proximity_score: 1.00
      alignment_score: 1.00
      typography_score: 0.75
      reading_order_score: 1.00
      page_continuation_score: 0.85
      role_compatibility_score: 0.60
    New boundary evidence:
      heading_change: 0.00
      structural_change: 0.95
      spacing_break: 0.00
      reading_region_change: 0.00
      table_boundary: 1.00
      role_change: 0.00
    Continuation score: 0.65
    New boundary score: 0.31
    Decision: KEEP_SEPARATE
    Confidence: 0.95
      reason: Both blocks are structured records; table rows stay independent.
    Continuation Decision:
    Previous block: 26_3_update_logical_block_0044 (page 2)
      text: 8 Siebel Email Marketing Server Optional
    Current block: 26_3_update_logical_block_0045 (page 2)
      text: 9 Siebel Open Integration Optional
    Continuation evidence:
      sentence_continuation_score: 0.55
      lexical_continuation_score: 0.00
      capitalization_score: 0.25
      punctuation_score: 0.70
      spatial_proximity_score: 1.00
      alignment_score: 1.00
      typography_score: 0.75
      reading_order_score: 1.00
      page_continuation_score: 0.85
      role_compatibility_score: 0.60
    New boundary evidence:
      heading_change: 0.00
      structural_change: 0.95
      spacing_break: 0.00
      reading_region_change: 0.00
      table_boundary: 1.00
      role_change: 0.00
    Continuation score: 0.65
    New boundary score: 0.31
    Decision: KEEP_SEPARATE
    Confidence: 0.95
      reason: Both blocks are structured records; table rows stay independent.
    Continuation Decision:
    Previous block: 26_3_update_logical_block_0045 (page 2)
      text: 9 Siebel Open Integration Optional
    Current block: 26_3_update_logical_block_0046 (page 2)
      text: 10 Siebel Smart Answer Optional
    Continuation evidence:
      sentence_continuation_score: 0.55
      lexical_continuation_score: 0.00
      capitalization_score: 0.25
      punctuation_score: 0.70
      spatial_proximity_score: 1.00
      alignment_score: 1.00
      typography_score: 0.75
      reading_order_score: 1.00
      page_continuation_score: 0.85
      role_compatibility_score: 0.60
    New boundary evidence:
      heading_change: 0.00
      structural_change: 0.95
      spacing_break: 0.00
      reading_region_change: 0.00
      table_boundary: 1.00
      role_change: 0.00
    Continuation score: 0.65
    New boundary score: 0.31
    Decision: KEEP_SEPARATE
    Confidence: 0.95
      reason: Both blocks are structured records; table rows stay independent.
    Continuation Decision:
    Previous block: 26_3_update_logical_block_0046 (page 2)
      text: 10 Siebel Smart Answer Optional
    Current block: 26_3_update_logical_block_0047 (page 2)
      text: 11 Oracle Database SE2 Required for new installations of the Siebel Mobile Web Client
    Continuation evidence:
      sentence_continuation_score: 0.55
      lexical_continuation_score: 0.00
      capitalization_score: 0.25
      punctuation_score: 0.70
      spatial_proximity_score: 1.00
      alignment_score: 1.00
      typography_score: 0.75
      reading_order_score: 1.00
      page_continuation_score: 0.85
      role_compatibility_score: 0.55
    New boundary evidence:
      heading_change: 0.00
      structural_change: 0.95
      spacing_break: 0.00
      reading_region_change: 0.00
      table_boundary: 1.00
      role_change: 0.55
    Continuation score: 0.64
    New boundary score: 0.38
    Decision: KEEP_SEPARATE
    Confidence: 0.95
      reason: Both blocks are structured records; table rows stay independent.
    Continuation Decision:
    Previous block: 26_3_update_logical_block_0047 (page 2)
      text: 11 Oracle Database SE2 Required for new installations of the Siebel Mobile Web Client
    Current block: 26_3_update_logical_block_0048 (page 2)
      text: 12 Siebel Ancestor Repositories Required for Upgrades from pre-IP2017
    Continuation evidence:
      sentence_continuation_score: 0.55
      lexical_continuation_score: 0.00
      capitalization_score: 0.25
      punctuation_score: 0.70
      spatial_proximity_score: 1.00
      alignment_score: 1.00
      typography_score: 1.00
      reading_order_score: 1.00
      page_continuation_score: 0.85
      role_compatibility_score: 0.95
    New boundary evidence:
      heading_change: 0.00
      structural_change: 0.95
      spacing_break: 0.00
      reading_region_change: 0.00
      table_boundary: 1.00
      role_change: 0.00
    Continuation score: 0.70
    New boundary score: 0.31
    Decision: KEEP_SEPARATE
    Confidence: 0.95
      reason: Both blocks are structured records; table rows stay independent.
    Continuation Decision:
    Previous block: 26_3_update_logical_block_0048 (page 2)
      text: 12 Siebel Ancestor Repositories Required for Upgrades from pre-IP2017
    Current block: 26_3_update_logical_block_0049 (page 2)
      text: Linux/Unix Archive Files
    Continuation evidence:
      sentence_continuation_score: 0.55
      lexical_continuation_score: 0.00
      capitalization_score: 0.25
      punctuation_score: 0.70
      spatial_proximity_score: 0.25
      alignment_score: 0.77
      typography_score: 0.55
      reading_order_score: 1.00
      page_continuation_score: 0.85
      role_compatibility_score: 0.50
    New boundary evidence:
      heading_change: 0.00
      structural_change: 0.80
      spacing_break: 0.75
      reading_region_change: 0.85
      table_boundary: 1.00
      role_change: 0.55
    Continuation score: 0.50
    New boundary score: 0.61
    Decision: KEEP_SEPARATE
    Confidence: 0.95
      reason: Structured record adjacent to non-record content.
    Continuation Decision:
    Previous block: 26_3_update_logical_block_0049 (page 2)
      text: Linux/Unix Archive Files
    Current block: 26_3_update_logical_block_0050 (page 2)
      text: Archive Number Content Description Required?
    Continuation evidence:
      sentence_continuation_score: 0.55
      lexical_continuation_score: 0.00
      capitalization_score: 0.25
      punctuation_score: 0.70
      spatial_proximity_score: 0.87
      alignment_score: 0.78
      typography_score: 0.59
      reading_order_score: 1.00
      page_continuation_score: 0.85
      role_compatibility_score: 0.55
    New boundary evidence:
      heading_change: 0.00
      structural_change: 0.80
      spacing_break: 0.13
      reading_region_change: 0.58
      table_boundary: 1.00
      role_change: 0.55
    Continuation score: 0.60
    New boundary score: 0.46
    Decision: KEEP_SEPARATE
    Confidence: 0.95
      reason: Structured record adjacent to non-record content.
    Continuation Decision:
    Previous block: 26_3_update_logical_block_0050 (page 2)
      text: Archive Number Content Description Required?
    Current block: 26_3_update_logical_block_0051 (page 2)
      text: 1 ReadMe File Optional
    Continuation evidence:
      sentence_continuation_score: 0.00
      lexical_continuation_score: 0.00
      capitalization_score: 0.05
      punctuation_score: 0.08
      spatial_proximity_score: 1.00
      alignment_score: 1.00
      typography_score: 0.75
      reading_order_score: 1.00
      page_continuation_score: 0.85
      role_compatibility_score: 0.50
    New boundary evidence:
      heading_change: 0.00
      structural_change: 0.55
      spacing_break: 0.00
      reading_region_change: 0.00
      table_boundary: 1.00
      role_change: 0.55
    Continuation score: 0.45
    New boundary score: 0.32
    Decision: KEEP_SEPARATE
    Confidence: 0.95
      reason: Both blocks are structured records; table rows stay independent.
    Continuation Decision:
    Previous block: 26_3_update_logical_block_0051 (page 2)
      text: 1 ReadMe File Optional
    Current block: 26_3_update_logical_block_0052 (page 3)
      text: 2 • Installer • Siebel Binaries and Shared Files • Enterprise Components • Application Interface • Mobile Web Client • Siebel Tools • Siebel Mobile • Oracle Database Connectivity Required for each release
    Continuation evidence:
      sentence_continuation_score: 0.55
      lexical_continuation_score: 0.00
      capitalization_score: 0.25
      punctuation_score: 0.70
      spatial_proximity_score: 0.93
      alignment_score: 1.00
      typography_score: 0.66
      reading_order_score: 1.00
      page_continuation_score: 0.75
      role_compatibility_score: 0.55
    New boundary evidence:
      heading_change: 0.00
      structural_change: 0.45
      spacing_break: 0.07
      reading_region_change: 0.00
      table_boundary: 1.00
      role_change: 0.55
    Continuation score: 0.62
    New boundary score: 0.32
    Decision: KEEP_SEPARATE
    Confidence: 0.95
      reason: Both blocks are structured records; table rows stay independent.
    Continuation Decision:
    Previous block: 26_3_update_logical_block_0052 (page 3)
      text: 2 • Installer • Siebel Binaries and Shared Files • Enterprise Components • Application Interface • Mobile Web Client • Siebel Tools • Siebel Mobile • Oracle Database Connectivity Required for each release
    Current block: 26_3_update_logical_block_0053 (page 3)
      text: 3 Siebel Non-English (US) Safeboot Required for non-English (US) deployments only
    Continuation evidence:
      sentence_continuation_score: 0.55
      lexical_continuation_score: 0.00
      capitalization_score: 0.25
      punctuation_score: 0.70
      spatial_proximity_score: 1.00
      alignment_score: 1.00
      typography_score: 1.00
      reading_order_score: 1.00
      page_continuation_score: 0.85
      role_compatibility_score: 0.95
    New boundary evidence:
      heading_change: 0.00
      structural_change: 0.00
      spacing_break: 0.00
      reading_region_change: 0.00
      table_boundary: 1.00
      role_change: 0.00
    Continuation score: 0.70
    New boundary score: 0.18
    Decision: KEEP_SEPARATE
    Confidence: 0.95
      reason: Both blocks are structured records; table rows stay independent.
    Continuation Decision:
    Previous block: 26_3_update_logical_block_0053 (page 3)
      text: 3 Siebel Non-English (US) Safeboot Required for non-English (US) deployments only
    Current block: 26_3_update_logical_block_0054 (page 3)
      text: 4 Siebel Standard Repository Required for new deployments
    Continuation evidence:
      sentence_continuation_score: 0.55
      lexical_continuation_score: 0.00
      capitalization_score: 0.25
      punctuation_score: 0.70
      spatial_proximity_score: 1.00
      alignment_score: 1.00
      typography_score: 1.00
      reading_order_score: 1.00
      page_continuation_score: 0.85
      role_compatibility_score: 0.95
    New boundary evidence:
      heading_change: 0.00
      structural_change: 0.95
      spacing_break: 0.00
      reading_region_change: 0.00
      table_boundary: 1.00
      role_change: 0.00
    Continuation score: 0.70
    New boundary score: 0.31
    Decision: KEEP_SEPARATE
    Confidence: 0.95
      reason: Both blocks are structured records; table rows stay independent.
    Continuation Decision:
    Previous block: 26_3_update_logical_block_0054 (page 3)
      text: 4 Siebel Standard Repository Required for new deployments
    Current block: 26_3_update_logical_block_0055 (page 3)
      text: 5 Siebel Approval Manager Optional
    Continuation evidence:
      sentence_continuation_score: 0.55
      lexical_continuation_score: 0.00
      capitalization_score: 0.25
      punctuation_score: 0.70
      spatial_proximity_score: 1.00
      alignment_score: 1.00
      typography_score: 0.75
      reading_order_score: 1.00
      page_continuation_score: 0.85
      role_compatibility_score: 0.50
    New boundary evidence:
      heading_change: 0.00
      structural_change: 0.95
      spacing_break: 0.00
      reading_region_change: 0.00
      table_boundary: 1.00
      role_change: 0.55
    Continuation score: 0.64
    New boundary score: 0.38
    Decision: KEEP_SEPARATE
    Confidence: 0.95
      reason: Both blocks are structured records; table rows stay independent.
    Continuation Decision:
    Previous block: 26_3_update_logical_block_0055 (page 3)
      text: 5 Siebel Approval Manager Optional
    Current block: 26_3_update_logical_block_0056 (page 3)
      text: 6 Siebel Email Marketing Server Optional
    Continuation evidence:
      sentence_continuation_score: 0.55
      lexical_continuation_score: 0.00
      capitalization_score: 0.25
      punctuation_score: 0.70
      spatial_proximity_score: 1.00
      alignment_score: 1.00
      typography_score: 0.75
      reading_order_score: 1.00
      page_continuation_score: 0.85
      role_compatibility_score: 0.60
    New boundary evidence:
      heading_change: 0.00
      structural_change: 0.95
      spacing_break: 0.00
      reading_region_change: 0.00
      table_boundary: 1.00
      role_change: 0.00
    Continuation score: 0.65
    New boundary score: 0.31
    Decision: KEEP_SEPARATE
    Confidence: 0.95
      reason: Both blocks are structured records; table rows stay independent.
    Continuation Decision:
    Previous block: 26_3_update_logical_block_0056 (page 3)
      text: 6 Siebel Email Marketing Server Optional
    Current block: 26_3_update_logical_block_0057 (page 3)
      text: 7 Siebel Open Integration Optional
    Continuation evidence:
      sentence_continuation_score: 0.55
      lexical_continuation_score: 0.00
      capitalization_score: 0.25
      punctuation_score: 0.70
      spatial_proximity_score: 1.00
      alignment_score: 1.00
      typography_score: 0.75
      reading_order_score: 1.00
      page_continuation_score: 0.85
      role_compatibility_score: 0.60
    New boundary evidence:
      heading_change: 0.00
      structural_change: 0.95
      spacing_break: 0.00
      reading_region_change: 0.00
      table_boundary: 1.00
      role_change: 0.00
    Continuation score: 0.65
    New boundary score: 0.31
    Decision: KEEP_SEPARATE
    Confidence: 0.95
      reason: Both blocks are structured records; table rows stay independent.
    Continuation Decision:
    Previous block: 26_3_update_logical_block_0057 (page 3)
      text: 7 Siebel Open Integration Optional
    Current block: 26_3_update_logical_block_0058 (page 3)
      text: 8 Siebel Ancestor Repositories Required for Upgrades from pre-IP2017
    Continuation evidence:
      sentence_continuation_score: 0.55
      lexical_continuation_score: 0.00
      capitalization_score: 0.25
      punctuation_score: 0.70
      spatial_proximity_score: 1.00
      alignment_score: 1.00
      typography_score: 0.75
      reading_order_score: 1.00
      page_continuation_score: 0.85
      role_compatibility_score: 0.55
    New boundary evidence:
      heading_change: 0.00
      structural_change: 0.95
      spacing_break: 0.00
      reading_region_change: 0.00
      table_boundary: 1.00
      role_change: 0.55
    Continuation score: 0.64
    New boundary score: 0.38
    Decision: KEEP_SEPARATE
    Confidence: 0.95
      reason: Both blocks are structured records; table rows stay independent.
    Continuation Decision:
    Previous block: 26_3_update_logical_block_0058 (page 3)
      text: 8 Siebel Ancestor Repositories Required for Upgrades from pre-IP2017
    Current block: 26_3_update_logical_block_0059 (page 3)
      text: Update Basics
    Continuation evidence:
      sentence_continuation_score: 0.55
      lexical_continuation_score: 0.00
      capitalization_score: 0.25
      punctuation_score: 0.70
      spatial_proximity_score: 0.75
      alignment_score: 0.77
      typography_score: 0.59
      reading_order_score: 1.00
      page_continuation_score: 0.85
      role_compatibility_score: 0.50
    New boundary evidence:
      heading_change: 0.00
      structural_change: 0.80
      spacing_break: 0.25
      reading_region_change: 0.61
      table_boundary: 1.00
      role_change: 0.55
    Continuation score: 0.57
    New boundary score: 0.49
    Decision: KEEP_SEPARATE
    Confidence: 0.95
      reason: Structured record adjacent to non-record content.
    Continuation Decision:
    Previous block: 26_3_update_logical_block_0059 (page 3)
      text: Update Basics
    Current block: 26_3_update_logical_block_0060 (page 3)
      text: A Monthly Update provides new product features and available fixes. Beyond this document, please review these related items:
    Continuation evidence:
      sentence_continuation_score: 0.55
      lexical_continuation_score: 0.00
      capitalization_score: 0.25
      punctuation_score: 0.70
      spatial_proximity_score: 0.25
      alignment_score: 0.76
      typography_score: 0.62
      reading_order_score: 1.00
      page_continuation_score: 0.85
      role_compatibility_score: 0.55
    New boundary evidence:
      heading_change: 0.00
      structural_change: 0.45
      spacing_break: 0.75
      reading_region_change: 0.85
      table_boundary: 0.00
      role_change: 0.55
    Continuation score: 0.51
    New boundary score: 0.38
    Decision: KEEP_SEPARATE
    Confidence: 0.95
      reason: Layout heading unit stays separate from following content.
    Continuation Decision:
    Previous block: 26_3_update_logical_block_0060 (page 3)
      text: A Monthly Update provides new product features and available fixes. Beyond this document, please review these related items:
    Current block: 26_3_update_logical_block_0061 (page 3)
      text: - Installation instructions: For more about this Siebel CRM Update, including instructions for preparing the product media and for installing Siebel CRM, see the latest version of the _Installation Guide_ in _Siebel Bookshelf_ from the Siebel CRM Documentation site.
    Continuation evidence:
      sentence_continuation_score: 0.00
      lexical_continuation_score: 0.00
      capitalization_score: 0.05
      punctuation_score: 0.08
      spatial_proximity_score: 0.28
      alignment_score: 0.40
      typography_score: 0.09
      reading_order_score: 1.00
      page_continuation_score: 0.30
      role_compatibility_score: 0.15
    New boundary evidence:
      heading_change: 0.77
      structural_change: 0.78
      spacing_break: 0.68
      reading_region_change: 0.00
      table_boundary: 0.00
      role_change: 0.90
    Continuation score: 0.19
    New boundary score: 0.52
    Decision: KEEP_SEPARATE
    Confidence: 0.95
      reason: Body followed by a new prominent unit with terminal punctuation.
    Continuation Decision:
    Previous block: 26_3_update_logical_block_0061 (page 3)
      text: - Installation instructions: For more about this Siebel CRM Update, including instructions for preparing the product media and for installing Siebel CRM, see the latest version of the _Installation Guide_ in _Siebel Bookshelf_ from the Siebel CRM Documentation site.
    Current block: 26_3_update_logical_block_0062 (page 3)
      text: - Third-Party Certifications: For a list of Third-Party Certifications, please visit My Oracle Support and search for “Siebel Industry Applications” on the _Certifications_ tab.
    Continuation evidence:
      sentence_continuation_score: 0.00
      lexical_continuation_score: 0.00
      capitalization_score: 0.05
      punctuation_score: 0.08
      spatial_proximity_score: 0.97
      alignment_score: 0.99
      typography_score: 0.62
      reading_order_score: 1.00
      page_continuation_score: 0.85
      role_compatibility_score: 0.70
    New boundary evidence:
      heading_change: 0.00
      structural_change: 0.55
      spacing_break: 0.03
      reading_region_change: 0.00
      table_boundary: 0.00
      role_change: 0.20
    Continuation score: 0.46
    New boundary score: 0.11
    Decision: KEEP_SEPARATE
    Confidence: 0.52
      reason: Structural pattern changed.
      reason: Previous block does not look incomplete.
    Continuation Decision:
    Previous block: 26_3_update_logical_block_0062 (page 3)
      text: - Third-Party Certifications: For a list of Third-Party Certifications, please visit My Oracle Support and search for “Siebel Industry Applications” on the _Certifications_ tab.
    Current block: 26_3_update_logical_block_0063 (page 3)
      text: - FAQ: The Siebel CRM Continuous Release Model (Doc ID 2378034.1).
    Continuation evidence:
      sentence_continuation_score: 0.00
      lexical_continuation_score: 0.00
      capitalization_score: 0.05
      punctuation_score: 0.08
      spatial_proximity_score: 0.95
      alignment_score: 0.91
      typography_score: 0.74
      reading_order_score: 1.00
      page_continuation_score: 0.85
      role_compatibility_score: 0.95
    New boundary evidence:
      heading_change: 0.00
      structural_change: 0.95
      spacing_break: 0.05
      reading_region_change: 0.00
      table_boundary: 0.00
      role_change: 0.00
    Continuation score: 0.48
    New boundary score: 0.14
    Decision: KEEP_SEPARATE
    Confidence: 0.95
      reason: Parallel enumerated items share an opener class; keep separate.
    Continuation Decision:
    Previous block: 26_3_update_logical_block_0063 (page 3)
      text: - FAQ: The Siebel CRM Continuous Release Model (Doc ID 2378034.1).
    Current block: 26_3_update_logical_block_0064 (page 3)
      text: NOTE: This document contains two years (24 months) of rolling content. For bug fixes and known issues in versions released before the scope of this document, please download earlier versions from Oracle Support (DOC ID 2382435.1).
    Continuation evidence:
      sentence_continuation_score: 0.00
      lexical_continuation_score: 0.00
      capitalization_score: 0.05
      punctuation_score: 0.08
      spatial_proximity_score: 0.83
      alignment_score: 0.81
      typography_score: 0.80
      reading_order_score: 1.00
      page_continuation_score: 0.85
      role_compatibility_score: 0.95
    New boundary evidence:
      heading_change: 0.00
      structural_change: 0.55
      spacing_break: 0.17
      reading_region_change: 0.00
      table_boundary: 0.00
      role_change: 0.00
    Continuation score: 0.46
    New boundary score: 0.11
    Decision: KEEP_SEPARATE
    Confidence: 0.52
      reason: Structural pattern changed.
      reason: Previous block does not look incomplete.
    Continuation Decision:
    Previous block: 26_3_update_logical_block_0064 (page 3)
      text: NOTE: This document contains two years (24 months) of rolling content. For bug fixes and known issues in versions released before the scope of this document, please download earlier versions from Oracle Support (DOC ID 2382435.1).
    Current block: 26_3_update_logical_block_0065 (page 3)
      text: Back to top
    Continuation evidence:
      sentence_continuation_score: 0.00
      lexical_continuation_score: 0.00
      capitalization_score: 0.05
      punctuation_score: 0.08
      spatial_proximity_score: 0.25
      alignment_score: 0.40
      typography_score: 0.08
      reading_order_score: 1.00
      page_continuation_score: 0.30
      role_compatibility_score: 0.15
    New boundary evidence:
      heading_change: 0.77
      structural_change: 0.78
      spacing_break: 0.75
      reading_region_change: 0.85
      table_boundary: 0.00
      role_change: 0.90
    Continuation score: 0.18
    New boundary score: 0.66
    Decision: KEEP_SEPARATE
    Confidence: 0.95
      reason: Body followed by a new prominent unit with terminal punctuation.
    Continuation Decision:
    Previous block: 26_3_update_logical_block_0065 (page 3)
      text: Back to top
    Current block: 26_3_update_logical_block_0066 (page 3)
      text: Repository Updates
    Continuation evidence:
      sentence_continuation_score: 0.55
      lexical_continuation_score: 0.00
      capitalization_score: 0.25
      punctuation_score: 0.70
      spatial_proximity_score: 0.38
      alignment_score: 0.82
      typography_score: 0.62
      reading_order_score: 1.00
      page_continuation_score: 0.85
      role_compatibility_score: 0.30
    New boundary evidence:
      heading_change: 0.00
      structural_change: 0.45
      spacing_break: 0.62
      reading_region_change: 0.00
      table_boundary: 0.00
      role_change: 0.55
    Continuation score: 0.51
    New boundary score: 0.24
    Decision: KEEP_SEPARATE
    Confidence: 0.95
      reason: Layout heading unit stays separate from following content.
    Continuation Decision:
    Previous block: 26_3_update_logical_block_0066 (page 3)
      text: Repository Updates
    Current block: 26_3_update_logical_block_0067 (page 3)
      text: Some features require Repository, Seed, or Manifest changes in order to take advantage of the feature. These changes must be imported through execution of the _RepositoryUpdate_ utility in the Development environment. Please refer to the _Database Upgrade Guide_ for information on how to use RepositoryUpdate.
    Continuation evidence:
      sentence_continuation_score: 0.55
      lexical_continuation_score: 0.00
      capitalization_score: 0.25
      punctuation_score: 0.70
      spatial_proximity_score: 0.25
      alignment_score: 0.78
      typography_score: 0.51
      reading_order_score: 1.00
      page_continuation_score: 0.85
      role_compatibility_score: 0.30
    New boundary evidence:
      heading_change: 0.76
      structural_change: 0.45
      spacing_break: 0.75
      reading_region_change: 0.85
      table_boundary: 0.00
      role_change: 0.55
    Continuation score: 0.48
    New boundary score: 0.57
    Decision: KEEP_SEPARATE
    Confidence: 0.95
      reason: Layout heading unit stays separate from following content.
    Continuation Decision:
    Previous block: 26_3_update_logical_block_0067 (page 3)
      text: Some features require Repository, Seed, or Manifest changes in order to take advantage of the feature. These changes must be imported through execution of the _RepositoryUpdate_ utility in the Development environment. Please refer to the _Database Upgrade Guide_ for information on how to use RepositoryUpdate.
    Current block: 26_3_update_logical_block_0068 (page 3)
      text: NOTE: Not all features require Repository changes. Examine the “Repository Update Required” column in the New Features tables below to see if such changes are required for a particular feature.
    Continuation evidence:
      sentence_continuation_score: 0.00
      lexical_continuation_score: 0.00
      capitalization_score: 0.05
      punctuation_score: 0.08
      spatial_proximity_score: 0.86
      alignment_score: 1.00
      typography_score: 0.58
      reading_order_score: 1.00
      page_continuation_score: 0.85
      role_compatibility_score: 0.70
    New boundary evidence:
      heading_change: 0.00
      structural_change: 0.55
      spacing_break: 0.14
      reading_region_change: 0.00
      table_boundary: 0.00
      role_change: 0.20
    Continuation score: 0.44
    New boundary score: 0.13
    Decision: KEEP_SEPARATE
    Confidence: 0.53
      reason: Structural pattern changed.
      reason: Previous block does not look incomplete.
    Continuation Decision:
    Previous block: 26_3_update_logical_block_0068 (page 3)
      text: NOTE: Not all features require Repository changes. Examine the “Repository Update Required” column in the New Features tables below to see if such changes are required for a particular feature.
    Current block: 26_3_update_logical_block_0069 (page 3)
      text: Back to top
    Continuation evidence:
      sentence_continuation_score: 0.00
      lexical_continuation_score: 0.00
      capitalization_score: 0.05
      punctuation_score: 0.08
      spatial_proximity_score: 0.25
      alignment_score: 0.40
      typography_score: 0.08
      reading_order_score: 1.00
      page_continuation_score: 0.30
      role_compatibility_score: 0.15
    New boundary evidence:
      heading_change: 0.77
      structural_change: 0.78
      spacing_break: 0.75
      reading_region_change: 0.86
      table_boundary: 0.00
      role_change: 0.90
    Continuation score: 0.18
    New boundary score: 0.66
    Decision: KEEP_SEPARATE
    Confidence: 0.95
      reason: Body followed by a new prominent unit with terminal punctuation.
    Continuation Decision:
    Previous block: 26_3_update_logical_block_0069 (page 3)
      text: Back to top
    Current block: 26_3_update_logical_block_0070 (page 3)
      text: Features and Bug Fixes by Release
    Continuation evidence:
      sentence_continuation_score: 0.55
      lexical_continuation_score: 0.00
      capitalization_score: 0.25
      punctuation_score: 0.70
      spatial_proximity_score: 0.38
      alignment_score: 0.77
      typography_score: 0.62
      reading_order_score: 1.00
      page_continuation_score: 0.85
      role_compatibility_score: 0.30
    New boundary evidence:
      heading_change: 0.00
      structural_change: 0.45
      spacing_break: 0.62
      reading_region_change: 0.00
      table_boundary: 0.00
      role_change: 0.55
    Continuation score: 0.50
    New boundary score: 0.24
    Decision: KEEP_SEPARATE
    Confidence: 0.95
      reason: Layout heading unit stays separate from following content.
    Continuation Decision:
    Previous block: 26_3_update_logical_block_0070 (page 3)
      text: Features and Bug Fixes by Release
    Current block: 26_3_update_logical_block_0071 (page 3)
      text: In addition to the documentation provided in the listed guides from Siebel Bookshelf, please visit the Siebel CRM Learning Subscription site where authorized partners and customers can find free courses and transfer of information (TOI) videos on some Siebel CRM features.
    Continuation evidence:
      sentence_continuation_score: 0.55
      lexical_continuation_score: 0.00
      capitalization_score: 0.25
      punctuation_score: 0.70
      spatial_proximity_score: 0.83
      alignment_score: 0.84
      typography_score: 0.51
      reading_order_score: 1.00
      page_continuation_score: 0.85
      role_compatibility_score: 0.30
    New boundary evidence:
      heading_change: 0.76
      structural_change: 0.45
      spacing_break: 0.17
      reading_region_change: 0.51
      table_boundary: 0.00
      role_change: 0.55
    Continuation score: 0.56
    New boundary score: 0.41
    Decision: KEEP_SEPARATE
    Confidence: 0.95
      reason: Layout heading unit stays separate from following content.
    Continuation Decision:
    Previous block: 26_3_update_logical_block_0071 (page 3)
      text: In addition to the documentation provided in the listed guides from Siebel Bookshelf, please visit the Siebel CRM Learning Subscription site where authorized partners and customers can find free courses and transfer of information (TOI) videos on some Siebel CRM features.
    Current block: 26_3_update_logical_block_0072 (page 4)
      text: New Features and Bug Fixes in Siebel CRM Monthly Update 26.3
    Continuation evidence:
      sentence_continuation_score: 0.00
      lexical_continuation_score: 0.00
      capitalization_score: 0.05
      punctuation_score: 0.08
      spatial_proximity_score: 0.96
      alignment_score: 0.88
      typography_score: 0.51
      reading_order_score: 1.00
      page_continuation_score: 0.35
      role_compatibility_score: 0.70
    New boundary evidence:
      heading_change: 0.00
      structural_change: 0.55
      spacing_break: 0.55
      reading_region_change: 0.00
      table_boundary: 0.00
      role_change: 0.20
    Continuation score: 0.41
    New boundary score: 0.20
    Decision: KEEP_SEPARATE
    Confidence: 0.54
      reason: Significant spatial boundary.
      reason: Structural pattern changed.
      reason: Previous block does not look incomplete.
    Continuation Decision:
    Previous block: 26_3_update_logical_block_0072 (page 4)
      text: New Features and Bug Fixes in Siebel CRM Monthly Update 26.3
    Current block: 26_3_update_logical_block_0073 (page 4)
      text: New Features in Siebel CRM 26.3
    Continuation evidence:
      sentence_continuation_score: 0.55
      lexical_continuation_score: 0.00
      capitalization_score: 0.25
      punctuation_score: 0.70
      spatial_proximity_score: 0.84
      alignment_score: 0.85
      typography_score: 0.68
      reading_order_score: 1.00
      page_continuation_score: 0.85
      role_compatibility_score: 0.50
    New boundary evidence:
      heading_change: 0.00
      structural_change: 0.45
      spacing_break: 0.16
      reading_region_change: 0.00
      table_boundary: 0.00
      role_change: 0.55
    Continuation score: 0.60
    New boundary score: 0.16
    Decision: KEEP_SEPARATE
    Confidence: 0.95
      reason: Layout heading unit stays separate from following content.
    Continuation Decision:
    Previous block: 26_3_update_logical_block_0073 (page 4)
      text: New Features in Siebel CRM 26.3
    Current block: 26_3_update_logical_block_0074 (page 4)
      text: Feature Name Description Documentation Repository Update
    Continuation evidence:
      sentence_continuation_score: 0.55
      lexical_continuation_score: 0.00
      capitalization_score: 0.25
      punctuation_score: 0.70
      spatial_proximity_score: 0.25
      alignment_score: 0.79
      typography_score: 0.39
      reading_order_score: 1.00
      page_continuation_score: 0.85
      role_compatibility_score: 0.30
    New boundary evidence:
      heading_change: 0.85
      structural_change: 0.80
      spacing_break: 0.75
      reading_region_change: 0.85
      table_boundary: 1.00
      role_change: 0.55
    Continuation score: 0.47
    New boundary score: 0.82
    Decision: KEEP_SEPARATE
    Confidence: 0.95
      reason: Structured record adjacent to non-record content.
    Continuation Decision:
    Previous block: 26_3_update_logical_block_0074 (page 4)
      text: Feature Name Description Documentation Repository Update
    Current block: 26_3_update_logical_block_0075 (page 4)
      text: Required?
    Continuation evidence:
      sentence_continuation_score: 0.55
      lexical_continuation_score: 0.00
      capitalization_score: 0.25
      punctuation_score: 0.70
      spatial_proximity_score: 1.00
      alignment_score: 1.00
      typography_score: 0.75
      reading_order_score: 1.00
      page_continuation_score: 0.85
      role_compatibility_score: 0.60
    New boundary evidence:
      heading_change: 0.87
      structural_change: 0.00
      spacing_break: 0.00
      reading_region_change: 0.00
      table_boundary: 0.15
      role_change: 0.80
    Continuation score: 0.65
    New boundary score: 0.33
    Decision: MERGE
    Confidence: 0.79
      reason: Blocks are spatially close in the same reading region.
      reason: Compatible horizontal alignment.
      reason: Compatible typography.
      reason: Compatible across page boundary.
    Continuation Decision:
    Previous block: 26_3_update_logical_block_0075 (page 4)
      text: Required?
    Current block: 26_3_update_logical_block_0076 (page 4)
      text: Developer Experience: This enhancement provides the following operational benefits: • System Administration No
    Continuation evidence:
      sentence_continuation_score: 0.00
      lexical_continuation_score: 0.00
      capitalization_score: 0.05
      punctuation_score: 0.08
      spatial_proximity_score: 1.00
      alignment_score: 1.00
      typography_score: 0.75
      reading_order_score: 1.00
      page_continuation_score: 0.85
      role_compatibility_score: 0.60
    New boundary evidence:
      heading_change: 0.87
      structural_change: 0.55
      spacing_break: 0.00
      reading_region_change: 0.00
      table_boundary: 1.00
      role_change: 0.80
    Continuation score: 0.46
    New boundary score: 0.56
    Decision: KEEP_SEPARATE
    Confidence: 0.95
      reason: Both blocks are structured records; table rows stay independent.
    Continuation Decision:
    Previous block: 26_3_update_logical_block_0076 (page 4)
      text: Developer Experience: This enhancement provides the following operational benefits: • System Administration No
    Current block: 26_3_update_logical_block_0077 (page 4)
      text: Enterprise Cache Operational Enhancements • When deploying the Enterprise Cache Client Profile for your deployed Siebel servers, you can deploy the Client Profile once and it will automatically deploy to all your Siebel Servers. This will make your deployment of the Client Profiles much faster and less error prone. • When deploying the Enterprise Cache Client Profile, SSH tunnels are established automatically from each Siebel Server deployed to each Coherence Server that is deployed. • Improvements to the notification of Coherence cache status if the Coherence cache becomes unavailable and when it regains its footing. There are two areas where you can see the status of the Coherence cache accurately. • Help→Technical Support menu in the Siebel CRM Application • Siebel Management Console (SMC) Cache Status tab. Guide
    Continuation evidence:
      sentence_continuation_score: 0.55
      lexical_continuation_score: 0.00
      capitalization_score: 0.25
      punctuation_score: 0.70
      spatial_proximity_score: 1.00
      alignment_score: 1.00
      typography_score: 0.75
      reading_order_score: 1.00
      page_continuation_score: 0.85
      role_compatibility_score: 0.60
    New boundary evidence:
      heading_change: 0.86
      structural_change: 0.00
      spacing_break: 0.00
      reading_region_change: 0.00
      table_boundary: 0.15
      role_change: 0.80
    Continuation score: 0.65
    New boundary score: 0.33
    Decision: MERGE
    Confidence: 0.79
      reason: Blocks are spatially close in the same reading region.
      reason: Compatible horizontal alignment.
      reason: Compatible typography.
      reason: Compatible across page boundary.
    Continuation Decision:
    Previous block: 26_3_update_logical_block_0077 (page 4)
      text: Enterprise Cache Operational Enhancements • When deploying the Enterprise Cache Client Profile for your deployed Siebel servers, you can deploy the Client Profile once and it will automatically deploy to all your Siebel Servers. This will make your deployment of the Client Profiles much faster and less error prone. • When deploying the Enterprise Cache Client Profile, SSH tunnels are established automatically from each Siebel Server deployed to each Coherence Server that is deployed. • Improvements to the notification of Coherence cache status if the Coherence cache becomes unavailable and when it regains its footing. There are two areas where you can see the status of the Coherence cache accurately. • Help→Technical Support menu in the Siebel CRM Application • Siebel Management Console (SMC) Cache Status tab. Guide
    Current block: 26_3_update_logical_block_0078 (page 4)
      text: Training on this feature is available onOracle University.
    Continuation evidence:
      sentence_continuation_score: 0.55
      lexical_continuation_score: 0.00
      capitalization_score: 0.25
      punctuation_score: 0.70
      spatial_proximity_score: 1.00
      alignment_score: 1.00
      typography_score: 0.75
      reading_order_score: 1.00
      page_continuation_score: 0.85
      role_compatibility_score: 0.60
    New boundary evidence:
      heading_change: 0.87
      structural_change: 0.00
      spacing_break: 0.00
      reading_region_change: 0.00
      table_boundary: 0.15
      role_change: 0.80
    Continuation score: 0.65
    New boundary score: 0.33
    Decision: MERGE
    Confidence: 0.79
      reason: Blocks are spatially close in the same reading region.
      reason: Compatible horizontal alignment.
      reason: Compatible typography.
      reason: Compatible across page boundary.
    Continuation Decision:
    Previous block: 26_3_update_logical_block_0078 (page 4)
      text: Training on this feature is available onOracle University.
    Current block: 26_3_update_logical_block_0079 (page 4)
      text: Customer Order Management – Improved Promotions UX In Siebel Customer Order Management, a Bundle Promotion definition can have hundreds of products from various relationships to choose from. To make it easy for sales agents to capture a customer's quote or order, the “Edit Promotion” User Interface has been enhanced to support pagination and search. As a result, an agent can quickly add one or more products using a new pop-up applet, improving productivity and ensuring data accuracy. • Siebel Order Management Guide Yes
    Continuation evidence:
      sentence_continuation_score: 0.00
      lexical_continuation_score: 0.00
      capitalization_score: 0.05
      punctuation_score: 0.08
      spatial_proximity_score: 1.00
      alignment_score: 1.00
      typography_score: 0.75
      reading_order_score: 1.00
      page_continuation_score: 0.85
      role_compatibility_score: 0.60
    New boundary evidence:
      heading_change: 0.87
      structural_change: 0.55
      spacing_break: 0.00
      reading_region_change: 0.00
      table_boundary: 1.00
      role_change: 0.80
    Continuation score: 0.46
    New boundary score: 0.56
    Decision: KEEP_SEPARATE
    Confidence: 0.95
      reason: Both blocks are structured records; table rows stay independent.
    Continuation Decision:
    Previous block: 26_3_update_logical_block_0079 (page 4)
      text: Customer Order Management – Improved Promotions UX In Siebel Customer Order Management, a Bundle Promotion definition can have hundreds of products from various relationships to choose from. To make it easy for sales agents to capture a customer's quote or order, the “Edit Promotion” User Interface has been enhanced to support pagination and search. As a result, an agent can quickly add one or more products using a new pop-up applet, improving productivity and ensuring data accuracy. • Siebel Order Management Guide Yes
    Current block: 26_3_update_logical_block_0080 (page 4)
      text: Siebel UCM: Publish in Hybrid Mode Siebel Universal Customer Master (UCM) is enhanced to enable publishing to multiple middleware systems or combinations of middleware and edge systems in hybrid mode. Hybrid mode enables UCM to publish messages to all configured middleware and edge systems, • Oracle Customer Hub (UCM) Master Data Management Reference Yes
    Continuation evidence:
      sentence_continuation_score: 0.55
      lexical_continuation_score: 0.00
      capitalization_score: 0.25
      punctuation_score: 0.70
      spatial_proximity_score: 1.00
      alignment_score: 1.00
      typography_score: 0.75
      reading_order_score: 1.00
      page_continuation_score: 0.85
      role_compatibility_score: 0.60
    New boundary evidence:
      heading_change: 0.83
      structural_change: 0.00
      spacing_break: 0.00
      reading_region_change: 0.00
      table_boundary: 1.00
      role_change: 0.80
    Continuation score: 0.65
    New boundary score: 0.48
    Decision: KEEP_SEPARATE
    Confidence: 0.95
      reason: Both blocks are structured records; table rows stay independent.
    Continuation Decision:
    Previous block: 26_3_update_logical_block_0080 (page 4)
      text: Siebel UCM: Publish in Hybrid Mode Siebel Universal Customer Master (UCM) is enhanced to enable publishing to multiple middleware systems or combinations of middleware and edge systems in hybrid mode. Hybrid mode enables UCM to publish messages to all configured middleware and edge systems, • Oracle Customer Hub (UCM) Master Data Management Reference Yes
    Current block: 26_3_update_logical_block_0081 (page 5)
      text: regardless of their integration protocol (SOAP or REST). With this capability, customers can design flexible and complex integration architectures — for example: • Integrating both SOAP and REST-based systems through separate middleware platforms. • Seamlessly connecting legacy and modern applications to UCM without protocol limitations.
    Continuation evidence:
      sentence_continuation_score: 0.92
      lexical_continuation_score: 0.70
      capitalization_score: 0.95
      punctuation_score: 0.70
      spatial_proximity_score: 0.97
      alignment_score: 1.00
      typography_score: 0.62
      reading_order_score: 1.00
      page_continuation_score: 0.75
      role_compatibility_score: 0.60
    New boundary evidence:
      heading_change: 0.83
      structural_change: 0.00
      spacing_break: 0.03
      reading_region_change: 0.00
      table_boundary: 0.15
      role_change: 0.80
    Continuation score: 0.84
    New boundary score: 0.33
    Decision: MERGE
    Confidence: 0.92
      reason: Previous block appears incomplete; current continues the sentence.
      reason: Current block begins with lowercase text.
      reason: Lexical continuity markers support the same reading flow.
      reason: Blocks are spatially close in the same reading region.
      reason: Compatible horizontal alignment.
      reason: Compatible typography.
      reason: Compatible across page boundary.
    Continuation Decision:
    Previous block: 26_3_update_logical_block_0081 (page 5)
      text: regardless of their integration protocol (SOAP or REST). With this capability, customers can design flexible and complex integration architectures — for example: • Integrating both SOAP and REST-based systems through separate middleware platforms. • Seamlessly connecting legacy and modern applications to UCM without protocol limitations.
    Current block: 26_3_update_logical_block_0082 (page 5)
      text: This feature removes the current single- middleware restriction and allows enterprises to achieve unified, multi-protocol integration across diverse system landscapes.
    Continuation evidence:
      sentence_continuation_score: 0.72
      lexical_continuation_score: 0.00
      capitalization_score: 0.05
      punctuation_score: 0.10
      spatial_proximity_score: 1.00
      alignment_score: 1.00
      typography_score: 0.75
      reading_order_score: 1.00
      page_continuation_score: 0.85
      role_compatibility_score: 0.60
    New boundary evidence:
      heading_change: 0.85
      structural_change: 0.55
      spacing_break: 0.00
      reading_region_change: 0.00
      table_boundary: 0.15
      role_change: 0.80
    Continuation score: 0.62
    New boundary score: 0.40
    Decision: MERGE
    Confidence: 0.73
      reason: Previous block appears incomplete; current continues the sentence.
      reason: Blocks are spatially close in the same reading region.
      reason: Compatible horizontal alignment.
      reason: Compatible typography.
      reason: Compatible across page boundary.
    Continuation Decision:
    Previous block: 26_3_update_logical_block_0082 (page 5)
      text: This feature removes the current single- middleware restriction and allows enterprises to achieve unified, multi-protocol integration across diverse system landscapes.
    Current block: 26_3_update_logical_block_0083 (page 5)
      text: Schema Changes without Downtime for Updates and Migration This feature leverages capabilities available in the Oracle and Microsoft SQL Server database engines that allow for online modifications to schema objects. Benefits Downtime is avoided during schema changes, ensuring that all employees, partners, customers, and integration points have access to user data in the Siebel CRM database, even when the schema structure is being modified. • Database Upgrade Guide No
    Continuation evidence:
      sentence_continuation_score: 0.00
      lexical_continuation_score: 0.00
      capitalization_score: 0.05
      punctuation_score: 0.08
      spatial_proximity_score: 1.00
      alignment_score: 1.00
      typography_score: 0.75
      reading_order_score: 1.00
      page_continuation_score: 0.85
      role_compatibility_score: 0.60
    New boundary evidence:
      heading_change: 0.85
      structural_change: 0.55
      spacing_break: 0.00
      reading_region_change: 0.00
      table_boundary: 1.00
      role_change: 0.80
    Continuation score: 0.46
    New boundary score: 0.56
    Decision: KEEP_SEPARATE
    Confidence: 0.95
      reason: Both blocks are structured records; table rows stay independent.
    Continuation Decision:
    Previous block: 26_3_update_logical_block_0083 (page 5)
      text: Schema Changes without Downtime for Updates and Migration This feature leverages capabilities available in the Oracle and Microsoft SQL Server database engines that allow for online modifications to schema objects. Benefits Downtime is avoided during schema changes, ensuring that all employees, partners, customers, and integration points have access to user data in the Siebel CRM database, even when the schema structure is being modified. • Database Upgrade Guide No
    Current block: 26_3_update_logical_block_0084 (page 5)
      text: Examples include: • During the application of a Siebel Monthly Update's "PostInstallDBSetup" or "RepositoryUpdate" processes, which can make changes to the physical schema. • Performing a migration from a Development environment to any downstream environment, including Production.
    Continuation evidence:
      sentence_continuation_score: 0.55
      lexical_continuation_score: 0.00
      capitalization_score: 0.25
      punctuation_score: 0.70
      spatial_proximity_score: 1.00
      alignment_score: 1.00
      typography_score: 0.75
      reading_order_score: 1.00
      page_continuation_score: 0.85
      role_compatibility_score: 0.60
    New boundary evidence:
      heading_change: 0.84
      structural_change: 0.00
      spacing_break: 0.00
      reading_region_change: 0.00
      table_boundary: 0.15
      role_change: 0.80
    Continuation score: 0.65
    New boundary score: 0.32
    Decision: MERGE
    Confidence: 0.79
      reason: Blocks are spatially close in the same reading region.
      reason: Compatible horizontal alignment.
      reason: Compatible typography.
      reason: Compatible across page boundary.
    Continuation Decision:
    Previous block: 26_3_update_logical_block_0084 (page 5)
      text: Examples include: • During the application of a Siebel Monthly Update's "PostInstallDBSetup" or "RepositoryUpdate" processes, which can make changes to the physical schema. • Performing a migration from a Development environment to any downstream environment, including Production.
    Current block: 26_3_update_logical_block_0085 (page 5)
      text: NOTE: Full Runtime Repository Migration will leverage this feature to avoid changes required to modify schema objects, but there will still be downtime required to rename the Repositories. Additional Background Changes to database schema objects is performed using "Data Definition Language" (DDL). When DDL is provided upon an existing object (such as a change to a column definition) or to create certain kinds of new objects (such as indexes), the traditional approach that the
    Continuation evidence:
      sentence_continuation_score: 0.00
      lexical_continuation_score: 0.00
      capitalization_score: 0.05
      punctuation_score: 0.08
      spatial_proximity_score: 1.00
      alignment_score: 1.00
      typography_score: 0.75
      reading_order_score: 1.00
      page_continuation_score: 0.85
      role_compatibility_score: 0.60
    New boundary evidence:
      heading_change: 0.84
      structural_change: 0.55
      spacing_break: 0.00
      reading_region_change: 0.00
      table_boundary: 0.15
      role_change: 0.80
    Continuation score: 0.46
    New boundary score: 0.40
    Decision: MERGE
    Confidence: 0.62
      reason: Blocks are spatially close in the same reading region.
      reason: Compatible horizontal alignment.
      reason: Compatible typography.
      reason: Compatible across page boundary.
    Continuation Decision:
    Previous block: 26_3_update_logical_block_0085 (page 5)
      text: NOTE: Full Runtime Repository Migration will leverage this feature to avoid changes required to modify schema objects, but there will still be downtime required to rename the Repositories. Additional Background Changes to database schema objects is performed using "Data Definition Language" (DDL). When DDL is provided upon an existing object (such as a change to a column definition) or to create certain kinds of new objects (such as indexes), the traditional approach that the
    Current block: 26_3_update_logical_block_0086 (page 6)
      text: various Siebel CRM utilities have used could introduce "table locks" or other conditions that would block end users from being able to use the application while the DDL was executing. When this occurred, downtime could occur during the application of Siebel Updates (PostInstallDBSetup or RepositoryUpgrade) and Migration operations.
    Continuation evidence:
      sentence_continuation_score: 0.92
      lexical_continuation_score: 0.50
      capitalization_score: 0.95
      punctuation_score: 0.70
      spatial_proximity_score: 0.97
      alignment_score: 0.24
      typography_score: 0.66
      reading_order_score: 1.00
      page_continuation_score: 0.75
      role_compatibility_score: 0.60
    New boundary evidence:
      heading_change: 0.83
      structural_change: 0.80
      spacing_break: 0.03
      reading_region_change: 0.00
      table_boundary: 1.00
      role_change: 0.80
    Continuation score: 0.76
    New boundary score: 0.59
    Decision: KEEP_SEPARATE
    Confidence: 0.95
      reason: Structured record adjacent to non-record content.
    Continuation Decision:
    Previous block: 26_3_update_logical_block_0086 (page 6)
      text: various Siebel CRM utilities have used could introduce "table locks" or other conditions that would block end users from being able to use the application while the DDL was executing. When this occurred, downtime could occur during the application of Siebel Updates (PostInstallDBSetup or RepositoryUpgrade) and Migration operations.
    Current block: 26_3_update_logical_block_0087 (page 6)
      text: Basic Technical Information
    Continuation evidence:
      sentence_continuation_score: 0.00
      lexical_continuation_score: 0.00
      capitalization_score: 0.05
      punctuation_score: 0.08
      spatial_proximity_score: 0.28
      alignment_score: 0.40
      typography_score: 0.30
      reading_order_score: 1.00
      page_continuation_score: 0.30
      role_compatibility_score: 0.28
    New boundary evidence:
      heading_change: 0.83
      structural_change: 0.78
      spacing_break: 0.68
      reading_region_change: 0.00
      table_boundary: 0.00
      role_change: 0.80
    Continuation score: 0.22
    New boundary score: 0.53
    Decision: KEEP_SEPARATE
    Confidence: 0.76
      reason: Strong new prominent structure detected.
      reason: Significant spatial boundary.
      reason: Role change indicates a new logical unit.
      reason: Structural pattern changed.
      reason: Previous block does not look incomplete.
    Continuation Decision:
    Previous block: 26_3_update_logical_block_0087 (page 6)
      text: Basic Technical Information
    Current block: 26_3_update_logical_block_0088 (page 6)
      text: By modifying our existing utilities to leverage built-in capabilities of modern versions of the Oracle and Microsoft SQL Server database platforms, we can execute DDL that accomplishes the same end result without forcing downtime.
    Continuation evidence:
      sentence_continuation_score: 0.55
      lexical_continuation_score: 0.00
      capitalization_score: 0.25
      punctuation_score: 0.70
      spatial_proximity_score: 0.92
      alignment_score: 0.90
      typography_score: 0.39
      reading_order_score: 1.00
      page_continuation_score: 0.85
      role_compatibility_score: 0.60
    New boundary evidence:
      heading_change: 0.85
      structural_change: 0.00
      spacing_break: 0.08
      reading_region_change: 0.00
      table_boundary: 0.00
      role_change: 0.80
    Continuation score: 0.60
    New boundary score: 0.31
    Decision: KEEP_SEPARATE
    Confidence: 0.95
      reason: Layout heading unit stays separate from following content.
    Continuation Decision:
    Previous block: 26_3_update_logical_block_0088 (page 6)
      text: By modifying our existing utilities to leverage built-in capabilities of modern versions of the Oracle and Microsoft SQL Server database platforms, we can execute DDL that accomplishes the same end result without forcing downtime.
    Current block: 26_3_update_logical_block_0089 (page 6)
      text: - For Oracle platforms, we leverage the DBMS_REDEFINITION package to make changes to objects without making any schema objects offline.
    Continuation evidence:
      sentence_continuation_score: 0.00
      lexical_continuation_score: 0.00
      capitalization_score: 0.05
      punctuation_score: 0.08
      spatial_proximity_score: 0.95
      alignment_score: 0.99
      typography_score: 0.61
      reading_order_score: 1.00
      page_continuation_score: 0.85
      role_compatibility_score: 0.60
    New boundary evidence:
      heading_change: 0.86
      structural_change: 0.55
      spacing_break: 0.05
      reading_region_change: 0.00
      table_boundary: 0.00
      role_change: 0.80
    Continuation score: 0.44
    New boundary score: 0.39
    Decision: KEEP_SEPARATE
    Confidence: 0.58
      reason: Strong new prominent structure detected.
      reason: Role change indicates a new logical unit.
      reason: Structural pattern changed.
      reason: Previous block does not look incomplete.
    Continuation Decision:
    Previous block: 26_3_update_logical_block_0089 (page 6)
      text: - For Oracle platforms, we leverage the DBMS_REDEFINITION package to make changes to objects without making any schema objects offline.
    Current block: 26_3_update_logical_block_0090 (page 6)
      text: - For Microsoft SQL Server platforms, we leverage the "ONLINE" keyword to modify objects without bringing any schema objects offline.
    Continuation evidence:
      sentence_continuation_score: 0.00
      lexical_continuation_score: 0.00
      capitalization_score: 0.05
      punctuation_score: 0.08
      spatial_proximity_score: 0.97
      alignment_score: 0.97
      typography_score: 0.75
      reading_order_score: 1.00
      page_continuation_score: 0.85
      role_compatibility_score: 0.60
    New boundary evidence:
      heading_change: 0.86
      structural_change: 0.95
      spacing_break: 0.03
      reading_region_change: 0.00
      table_boundary: 0.00
      role_change: 0.80
    Continuation score: 0.46
    New boundary score: 0.44
    Decision: KEEP_SEPARATE
    Confidence: 0.95
      reason: Parallel enumerated items share an opener class; keep separate.
    Continuation Decision:
    Previous block: 26_3_update_logical_block_0090 (page 6)
      text: - For Microsoft SQL Server platforms, we leverage the "ONLINE" keyword to modify objects without bringing any schema objects offline.
    Current block: 26_3_update_logical_block_0091 (page 6)
      text: For more information on the technical details of these database-level capabilities, please refer to the Oracle or Microsoft documentation as appropriate.
    Continuation evidence:
      sentence_continuation_score: 0.00
      lexical_continuation_score: 0.00
      capitalization_score: 0.05
      punctuation_score: 0.08
      spatial_proximity_score: 0.28
      alignment_score: 0.40
      typography_score: 0.30
      reading_order_score: 1.00
      page_continuation_score: 0.30
      role_compatibility_score: 0.28
    New boundary evidence:
      heading_change: 0.86
      structural_change: 0.78
      spacing_break: 0.68
      reading_region_change: 0.00
      table_boundary: 0.00
      role_change: 0.80
    Continuation score: 0.22
    New boundary score: 0.53
    Decision: KEEP_SEPARATE
    Confidence: 0.76
      reason: Strong new prominent structure detected.
      reason: Significant spatial boundary.
      reason: Role change indicates a new logical unit.
      reason: Structural pattern changed.
      reason: Previous block does not look incomplete.
    Continuation Decision:
    Previous block: 26_3_update_logical_block_0091 (page 6)
      text: For more information on the technical details of these database-level capabilities, please refer to the Oracle or Microsoft documentation as appropriate.
    Current block: 26_3_update_logical_block_0092 (page 6)
      text: NOTE: This change is not applicable to either DB2 database platform.
    Continuation evidence:
      sentence_continuation_score: 0.00
      lexical_continuation_score: 0.00
      capitalization_score: 0.05
      punctuation_score: 0.08
      spatial_proximity_score: 0.28
      alignment_score: 0.40
      typography_score: 0.30
      reading_order_score: 1.00
      page_continuation_score: 0.30
      role_compatibility_score: 0.28
    New boundary evidence:
      heading_change: 0.00
      structural_change: 0.78
      spacing_break: 0.68
      reading_region_change: 0.00
      table_boundary: 0.00
      role_change: 0.20
    Continuation score: 0.22
    New boundary score: 0.26
    Decision: KEEP_SEPARATE
    Confidence: 0.57
      reason: Significant spatial boundary.
      reason: Structural pattern changed.
      reason: Previous block does not look incomplete.
    Continuation Decision:
    Previous block: 26_3_update_logical_block_0092 (page 6)
      text: NOTE: This change is not applicable to either DB2 database platform.
    Current block: 26_3_update_logical_block_0093 (page 6)
      text: Replacement of Obsolete Data Types from Oracle and MSSQL Databases Training on this feature is available onOracle University. This feature provides a utility to convert obsolete Column types, such as Oracle's LONG and Microsoft SQL Server's TEXT/NTEXT to their modern equivalents: CLOBs and VARCHAR(max)/NVARCHAR(max). The driver behind this is that the respective database vendors deprecated these data types a number of years ago and modern database engines are no longer being optimized for these older types. Replacing them with their modern equivalents will take advantage of their inherent benefits, such as greater data storage space, as well as future-proofing should either vendor ever elect to completely end support for these. • Database Upgrade Guide • Business Process Framework: Workfow Guide • Confguring Siebel Business Applications • Integration Platform Technologies: Siebel Enterprise Application Integration Guide No
    Continuation evidence:
      sentence_continuation_score: 0.00
      lexical_continuation_score: 0.00
      capitalization_score: 0.05
      punctuation_score: 0.08
      spatial_proximity_score: 1.00
      alignment_score: 0.23
      typography_score: 0.01
      reading_order_score: 1.00
      page_continuation_score: 0.85
      role_compatibility_score: 0.15
    New boundary evidence:
      heading_change: 0.78
      structural_change: 0.80
      spacing_break: 0.00
      reading_region_change: 0.00
      table_boundary: 1.00
      role_change: 0.90
    Continuation score: 0.30
    New boundary score: 0.59
    Decision: KEEP_SEPARATE
    Confidence: 0.95
      reason: Structured record adjacent to non-record content.
    Continuation Decision:
    Previous block: 26_3_update_logical_block_0093 (page 6)
      text: Replacement of Obsolete Data Types from Oracle and MSSQL Databases Training on this feature is available onOracle University. This feature provides a utility to convert obsolete Column types, such as Oracle's LONG and Microsoft SQL Server's TEXT/NTEXT to their modern equivalents: CLOBs and VARCHAR(max)/NVARCHAR(max). The driver behind this is that the respective database vendors deprecated these data types a number of years ago and modern database engines are no longer being optimized for these older types. Replacing them with their modern equivalents will take advantage of their inherent benefits, such as greater data storage space, as well as future-proofing should either vendor ever elect to completely end support for these. • Database Upgrade Guide • Business Process Framework: Workfow Guide • Confguring Siebel Business Applications • Integration Platform Technologies: Siebel Enterprise Application Integration Guide No
    Current block: 26_3_update_logical_block_0094 (page 7)
      text: Developer Experience: Web Tools Applet Method Menu Wizard NOTE: Please review the training material for important considerationsbefore running this utility. Training on this feature is available onOracle University. The Siebel Tools Applet Method Menu Wizard allows you to modify an Applet Method Menu. This wizard has been re-implemented in Web Tools allowing you to quickly modify Applet Menus. Training on this feature is available onOracle University. • Confguring Siebel Business Applications No
    Continuation evidence:
      sentence_continuation_score: 0.55
      lexical_continuation_score: 0.00
      capitalization_score: 0.25
      punctuation_score: 0.70
      spatial_proximity_score: 0.96
      alignment_score: 1.00
      typography_score: 0.62
      reading_order_score: 1.00
      page_continuation_score: 0.75
      role_compatibility_score: 0.60
    New boundary evidence:
      heading_change: 0.82
      structural_change: 0.00
      spacing_break: 0.04
      reading_region_change: 0.00
      table_boundary: 1.00
      role_change: 0.80
    Continuation score: 0.63
    New boundary score: 0.48
    Decision: KEEP_SEPARATE
    Confidence: 0.95
      reason: Both blocks are structured records; table rows stay independent.
    Continuation Decision:
    Previous block: 26_3_update_logical_block_0094 (page 7)
      text: Developer Experience: Web Tools Applet Method Menu Wizard NOTE: Please review the training material for important considerationsbefore running this utility. Training on this feature is available onOracle University. The Siebel Tools Applet Method Menu Wizard allows you to modify an Applet Method Menu. This wizard has been re-implemented in Web Tools allowing you to quickly modify Applet Menus. Training on this feature is available onOracle University. • Confguring Siebel Business Applications No
    Current block: 26_3_update_logical_block_0095 (page 7)
      text: Developer Experience: REST APIs for Workspaces REST APIs allow Workspaces to be called independently without the need for the Web Tools or Siebel Tools user interface allowing automation and diverse use-cases. The REST APIs will extend Developer automation capabilities and save time. • REST API Guide No
    Continuation evidence:
      sentence_continuation_score: 0.55
      lexical_continuation_score: 0.00
      capitalization_score: 0.25
      punctuation_score: 0.70
      spatial_proximity_score: 1.00
      alignment_score: 1.00
      typography_score: 0.75
      reading_order_score: 1.00
      page_continuation_score: 0.85
      role_compatibility_score: 0.60
    New boundary evidence:
      heading_change: 0.84
      structural_change: 0.00
      spacing_break: 0.00
      reading_region_change: 0.00
      table_boundary: 1.00
      role_change: 0.80
    Continuation score: 0.65
    New boundary score: 0.48
    Decision: KEEP_SEPARATE
    Confidence: 0.95
      reason: Both blocks are structured records; table rows stay independent.
    Continuation Decision:
    Previous block: 26_3_update_logical_block_0095 (page 7)
      text: Developer Experience: REST APIs for Workspaces REST APIs allow Workspaces to be called independently without the need for the Web Tools or Siebel Tools user interface allowing automation and diverse use-cases. The REST APIs will extend Developer automation capabilities and save time. • REST API Guide No
    Current block: 26_3_update_logical_block_0096 (page 7)
      text: • Create Workspace • Checkpoint Workspace • Revert Version • Delete Workspace • Submit for Delivery • UndoSubmit for Delivery • Deliver Workspace • Rebase Workspace • Cancel Rebase • Finish Rebase Training on this feature is available onOracle University.
    Continuation evidence:
      sentence_continuation_score: 0.55
      lexical_continuation_score: 0.00
      capitalization_score: 0.25
      punctuation_score: 0.70
      spatial_proximity_score: 1.00
      alignment_score: 1.00
      typography_score: 0.75
      reading_order_score: 1.00
      page_continuation_score: 0.85
      role_compatibility_score: 0.60
    New boundary evidence:
      heading_change: 0.84
      structural_change: 0.00
      spacing_break: 0.00
      reading_region_change: 0.00
      table_boundary: 0.15
      role_change: 0.80
    Continuation score: 0.65
    New boundary score: 0.33
    Decision: MERGE
    Confidence: 0.79
      reason: Blocks are spatially close in the same reading region.
      reason: Compatible horizontal alignment.
      reason: Compatible typography.
      reason: Compatible across page boundary.
    Continuation Decision:
    Previous block: 26_3_update_logical_block_0096 (page 7)
      text: • Create Workspace • Checkpoint Workspace • Revert Version • Delete Workspace • Submit for Delivery • UndoSubmit for Delivery • Deliver Workspace • Rebase Workspace • Cancel Rebase • Finish Rebase Training on this feature is available onOracle University.
    Current block: 26_3_update_logical_block_0097 (page 7)
      text: Siebel Cloud Manager - Smarter Ingress Routing Siebel Cloud Manager introduces support for Traefik as part of a Kubernetes deployment, to ensure continued security, support, and modern ingress traffic management. Support for Traefik is necessary as NGINX Ingress reaches end-of- life (March 2026). Traefik provides automatic SSL management, dynamic service discovery, and faster routing updates, reducing operational complexity. Its cloud-native design improves observability, scalability, and maintainability, and provides for the easy adoption of the Kubernetes Gateway API (a flexible, multi-protocol way to manage traffic routing). This enhancement ensures Siebel CRM deployments on Kubernetes remain secure, • Siebel Cloud Manager
    Continuation evidence:
      sentence_continuation_score: 0.00
      lexical_continuation_score: 0.00
      capitalization_score: 0.05
      punctuation_score: 0.08
      spatial_proximity_score: 1.00
      alignment_score: 1.00
      typography_score: 0.75
      reading_order_score: 1.00
      page_continuation_score: 0.85
      role_compatibility_score: 0.60
    New boundary evidence:
      heading_change: 0.84
      structural_change: 0.55
      spacing_break: 0.00
      reading_region_change: 0.00
      table_boundary: 1.00
      role_change: 0.80
    Continuation score: 0.46
    New boundary score: 0.56
    Decision: KEEP_SEPARATE
    Confidence: 0.95
      reason: Both blocks are structured records; table rows stay independent.
    Continuation Decision:
    Previous block: 26_3_update_logical_block_0097 (page 7)
      text: Siebel Cloud Manager - Smarter Ingress Routing Siebel Cloud Manager introduces support for Traefik as part of a Kubernetes deployment, to ensure continued security, support, and modern ingress traffic management. Support for Traefik is necessary as NGINX Ingress reaches end-of- life (March 2026). Traefik provides automatic SSL management, dynamic service discovery, and faster routing updates, reducing operational complexity. Its cloud-native design improves observability, scalability, and maintainability, and provides for the easy adoption of the Kubernetes Gateway API (a flexible, multi-protocol way to manage traffic routing). This enhancement ensures Siebel CRM deployments on Kubernetes remain secure, • Siebel Cloud Manager
    Current block: 26_3_update_logical_block_0098 (page 8)
      text: reliable, and aligned with CNCF guiding principles.
    Continuation evidence:
      sentence_continuation_score: 0.92
      lexical_continuation_score: 0.00
      capitalization_score: 0.95
      punctuation_score: 0.70
      spatial_proximity_score: 0.96
      alignment_score: 0.22
      typography_score: 0.45
      reading_order_score: 1.00
      page_continuation_score: 0.75
      role_compatibility_score: 0.70
    New boundary evidence:
      heading_change: 0.00
      structural_change: 0.80
      spacing_break: 0.04
      reading_region_change: 0.00
      table_boundary: 1.00
      role_change: 0.20
    Continuation score: 0.70
    New boundary score: 0.32
    Decision: KEEP_SEPARATE
    Confidence: 0.95
      reason: Structured record adjacent to non-record content.
    Continuation Decision:
    Previous block: 26_3_update_logical_block_0098 (page 8)
      text: reliable, and aligned with CNCF guiding principles.
    Current block: 26_3_update_logical_block_0099 (page 8)
      text: Fixes in Siebel CRM 26.3
    Continuation evidence:
      sentence_continuation_score: 0.00
      lexical_continuation_score: 0.00
      capitalization_score: 0.05
      punctuation_score: 0.08
      spatial_proximity_score: 0.28
      alignment_score: 0.29
      typography_score: 0.05
      reading_order_score: 1.00
      page_continuation_score: 0.30
      role_compatibility_score: 0.15
    New boundary evidence:
      heading_change: 0.77
      structural_change: 0.78
      spacing_break: 0.68
      reading_region_change: 0.51
      table_boundary: 0.00
      role_change: 0.90
    Continuation score: 0.18
    New boundary score: 0.60
    Decision: KEEP_SEPARATE
    Confidence: 0.95
      reason: Layout heading unit stays separate from following content.
    Continuation Decision:
    Previous block: 26_3_update_logical_block_0099 (page 8)
      text: Fixes in Siebel CRM 26.3
    Current block: 26_3_update_logical_block_0100 (page 8)
      text: Product Name Reference Category Description Configuration Instructions
    Continuation evidence:
      sentence_continuation_score: 0.55
      lexical_continuation_score: 0.00
      capitalization_score: 0.25
      punctuation_score: 0.70
      spatial_proximity_score: 0.25
      alignment_score: 0.77
      typography_score: 0.40
      reading_order_score: 1.00
      page_continuation_score: 0.85
      role_compatibility_score: 0.60
    New boundary evidence:
      heading_change: 0.87
      structural_change: 0.80
      spacing_break: 0.75
      reading_region_change: 0.85
      table_boundary: 1.00
      role_change: 0.80
    Continuation score: 0.50
    New boundary score: 0.85
    Decision: KEEP_SEPARATE
    Confidence: 0.95
      reason: Structured record adjacent to non-record content.
    Continuation Decision:
    Previous block: 26_3_update_logical_block_0100 (page 8)
      text: Product Name Reference Category Description Configuration Instructions
    Current block: 26_3_update_logical_block_0101 (page 8)
      text: Siebel Apps - Clinical Trials Management System 38357102 Contact Enhances usability by splitting “Apply SVT” into “Apply SVT to Selected” and “Apply SVT to All,” reducing confusion and aligning with existing actions
    Continuation evidence:
      sentence_continuation_score: 0.55
      lexical_continuation_score: 0.00
      capitalization_score: 0.25
      punctuation_score: 0.70
      spatial_proximity_score: 1.00
      alignment_score: 1.00
      typography_score: 0.75
      reading_order_score: 1.00
      page_continuation_score: 0.85
      role_compatibility_score: 0.60
    New boundary evidence:
      heading_change: 0.87
      structural_change: 0.00
      spacing_break: 0.00
      reading_region_change: 0.00
      table_boundary: 1.00
      role_change: 0.80
    Continuation score: 0.65
    New boundary score: 0.48
    Decision: KEEP_SEPARATE
    Confidence: 0.95
      reason: Both blocks are structured records; table rows stay independent.
    Continuation Decision:
    Previous block: 26_3_update_logical_block_0101 (page 8)
      text: Siebel Apps - Clinical Trials Management System 38357102 Contact Enhances usability by splitting “Apply SVT” into “Apply SVT to Selected” and “Apply SVT to All,” reducing confusion and aligning with existing actions
    Current block: 26_3_update_logical_block_0102 (page 8)
      text: Siebel Apps - Clinical Trials Management System 38091478 Site Management Enhances Clinical One-CTMS integration by ensuring Site Account email addresses are captured and retained, preventing unintended overwrites and improving data consistency across systems
    Continuation evidence:
      sentence_continuation_score: 0.55
      lexical_continuation_score: 0.00
      capitalization_score: 0.25
      punctuation_score: 0.70
      spatial_proximity_score: 1.00
      alignment_score: 1.00
      typography_score: 0.75
      reading_order_score: 1.00
      page_continuation_score: 0.85
      role_compatibility_score: 0.60
    New boundary evidence:
      heading_change: 0.85
      structural_change: 0.00
      spacing_break: 0.00
      reading_region_change: 0.00
      table_boundary: 1.00
      role_change: 0.80
    Continuation score: 0.65
    New boundary score: 0.48
    Decision: KEEP_SEPARATE
    Confidence: 0.95
      reason: Both blocks are structured records; table rows stay independent.
    Continuation Decision:
    Previous block: 26_3_update_logical_block_0102 (page 8)
      text: Siebel Apps - Clinical Trials Management System 38091478 Site Management Enhances Clinical One-CTMS integration by ensuring Site Account email addresses are captured and retained, preventing unintended overwrites and improving data consistency across systems
    Current block: 26_3_update_logical_block_0103 (page 8)
      text: Siebel Apps - Clinical Trials Management System 38104111 Site Management Enhances usability of the Clinical Protocol Site Subjects List Applet by adding tooltips and confirmation dialogs to clarify the behavior of “Apply Version to Selected,” “Apply Version to All,” and “Apply SVT” actions
    Continuation evidence:
      sentence_continuation_score: 0.55
      lexical_continuation_score: 0.50
      capitalization_score: 0.25
      punctuation_score: 0.70
      spatial_proximity_score: 1.00
      alignment_score: 1.00
      typography_score: 0.75
      reading_order_score: 1.00
      page_continuation_score: 0.85
      role_compatibility_score: 0.60
    New boundary evidence:
      heading_change: 0.84
      structural_change: 0.00
      spacing_break: 0.00
      reading_region_change: 0.00
      table_boundary: 1.00
      role_change: 0.80
    Continuation score: 0.70
    New boundary score: 0.48
    Decision: KEEP_SEPARATE
    Confidence: 0.95
      reason: Both blocks are structured records; table rows stay independent.
    Continuation Decision:
    Previous block: 26_3_update_logical_block_0103 (page 8)
      text: Siebel Apps - Clinical Trials Management System 38104111 Site Management Enhances usability of the Clinical Protocol Site Subjects List Applet by adding tooltips and confirmation dialogs to clarify the behavior of “Apply Version to Selected,” “Apply Version to All,” and “Apply SVT” actions
    Current block: 26_3_update_logical_block_0104 (page 8)
      text: Siebel Apps - Clinical Trials Management System 38721778 Site Management Addresses an issue where the CRA Primary field on the Site Management screen did not display the correct primary user assigned to the site team.
    Continuation evidence:
      sentence_continuation_score: 0.55
      lexical_continuation_score: 0.00
      capitalization_score: 0.25
      punctuation_score: 0.70
      spatial_proximity_score: 1.00
      alignment_score: 1.00
      typography_score: 0.75
      reading_order_score: 1.00
      page_continuation_score: 0.85
      role_compatibility_score: 0.60
    New boundary evidence:
      heading_change: 0.85
      structural_change: 0.00
      spacing_break: 0.00
      reading_region_change: 0.00
      table_boundary: 1.00
      role_change: 0.80
    Continuation score: 0.65
    New boundary score: 0.48
    Decision: KEEP_SEPARATE
    Confidence: 0.95
      reason: Both blocks are structured records; table rows stay independent.
    Continuation Decision:
    Previous block: 26_3_update_logical_block_0104 (page 8)
      text: Siebel Apps - Clinical Trials Management System 38721778 Site Management Addresses an issue where the CRA Primary field on the Site Management screen did not display the correct primary user assigned to the site team.
    Current block: 26_3_update_logical_block_0105 (page 8)
      text: Siebel Apps - Clinical Trials Management System 38376840 Site Management Addresses issue where the SDV API incorrectly interprets visit names containing parentheses as dynamic visits because it does not check the Repeat Flag
    Continuation evidence:
      sentence_continuation_score: 0.00
      lexical_continuation_score: 0.00
      capitalization_score: 0.05
      punctuation_score: 0.08
      spatial_proximity_score: 1.00
      alignment_score: 1.00
      typography_score: 0.75
      reading_order_score: 1.00
      page_continuation_score: 0.85
      role_compatibility_score: 0.60
    New boundary evidence:
      heading_change: 0.85
      structural_change: 0.55
      spacing_break: 0.00
      reading_region_change: 0.00
      table_boundary: 1.00
      role_change: 0.80
    Continuation score: 0.46
    New boundary score: 0.56
    Decision: KEEP_SEPARATE
    Confidence: 0.95
      reason: Both blocks are structured records; table rows stay independent.
    Continuation Decision:
    Previous block: 26_3_update_logical_block_0105 (page 8)
      text: Siebel Apps - Clinical Trials Management System 38376840 Site Management Addresses issue where the SDV API incorrectly interprets visit names containing parentheses as dynamic visits because it does not check the Repeat Flag
    Current block: 26_3_update_logical_block_0106 (page 8)
      text: Siebel Apps - Clinical Trials Management System 38472842 Site Management Addresses an issue where a Completed Date was automatically populated after syncing from offline to online mode in Checklist Activities, even when no date was entered offline.
    Continuation evidence:
      sentence_continuation_score: 0.55
      lexical_continuation_score: 0.00
      capitalization_score: 0.25
      punctuation_score: 0.70
      spatial_proximity_score: 1.00
      alignment_score: 1.00
      typography_score: 0.75
      reading_order_score: 1.00
      page_continuation_score: 0.85
      role_compatibility_score: 0.60
    New boundary evidence:
      heading_change: 0.85
      structural_change: 0.00
      spacing_break: 0.00
      reading_region_change: 0.00
      table_boundary: 1.00
      role_change: 0.80
    Continuation score: 0.65
    New boundary score: 0.48
    Decision: KEEP_SEPARATE
    Confidence: 0.95
      reason: Both blocks are structured records; table rows stay independent.
    Continuation Decision:
    Previous block: 26_3_update_logical_block_0106 (page 8)
      text: Siebel Apps - Clinical Trials Management System 38472842 Site Management Addresses an issue where a Completed Date was automatically populated after syncing from offline to online mode in Checklist Activities, even when no date was entered offline.
    Current block: 26_3_update_logical_block_0107 (page 8)
      text: Siebel Apps - Clinical Trials Management System 38907876 Site Management Addresses an issue where dynamic visit repeat numbers were incorrectly displayed as “0” in Activities
    Continuation evidence:
      sentence_continuation_score: 0.00
      lexical_continuation_score: 0.00
      capitalization_score: 0.05
      punctuation_score: 0.08
      spatial_proximity_score: 1.00
      alignment_score: 1.00
      typography_score: 0.75
      reading_order_score: 1.00
      page_continuation_score: 0.85
      role_compatibility_score: 0.60
    New boundary evidence:
      heading_change: 0.85
      structural_change: 0.55
      spacing_break: 0.00
      reading_region_change: 0.00
      table_boundary: 1.00
      role_change: 0.80
    Continuation score: 0.46
    New boundary score: 0.56
    Decision: KEEP_SEPARATE
    Confidence: 0.95
      reason: Both blocks are structured records; table rows stay independent.
    Continuation Decision:
    Previous block: 26_3_update_logical_block_0107 (page 8)
      text: Siebel Apps - Clinical Trials Management System 38907876 Site Management Addresses an issue where dynamic visit repeat numbers were incorrectly displayed as “0” in Activities
    Current block: 26_3_update_logical_block_0108 (page 8)
      text: Siebel Apps - Clinical Trials 38105978 Site Management Enhances security and governance by restricting “Change SVT Version at Site” and “Apply SVT” actions to
    Continuation evidence:
      sentence_continuation_score: 0.55
      lexical_continuation_score: 0.00
      capitalization_score: 0.25
      punctuation_score: 0.70
      spatial_proximity_score: 1.00
      alignment_score: 1.00
      typography_score: 0.75
      reading_order_score: 1.00
      page_continuation_score: 0.85
      role_compatibility_score: 0.60
    New boundary evidence:
      heading_change: 0.86
      structural_change: 0.00
      spacing_break: 0.00
      reading_region_change: 0.00
      table_boundary: 1.00
      role_change: 0.80
    Continuation score: 0.65
    New boundary score: 0.48
    Decision: KEEP_SEPARATE
    Confidence: 0.95
      reason: Both blocks are structured records; table rows stay independent.
    Continuation Decision:
    Previous block: 26_3_update_logical_block_0108 (page 8)
      text: Siebel Apps - Clinical Trials 38105978 Site Management Enhances security and governance by restricting “Change SVT Version at Site” and “Apply SVT” actions to
    Current block: 26_3_update_logical_block_0109 (page 9)
      text: Management System Siebel Apps - Clinical Trials Management System 38472853 Site Management users with designated responsibility, ensuring only authorized users can perform these operations Addresses an issue in Mobile app where the Completed Date field in Checklist Activities was editable in offline mode but read-only in online mode.
    Continuation evidence:
      sentence_continuation_score: 0.55
      lexical_continuation_score: 0.50
      capitalization_score: 0.25
      punctuation_score: 0.70
      spatial_proximity_score: 0.97
      alignment_score: 0.95
      typography_score: 0.71
      reading_order_score: 1.00
      page_continuation_score: 0.75
      role_compatibility_score: 0.60
    New boundary evidence:
      heading_change: 0.86
      structural_change: 0.00
      spacing_break: 0.03
      reading_region_change: 0.00
      table_boundary: 1.00
      role_change: 0.80
    Continuation score: 0.68
    New boundary score: 0.49
    Decision: KEEP_SEPARATE
    Confidence: 0.95
      reason: Both blocks are structured records; table rows stay independent.
    Continuation Decision:
    Previous block: 26_3_update_logical_block_0109 (page 9)
      text: Management System Siebel Apps - Clinical Trials Management System 38472853 Site Management users with designated responsibility, ensuring only authorized users can perform these operations Addresses an issue in Mobile app where the Completed Date field in Checklist Activities was editable in offline mode but read-only in online mode.
    Current block: 26_3_update_logical_block_0110 (page 9)
      text: Siebel Apps - Clinical Trials Management System 37919326 Site Management Addresses an issue where Responsibility and Position fields in certain Clinical MVG applets could be edited, bypassing authorization controls.
    Continuation evidence:
      sentence_continuation_score: 0.00
      lexical_continuation_score: 0.00
      capitalization_score: 0.05
      punctuation_score: 0.08
      spatial_proximity_score: 1.00
      alignment_score: 1.00
      typography_score: 0.75
      reading_order_score: 1.00
      page_continuation_score: 0.85
      role_compatibility_score: 0.60
    New boundary evidence:
      heading_change: 0.85
      structural_change: 0.55
      spacing_break: 0.00
      reading_region_change: 0.00
      table_boundary: 1.00
      role_change: 0.80
    Continuation score: 0.46
    New boundary score: 0.56
    Decision: KEEP_SEPARATE
    Confidence: 0.95
      reason: Both blocks are structured records; table rows stay independent.
    Continuation Decision:
    Previous block: 26_3_update_logical_block_0110 (page 9)
      text: Siebel Apps - Clinical Trials Management System 37919326 Site Management Addresses an issue where Responsibility and Position fields in certain Clinical MVG applets could be edited, bypassing authorization controls.
    Current block: 26_3_update_logical_block_0111 (page 9)
      text: Siebel Apps - Clinical Trials Management System 38088625 Site Management Addresses an issue where changes to SVT version at the site level were not automatically propagated to associated subjects in Clinical One to CTMS integration, requiring manual user action and risking version inconsistencies
    Continuation evidence:
      sentence_continuation_score: 0.00
      lexical_continuation_score: 0.00
      capitalization_score: 0.05
      punctuation_score: 0.08
      spatial_proximity_score: 1.00
      alignment_score: 1.00
      typography_score: 0.75
      reading_order_score: 1.00
      page_continuation_score: 0.85
      role_compatibility_score: 0.60
    New boundary evidence:
      heading_change: 0.85
      structural_change: 0.55
      spacing_break: 0.00
      reading_region_change: 0.00
      table_boundary: 1.00
      role_change: 0.80
    Continuation score: 0.46
    New boundary score: 0.56
    Decision: KEEP_SEPARATE
    Confidence: 0.95
      reason: Both blocks are structured records; table rows stay independent.
    Continuation Decision:
    Previous block: 26_3_update_logical_block_0111 (page 9)
      text: Siebel Apps - Clinical Trials Management System 38088625 Site Management Addresses an issue where changes to SVT version at the site level were not automatically propagated to associated subjects in Clinical One to CTMS integration, requiring manual user action and risking version inconsistencies
    Current block: 26_3_update_logical_block_0112 (page 9)
      text: Siebel Apps - Clinical Trials Management System 38104008 Site Management HANDLE ORPHANED SUBJECTS W.R.T. CTMS-C1 INTEGRATION
    Continuation evidence:
      sentence_continuation_score: 0.55
      lexical_continuation_score: 0.00
      capitalization_score: 0.25
      punctuation_score: 0.70
      spatial_proximity_score: 1.00
      alignment_score: 1.00
      typography_score: 0.75
      reading_order_score: 1.00
      page_continuation_score: 0.85
      role_compatibility_score: 0.60
    New boundary evidence:
      heading_change: 0.86
      structural_change: 0.00
      spacing_break: 0.00
      reading_region_change: 0.00
      table_boundary: 1.00
      role_change: 0.80
    Continuation score: 0.65
    New boundary score: 0.48
    Decision: KEEP_SEPARATE
    Confidence: 0.95
      reason: Both blocks are structured records; table rows stay independent.
    Continuation Decision:
    Previous block: 26_3_update_logical_block_0112 (page 9)
      text: Siebel Apps - Clinical Trials Management System 38104008 Site Management HANDLE ORPHANED SUBJECTS W.R.T. CTMS-C1 INTEGRATION
    Current block: 26_3_update_logical_block_0113 (page 9)
      text: Siebel Apps - Clinical Trials Management System 38375441 Site Management Addresses issue where the LS Clinical Subject Visit Plan API incorrectly handles parentheses in visit names as dynamic visits without checking the Visit Repeat Flag, causing parsing errors.
    Continuation evidence:
      sentence_continuation_score: 0.55
      lexical_continuation_score: 0.00
      capitalization_score: 0.25
      punctuation_score: 0.70
      spatial_proximity_score: 1.00
      alignment_score: 1.00
      typography_score: 0.75
      reading_order_score: 1.00
      page_continuation_score: 0.85
      role_compatibility_score: 0.60
    New boundary evidence:
      heading_change: 0.86
      structural_change: 0.00
      spacing_break: 0.00
      reading_region_change: 0.00
      table_boundary: 1.00
      role_change: 0.80
    Continuation score: 0.65
    New boundary score: 0.48
    Decision: KEEP_SEPARATE
    Confidence: 0.95
      reason: Both blocks are structured records; table rows stay independent.
    Continuation Decision:
    Previous block: 26_3_update_logical_block_0113 (page 9)
      text: Siebel Apps - Clinical Trials Management System 38375441 Site Management Addresses issue where the LS Clinical Subject Visit Plan API incorrectly handles parentheses in visit names as dynamic visits without checking the Visit Repeat Flag, causing parsing errors.
    Current block: 26_3_update_logical_block_0114 (page 9)
      text: Siebel Apps - Clinical Trials Management System 38141228 Site Management Addresses an issue with Mobile SmartScripts displaying question numbers inconsistently in Clinical TripReport SmartScripts.
    Continuation evidence:
      sentence_continuation_score: 0.00
      lexical_continuation_score: 0.00
      capitalization_score: 0.05
      punctuation_score: 0.08
      spatial_proximity_score: 1.00
      alignment_score: 1.00
      typography_score: 0.75
      reading_order_score: 1.00
      page_continuation_score: 0.85
      role_compatibility_score: 0.60
    New boundary evidence:
      heading_change: 0.85
      structural_change: 0.55
      spacing_break: 0.00
      reading_region_change: 0.00
      table_boundary: 1.00
      role_change: 0.80
    Continuation score: 0.46
    New boundary score: 0.56
    Decision: KEEP_SEPARATE
    Confidence: 0.95
      reason: Both blocks are structured records; table rows stay independent.
    Continuation Decision:
    Previous block: 26_3_update_logical_block_0114 (page 9)
      text: Siebel Apps - Clinical Trials Management System 38141228 Site Management Addresses an issue with Mobile SmartScripts displaying question numbers inconsistently in Clinical TripReport SmartScripts.
    Current block: 26_3_update_logical_block_0115 (page 9)
      text: Siebel Apps - Clinical Trials Management System 38907819 Site Management Addresses an issue where the subject status date in the Protocol Subject tab was displayed one day earlier than the actual date.
    Continuation evidence:
      sentence_continuation_score: 0.00
      lexical_continuation_score: 0.00
      capitalization_score: 0.05
      punctuation_score: 0.08
      spatial_proximity_score: 1.00
      alignment_score: 1.00
      typography_score: 0.75
      reading_order_score: 1.00
      page_continuation_score: 0.85
      role_compatibility_score: 0.60
    New boundary evidence:
      heading_change: 0.85
      structural_change: 0.55
      spacing_break: 0.00
      reading_region_change: 0.00
      table_boundary: 1.00
      role_change: 0.80
    Continuation score: 0.46
    New boundary score: 0.56
    Decision: KEEP_SEPARATE
    Confidence: 0.95
      reason: Both blocks are structured records; table rows stay independent.
    Continuation Decision:
    Previous block: 26_3_update_logical_block_0115 (page 9)
      text: Siebel Apps - Clinical Trials Management System 38907819 Site Management Addresses an issue where the subject status date in the Protocol Subject tab was displayed one day earlier than the actual date.
    Current block: 26_3_update_logical_block_0116 (page 9)
      text: Siebel Apps - Clinical Trials Management System 35982623 Site Management Addresses an issue where users not assigned to a site visit could access visit details via alternate navigation paths
    Continuation evidence:
      sentence_continuation_score: 0.00
      lexical_continuation_score: 0.00
      capitalization_score: 0.05
      punctuation_score: 0.08
      spatial_proximity_score: 1.00
      alignment_score: 1.00
      typography_score: 0.75
      reading_order_score: 1.00
      page_continuation_score: 0.85
      role_compatibility_score: 0.60
    New boundary evidence:
      heading_change: 0.85
      structural_change: 0.55
      spacing_break: 0.00
      reading_region_change: 0.00
      table_boundary: 1.00
      role_change: 0.80
    Continuation score: 0.46
    New boundary score: 0.56
    Decision: KEEP_SEPARATE
    Confidence: 0.95
      reason: Both blocks are structured records; table rows stay independent.
    Continuation Decision:
    Previous block: 26_3_update_logical_block_0116 (page 9)
      text: Siebel Apps - Clinical Trials Management System 35982623 Site Management Addresses an issue where users not assigned to a site visit could access visit details via alternate navigation paths
    Current block: 26_3_update_logical_block_0117 (page 9)
      text: Siebel Apps - Clinical Trials Management System 38152283 Site Management Addresses issue where fields on the Visit Plan business component did not properly enforce record-level read-only behavior, allowing fields to appear editable and resulting in update errors.
    Continuation evidence:
      sentence_continuation_score: 0.55
      lexical_continuation_score: 0.00
      capitalization_score: 0.25
      punctuation_score: 0.70
      spatial_proximity_score: 1.00
      alignment_score: 1.00
      typography_score: 0.75
      reading_order_score: 1.00
      page_continuation_score: 0.85
      role_compatibility_score: 0.60
    New boundary evidence:
      heading_change: 0.85
      structural_change: 0.00
      spacing_break: 0.00
      reading_region_change: 0.00
      table_boundary: 1.00
      role_change: 0.80
    Continuation score: 0.65
    New boundary score: 0.48
    Decision: KEEP_SEPARATE
    Confidence: 0.95
      reason: Both blocks are structured records; table rows stay independent.
    Continuation Decision:
    Previous block: 26_3_update_logical_block_0117 (page 9)
      text: Siebel Apps - Clinical Trials Management System 38152283 Site Management Addresses issue where fields on the Visit Plan business component did not properly enforce record-level read-only behavior, allowing fields to appear editable and resulting in update errors.
    Current block: 26_3_update_logical_block_0118 (page 10)
      text: Siebel Apps - Clinical Trials Management System 38390917 Site Management Addresses an issue where parentheses were not supported on creation of dynamic Visits
    Continuation evidence:
      sentence_continuation_score: 0.00
      lexical_continuation_score: 0.00
      capitalization_score: 0.05
      punctuation_score: 0.08
      spatial_proximity_score: 0.97
      alignment_score: 1.00
      typography_score: 0.70
      reading_order_score: 1.00
      page_continuation_score: 0.35
      role_compatibility_score: 0.60
    New boundary evidence:
      heading_change: 0.86
      structural_change: 0.55
      spacing_break: 0.55
      reading_region_change: 0.00
      table_boundary: 1.00
      role_change: 0.80
    Continuation score: 0.43
    New boundary score: 0.66
    Decision: KEEP_SEPARATE
    Confidence: 0.95
      reason: Both blocks are structured records; table rows stay independent.
    Continuation Decision:
    Previous block: 26_3_update_logical_block_0118 (page 10)
      text: Siebel Apps - Clinical Trials Management System 38390917 Site Management Addresses an issue where parentheses were not supported on creation of dynamic Visits
    Current block: 26_3_update_logical_block_0119 (page 10)
      text: Siebel Apps - Clinical Trials Management System 38208060 Site Management Enhances notification capabilities by extending SVT integration email alerts to include Protocol team members, ensuring broader awareness when SVT versions are received from Clinical One into CTMS.
    Continuation evidence:
      sentence_continuation_score: 0.55
      lexical_continuation_score: 0.00
      capitalization_score: 0.25
      punctuation_score: 0.70
      spatial_proximity_score: 1.00
      alignment_score: 1.00
      typography_score: 0.75
      reading_order_score: 1.00
      page_continuation_score: 0.85
      role_compatibility_score: 0.60
    New boundary evidence:
      heading_change: 0.86
      structural_change: 0.00
      spacing_break: 0.00
      reading_region_change: 0.00
      table_boundary: 1.00
      role_change: 0.80
    Continuation score: 0.65
    New boundary score: 0.48
    Decision: KEEP_SEPARATE
    Confidence: 0.95
      reason: Both blocks are structured records; table rows stay independent.
    Continuation Decision:
    Previous block: 26_3_update_logical_block_0119 (page 10)
      text: Siebel Apps - Clinical Trials Management System 38208060 Site Management Enhances notification capabilities by extending SVT integration email alerts to include Protocol team members, ensuring broader awareness when SVT versions are received from Clinical One into CTMS.
    Current block: 26_3_update_logical_block_0120 (page 10)
      text: Siebel Apps - Clinical Trials Management System 38419875 Site Management Addresses an enhancement to ensure Site Visit records become read-only after a Visit Report is submitted for review.
    Continuation evidence:
      sentence_continuation_score: 0.00
      lexical_continuation_score: 0.00
      capitalization_score: 0.05
      punctuation_score: 0.08
      spatial_proximity_score: 1.00
      alignment_score: 1.00
      typography_score: 0.75
      reading_order_score: 1.00
      page_continuation_score: 0.85
      role_compatibility_score: 0.60
    New boundary evidence:
      heading_change: 0.85
      structural_change: 0.55
      spacing_break: 0.00
      reading_region_change: 0.00
      table_boundary: 1.00
      role_change: 0.80
    Continuation score: 0.46
    New boundary score: 0.56
    Decision: KEEP_SEPARATE
    Confidence: 0.95
      reason: Both blocks are structured records; table rows stay independent.
    Continuation Decision:
    Previous block: 26_3_update_logical_block_0120 (page 10)
      text: Siebel Apps - Clinical Trials Management System 38419875 Site Management Addresses an enhancement to ensure Site Visit records become read-only after a Visit Report is submitted for review.
    Current block: 26_3_update_logical_block_0121 (page 10)
      text: Siebel Apps - Clinical Trials Management System 38390240 Site Management Addresses scenario where the SDV API loads the CRF record for the incorrect repeat number for unschedulable dynamic visits
    Continuation evidence:
      sentence_continuation_score: 0.00
      lexical_continuation_score: 0.00
      capitalization_score: 0.05
      punctuation_score: 0.08
      spatial_proximity_score: 1.00
      alignment_score: 1.00
      typography_score: 0.75
      reading_order_score: 1.00
      page_continuation_score: 0.85
      role_compatibility_score: 0.60
    New boundary evidence:
      heading_change: 0.85
      structural_change: 0.55
      spacing_break: 0.00
      reading_region_change: 0.00
      table_boundary: 1.00
      role_change: 0.80
    Continuation score: 0.46
    New boundary score: 0.56
    Decision: KEEP_SEPARATE
    Confidence: 0.95
      reason: Both blocks are structured records; table rows stay independent.
    Continuation Decision:
    Previous block: 26_3_update_logical_block_0121 (page 10)
      text: Siebel Apps - Clinical Trials Management System 38390240 Site Management Addresses scenario where the SDV API loads the CRF record for the incorrect repeat number for unschedulable dynamic visits
    Current block: 26_3_update_logical_block_0122 (page 10)
      text: Siebel Apps - Customer Order Management 38612771 Product Administration After deleting old versions of customizable product using business service "SWI Cfg Object Broker" method "RemoveOldReleasedVersions", product administrator can copy the product successfully without getting SBL-DAT-00215 error.
    Continuation evidence:
      sentence_continuation_score: 0.55
      lexical_continuation_score: 0.00
      capitalization_score: 0.25
      punctuation_score: 0.70
      spatial_proximity_score: 1.00
      alignment_score: 1.00
      typography_score: 0.75
      reading_order_score: 1.00
      page_continuation_score: 0.85
      role_compatibility_score: 0.60
    New boundary evidence:
      heading_change: 0.85
      structural_change: 0.00
      spacing_break: 0.00
      reading_region_change: 0.00
      table_boundary: 1.00
      role_change: 0.80
    Continuation score: 0.65
    New boundary score: 0.48
    Decision: KEEP_SEPARATE
    Confidence: 0.95
      reason: Both blocks are structured records; table rows stay independent.
    Continuation Decision:
    Previous block: 26_3_update_logical_block_0122 (page 10)
      text: Siebel Apps - Customer Order Management 38612771 Product Administration After deleting old versions of customizable product using business service "SWI Cfg Object Broker" method "RemoveOldReleasedVersions", product administrator can copy the product successfully without getting SBL-DAT-00215 error.
    Current block: 26_3_update_logical_block_0123 (page 10)
      text: Siebel CRM Deployment 38089901 Application Interface Siebel uses only serverAuth EKU for SSL connections
    Continuation evidence:
      sentence_continuation_score: 0.00
      lexical_continuation_score: 0.00
      capitalization_score: 0.05
      punctuation_score: 0.08
      spatial_proximity_score: 1.00
      alignment_score: 1.00
      typography_score: 0.75
      reading_order_score: 1.00
      page_continuation_score: 0.85
      role_compatibility_score: 0.60
    New boundary evidence:
      heading_change: 0.86
      structural_change: 0.55
      spacing_break: 0.00
      reading_region_change: 0.00
      table_boundary: 1.00
      role_change: 0.80
    Continuation score: 0.46
    New boundary score: 0.56
    Decision: KEEP_SEPARATE
    Confidence: 0.95
      reason: Both blocks are structured records; table rows stay independent.
    Continuation Decision:
    Previous block: 26_3_update_logical_block_0123 (page 10)
      text: Siebel CRM Deployment 38089901 Application Interface Siebel uses only serverAuth EKU for SSL connections
    Current block: 26_3_update_logical_block_0124 (page 10)
      text: Siebel CRM Deployment 37167823 Database Upgrade This bug fix ensures that the obsolete column types LONG (Oracle) and (N)TEXT (MSSQL) are converted to the supported CLOB and (N)VARCHAR(max) data types during Upgrades as appropriate for that databaseplatform.
    Continuation evidence:
      sentence_continuation_score: 0.55
      lexical_continuation_score: 0.00
      capitalization_score: 0.25
      punctuation_score: 0.70
      spatial_proximity_score: 1.00
      alignment_score: 1.00
      typography_score: 0.75
      reading_order_score: 1.00
      page_continuation_score: 0.85
      role_compatibility_score: 0.60
    New boundary evidence:
      heading_change: 0.86
      structural_change: 0.00
      spacing_break: 0.00
      reading_region_change: 0.00
      table_boundary: 1.00
      role_change: 0.80
    Continuation score: 0.65
    New boundary score: 0.48
    Decision: KEEP_SEPARATE
    Confidence: 0.95
      reason: Both blocks are structured records; table rows stay independent.
    Continuation Decision:
    Previous block: 26_3_update_logical_block_0124 (page 10)
      text: Siebel CRM Deployment 37167823 Database Upgrade This bug fix ensures that the obsolete column types LONG (Oracle) and (N)TEXT (MSSQL) are converted to the supported CLOB and (N)VARCHAR(max) data types during Upgrades as appropriate for that databaseplatform.
    Current block: 26_3_update_logical_block_0125 (page 10)
      text: Siebel CRM Deployment 31589382 Database Upgrade This fix changes the way that schema modifications are applied to allow for tables and indexes to remain in use during the application of the changes during, for example, Migration. This change applies to Oracle and MSSQL database platforms only.
    Continuation evidence:
      sentence_continuation_score: 0.00
      lexical_continuation_score: 0.00
      capitalization_score: 0.05
      punctuation_score: 0.08
      spatial_proximity_score: 1.00
      alignment_score: 1.00
      typography_score: 0.75
      reading_order_score: 1.00
      page_continuation_score: 0.85
      role_compatibility_score: 0.60
    New boundary evidence:
      heading_change: 0.84
      structural_change: 0.55
      spacing_break: 0.00
      reading_region_change: 0.00
      table_boundary: 1.00
      role_change: 0.80
    Continuation score: 0.46
    New boundary score: 0.56
    Decision: KEEP_SEPARATE
    Confidence: 0.95
      reason: Both blocks are structured records; table rows stay independent.
    Continuation Decision:
    Previous block: 26_3_update_logical_block_0125 (page 10)
      text: Siebel CRM Deployment 31589382 Database Upgrade This fix changes the way that schema modifications are applied to allow for tables and indexes to remain in use during the application of the changes during, for example, Migration. This change applies to Oracle and MSSQL database platforms only.
    Current block: 26_3_update_logical_block_0126 (page 10)
      text: Siebel CRM Deployment 38772851 Installation Addressed IBMJCE Migration Issue related to decryption Error. (Part 2)
    Continuation evidence:
      sentence_continuation_score: 0.00
      lexical_continuation_score: 0.00
      capitalization_score: 0.05
      punctuation_score: 0.08
      spatial_proximity_score: 1.00
      alignment_score: 1.00
      typography_score: 0.75
      reading_order_score: 1.00
      page_continuation_score: 0.85
      role_compatibility_score: 0.60
    New boundary evidence:
      heading_change: 0.86
      structural_change: 0.55
      spacing_break: 0.00
      reading_region_change: 0.00
      table_boundary: 1.00
      role_change: 0.80
    Continuation score: 0.46
    New boundary score: 0.56
    Decision: KEEP_SEPARATE
    Confidence: 0.95
      reason: Both blocks are structured records; table rows stay independent.
    Continuation Decision:
    Previous block: 26_3_update_logical_block_0126 (page 10)
      text: Siebel CRM Deployment 38772851 Installation Addressed IBMJCE Migration Issue related to decryption Error. (Part 2)
    Current block: 26_3_update_logical_block_0127 (page 10)
      text: Siebel CRM Deployment 38729891 Installation Add Support erverAuth using EKU In Siebel Certificates
    Continuation evidence:
      sentence_continuation_score: 0.55
      lexical_continuation_score: 0.00
      capitalization_score: 0.25
      punctuation_score: 0.70
      spatial_proximity_score: 1.00
      alignment_score: 1.00
      typography_score: 0.75
      reading_order_score: 1.00
      page_continuation_score: 0.85
      role_compatibility_score: 0.60
    New boundary evidence:
      heading_change: 0.86
      structural_change: 0.00
      spacing_break: 0.00
      reading_region_change: 0.00
      table_boundary: 1.00
      role_change: 0.80
    Continuation score: 0.65
    New boundary score: 0.48
    Decision: KEEP_SEPARATE
    Confidence: 0.95
      reason: Both blocks are structured records; table rows stay independent.
    Continuation Decision:
    Previous block: 26_3_update_logical_block_0127 (page 10)
      text: Siebel CRM Deployment 38729891 Installation Add Support erverAuth using EKU In Siebel Certificates
    Current block: 26_3_update_logical_block_0128 (page 11)
      text: Siebel CRM Deployment 38633633 Installation Improved the ability to use default ports during Install.
    Continuation evidence:
      sentence_continuation_score: 0.55
      lexical_continuation_score: 0.00
      capitalization_score: 0.25
      punctuation_score: 0.70
      spatial_proximity_score: 0.96
      alignment_score: 1.00
      typography_score: 0.73
      reading_order_score: 1.00
      page_continuation_score: 0.75
      role_compatibility_score: 0.60
    New boundary evidence:
      heading_change: 0.86
      structural_change: 0.00
      spacing_break: 0.04
      reading_region_change: 0.00
      table_boundary: 1.00
      role_change: 0.80
    Continuation score: 0.64
    New boundary score: 0.49
    Decision: KEEP_SEPARATE
    Confidence: 0.95
      reason: Both blocks are structured records; table rows stay independent.
    Continuation Decision:
    Previous block: 26_3_update_logical_block_0128 (page 11)
      text: Siebel CRM Deployment 38633633 Installation Improved the ability to use default ports during Install.
    Current block: 26_3_update_logical_block_0129 (page 11)
      text: Siebel CRM Deployment 38571707 Installation Addressed IBMJCE Migration Issue related to decryption Error.
    Continuation evidence:
      sentence_continuation_score: 0.00
      lexical_continuation_score: 0.00
      capitalization_score: 0.05
      punctuation_score: 0.08
      spatial_proximity_score: 1.00
      alignment_score: 1.00
      typography_score: 0.75
      reading_order_score: 1.00
      page_continuation_score: 0.85
      role_compatibility_score: 0.60
    New boundary evidence:
      heading_change: 0.86
      structural_change: 0.55
      spacing_break: 0.00
      reading_region_change: 0.00
      table_boundary: 1.00
      role_change: 0.80
    Continuation score: 0.46
    New boundary score: 0.56
    Decision: KEEP_SEPARATE
    Confidence: 0.95
      reason: Both blocks are structured records; table rows stay independent.
    Continuation Decision:
    Previous block: 26_3_update_logical_block_0129 (page 11)
      text: Siebel CRM Deployment 38571707 Installation Addressed IBMJCE Migration Issue related to decryption Error.
    Current block: 26_3_update_logical_block_0130 (page 11)
      text: Siebel CRM Deployment 38721251 Installation Improved ODBCSQL Connection Support for AIX 7.3
    Continuation evidence:
      sentence_continuation_score: 0.00
      lexical_continuation_score: 0.00
      capitalization_score: 0.05
      punctuation_score: 0.08
      spatial_proximity_score: 1.00
      alignment_score: 1.00
      typography_score: 0.75
      reading_order_score: 1.00
      page_continuation_score: 0.85
      role_compatibility_score: 0.60
    New boundary evidence:
      heading_change: 0.86
      structural_change: 0.55
      spacing_break: 0.00
      reading_region_change: 0.00
      table_boundary: 1.00
      role_change: 0.80
    Continuation score: 0.46
    New boundary score: 0.56
    Decision: KEEP_SEPARATE
    Confidence: 0.95
      reason: Both blocks are structured records; table rows stay independent.
    Continuation Decision:
    Previous block: 26_3_update_logical_block_0130 (page 11)
      text: Siebel CRM Deployment 38721251 Installation Improved ODBCSQL Connection Support for AIX 7.3
    Current block: 26_3_update_logical_block_0131 (page 11)
      text: Siebel CRM Deployment 38883351 Installation Consolidated Outlook_addin Installation to be delivered as part of WebClient installation.
    Continuation evidence:
      sentence_continuation_score: 0.55
      lexical_continuation_score: 0.00
      capitalization_score: 0.25
      punctuation_score: 0.70
      spatial_proximity_score: 1.00
      alignment_score: 1.00
      typography_score: 0.75
      reading_order_score: 1.00
      page_continuation_score: 0.85
      role_compatibility_score: 0.60
    New boundary evidence:
      heading_change: 0.86
      structural_change: 0.00
      spacing_break: 0.00
      reading_region_change: 0.00
      table_boundary: 1.00
      role_change: 0.80
    Continuation score: 0.65
    New boundary score: 0.48
    Decision: KEEP_SEPARATE
    Confidence: 0.95
      reason: Both blocks are structured records; table rows stay independent.
    Continuation Decision:
    Previous block: 26_3_update_logical_block_0131 (page 11)
      text: Siebel CRM Deployment 38883351 Installation Consolidated Outlook_addin Installation to be delivered as part of WebClient installation.
    Current block: 26_3_update_logical_block_0132 (page 11)
      text: Siebel CRM Deployment 38876681 Migration Restores the Application Data Migration service for Migration. Note that this allows its use during Migration, but does not restore the administrative views. Application Data Migration with Transformation is not restored nor are there any plans to do so.
    Continuation evidence:
      sentence_continuation_score: 0.00
      lexical_continuation_score: 0.00
      capitalization_score: 0.05
      punctuation_score: 0.08
      spatial_proximity_score: 1.00
      alignment_score: 1.00
      typography_score: 0.75
      reading_order_score: 1.00
      page_continuation_score: 0.85
      role_compatibility_score: 0.60
    New boundary evidence:
      heading_change: 0.86
      structural_change: 0.55
      spacing_break: 0.00
      reading_region_change: 0.00
      table_boundary: 1.00
      role_change: 0.80
    Continuation score: 0.46
    New boundary score: 0.56
    Decision: KEEP_SEPARATE
    Confidence: 0.95
      reason: Both blocks are structured records; table rows stay independent.
    Continuation Decision:
    Previous block: 26_3_update_logical_block_0132 (page 11)
      text: Siebel CRM Deployment 38876681 Migration Restores the Application Data Migration service for Migration. Note that this allows its use during Migration, but does not restore the administrative views. Application Data Migration with Transformation is not restored nor are there any plans to do so.
    Current block: 26_3_update_logical_block_0133 (page 11)
      text: Siebel CRM Deployment 30501821 Repository Utilities Eliminates a problem where tables are not regranted permissions when Migration is run, reducing the time required to run Migration.
    Continuation evidence:
      sentence_continuation_score: 0.00
      lexical_continuation_score: 0.00
      capitalization_score: 0.05
      punctuation_score: 0.08
      spatial_proximity_score: 1.00
      alignment_score: 1.00
      typography_score: 0.75
      reading_order_score: 1.00
      page_continuation_score: 0.85
      role_compatibility_score: 0.60
    New boundary evidence:
      heading_change: 0.85
      structural_change: 0.55
      spacing_break: 0.00
      reading_region_change: 0.00
      table_boundary: 1.00
      role_change: 0.80
    Continuation score: 0.46
    New boundary score: 0.56
    Decision: KEEP_SEPARATE
    Confidence: 0.95
      reason: Both blocks are structured records; table rows stay independent.
    Continuation Decision:
    Previous block: 26_3_update_logical_block_0133 (page 11)
      text: Siebel CRM Deployment 30501821 Repository Utilities Eliminates a problem where tables are not regranted permissions when Migration is run, reducing the time required to run Migration.
    Current block: 26_3_update_logical_block_0134 (page 11)
      text: Siebel CRM Development 38698788 Workflow When purging Workflow Process instance records, those with no End Date specified can still be purged where previously they were not. In addition, a new method has been introduced to remove orphaned records from the purge process. _* This fixed bug was previously_ _documented as a Known Issue *_
    Continuation evidence:
      sentence_continuation_score: 0.00
      lexical_continuation_score: 0.00
      capitalization_score: 0.05
      punctuation_score: 0.08
      spatial_proximity_score: 1.00
      alignment_score: 1.00
      typography_score: 0.75
      reading_order_score: 1.00
      page_continuation_score: 0.85
      role_compatibility_score: 0.60
    New boundary evidence:
      heading_change: 0.85
      structural_change: 0.55
      spacing_break: 0.00
      reading_region_change: 0.00
      table_boundary: 1.00
      role_change: 0.80
    Continuation score: 0.46
    New boundary score: 0.56
    Decision: KEEP_SEPARATE
    Confidence: 0.95
      reason: Both blocks are structured records; table rows stay independent.
    Continuation Decision:
    Previous block: 26_3_update_logical_block_0134 (page 11)
      text: Siebel CRM Development 38698788 Workflow When purging Workflow Process instance records, those with no End Date specified can still be purged where previously they were not. In addition, a new method has been introduced to remove orphaned records from the purge process. _* This fixed bug was previously_ _documented as a Known Issue *_
    Current block: 26_3_update_logical_block_0135 (page 11)
      text: Siebel CRM Development 38663266 Workflow When creating or updating database triggers, the Generate Triggers component will now be able to create ANSI-compliant triggers.
    Continuation evidence:
      sentence_continuation_score: 0.55
      lexical_continuation_score: 0.00
      capitalization_score: 0.25
      punctuation_score: 0.70
      spatial_proximity_score: 1.00
      alignment_score: 1.00
      typography_score: 0.75
      reading_order_score: 1.00
      page_continuation_score: 0.85
      role_compatibility_score: 0.60
    New boundary evidence:
      heading_change: 0.85
      structural_change: 0.00
      spacing_break: 0.00
      reading_region_change: 0.00
      table_boundary: 1.00
      role_change: 0.80
    Continuation score: 0.65
    New boundary score: 0.48
    Decision: KEEP_SEPARATE
    Confidence: 0.95
      reason: Both blocks are structured records; table rows stay independent.
    Continuation Decision:
    Previous block: 26_3_update_logical_block_0135 (page 11)
      text: Siebel CRM Development 38663266 Workflow When creating or updating database triggers, the Generate Triggers component will now be able to create ANSI-compliant triggers.
    Current block: 26_3_update_logical_block_0136 (page 11)
      text: Siebel CRM Development 38142176 Workflow The Purge button on the Workflow Process Instance Admin View will correctly purge instances of Workflow Processes that have completed.
    Continuation evidence:
      sentence_continuation_score: 0.00
      lexical_continuation_score: 0.00
      capitalization_score: 0.05
      punctuation_score: 0.08
      spatial_proximity_score: 1.00
      alignment_score: 1.00
      typography_score: 0.75
      reading_order_score: 1.00
      page_continuation_score: 0.85
      role_compatibility_score: 0.60
    New boundary evidence:
      heading_change: 0.85
      structural_change: 0.55
      spacing_break: 0.00
      reading_region_change: 0.00
      table_boundary: 1.00
      role_change: 0.80
    Continuation score: 0.46
    New boundary score: 0.56
    Decision: KEEP_SEPARATE
    Confidence: 0.95
      reason: Both blocks are structured records; table rows stay independent.
    Continuation Decision:
    Previous block: 26_3_update_logical_block_0136 (page 11)
      text: Siebel CRM Development 38142176 Workflow The Purge button on the Workflow Process Instance Admin View will correctly purge instances of Workflow Processes that have completed.
    Current block: 26_3_update_logical_block_0137 (page 11)
      text: Siebel CRM Development 38755215 Workspaces There was a missing parameter in Siebel Bookshelf for the command to start the Coherence Console. This will be fixed in the System Administration Guide in an upcoming release.
    Continuation evidence:
      sentence_continuation_score: 0.00
      lexical_continuation_score: 0.00
      capitalization_score: 0.05
      punctuation_score: 0.08
      spatial_proximity_score: 1.00
      alignment_score: 1.00
      typography_score: 0.75
      reading_order_score: 1.00
      page_continuation_score: 0.85
      role_compatibility_score: 0.60
    New boundary evidence:
      heading_change: 0.85
      structural_change: 0.55
      spacing_break: 0.00
      reading_region_change: 0.00
      table_boundary: 1.00
      role_change: 0.80
    Continuation score: 0.46
    New boundary score: 0.56
    Decision: KEEP_SEPARATE
    Confidence: 0.95
      reason: Both blocks are structured records; table rows stay independent.
    Continuation Decision:
    Previous block: 26_3_update_logical_block_0137 (page 11)
      text: Siebel CRM Development 38755215 Workspaces There was a missing parameter in Siebel Bookshelf for the command to start the Coherence Console. This will be fixed in the System Administration Guide in an upcoming release.
    Current block: 26_3_update_logical_block_0138 (page 12)
      text: Siebel CRM Documentation 27507784 Configuring Siebel Open UI Documented the Generation/Deployment of Browser Script on Dedicated Client.
    Continuation evidence:
      sentence_continuation_score: 0.00
      lexical_continuation_score: 0.00
      capitalization_score: 0.05
      punctuation_score: 0.08
      spatial_proximity_score: 0.95
      alignment_score: 1.00
      typography_score: 0.74
      reading_order_score: 1.00
      page_continuation_score: 0.35
      role_compatibility_score: 0.60
    New boundary evidence:
      heading_change: 0.86
      structural_change: 0.55
      spacing_break: 0.55
      reading_region_change: 0.00
      table_boundary: 1.00
      role_change: 0.80
    Continuation score: 0.43
    New boundary score: 0.66
    Decision: KEEP_SEPARATE
    Confidence: 0.95
      reason: Both blocks are structured records; table rows stay independent.
    Continuation Decision:
    Previous block: 26_3_update_logical_block_0138 (page 12)
      text: Siebel CRM Documentation 27507784 Configuring Siebel Open UI Documented the Generation/Deployment of Browser Script on Dedicated Client.
    Current block: 26_3_update_logical_block_0139 (page 12)
      text: Siebel CRM Documentation 38584584 Object Interfaces Reference This documentation update gives the correct syntax for specifying an ADODB connect stringin script.
    Continuation evidence:
      sentence_continuation_score: 0.00
      lexical_continuation_score: 0.00
      capitalization_score: 0.05
      punctuation_score: 0.08
      spatial_proximity_score: 1.00
      alignment_score: 1.00
      typography_score: 0.75
      reading_order_score: 1.00
      page_continuation_score: 0.85
      role_compatibility_score: 0.60
    New boundary evidence:
      heading_change: 0.86
      structural_change: 0.55
      spacing_break: 0.00
      reading_region_change: 0.00
      table_boundary: 1.00
      role_change: 0.80
    Continuation score: 0.46
    New boundary score: 0.56
    Decision: KEEP_SEPARATE
    Confidence: 0.95
      reason: Both blocks are structured records; table rows stay independent.
    Continuation Decision:
    Previous block: 26_3_update_logical_block_0139 (page 12)
      text: Siebel CRM Documentation 38584584 Object Interfaces Reference This documentation update gives the correct syntax for specifying an ADODB connect stringin script.
    Current block: 26_3_update_logical_block_0140 (page 12)
      text: Siebel CRM Documentation 38944807 System Admin Gd The System Administration Guide, which covers the Siebel CRM Event Pub/Sub feature for Siebel–Kafka integration, has been updated to provide: a) clearer descriptions of parameter KafkaPassword, and b) revised guidance on certificate handling aligned with the new paradigm of separate client and server authorization during Kafka message exchange simulation using Kafka’s sample producer and consumer applications.
    Continuation evidence:
      sentence_continuation_score: 0.00
      lexical_continuation_score: 0.00
      capitalization_score: 0.05
      punctuation_score: 0.08
      spatial_proximity_score: 1.00
      alignment_score: 1.00
      typography_score: 0.75
      reading_order_score: 1.00
      page_continuation_score: 0.85
      role_compatibility_score: 0.60
    New boundary evidence:
      heading_change: 0.85
      structural_change: 0.55
      spacing_break: 0.00
      reading_region_change: 0.00
      table_boundary: 1.00
      role_change: 0.80
    Continuation score: 0.46
    New boundary score: 0.56
    Decision: KEEP_SEPARATE
    Confidence: 0.95
      reason: Both blocks are structured records; table rows stay independent.
    Continuation Decision:
    Previous block: 26_3_update_logical_block_0140 (page 12)
      text: Siebel CRM Documentation 38944807 System Admin Gd The System Administration Guide, which covers the Siebel CRM Event Pub/Sub feature for Siebel–Kafka integration, has been updated to provide: a) clearer descriptions of parameter KafkaPassword, and b) revised guidance on certificate handling aligned with the new paradigm of separate client and server authorization during Kafka message exchange simulation using Kafka’s sample producer and consumer applications.
    Current block: 26_3_update_logical_block_0141 (page 12)
      text: Siebel CRM Documentation 38301898 Transp/Interface: EAI Documentation on TLS mutual authentication has been updated.
    Continuation evidence:
      sentence_continuation_score: 0.00
      lexical_continuation_score: 0.00
      capitalization_score: 0.05
      punctuation_score: 0.08
      spatial_proximity_score: 1.00
      alignment_score: 1.00
      typography_score: 0.75
      reading_order_score: 1.00
      page_continuation_score: 0.85
      role_compatibility_score: 0.60
    New boundary evidence:
      heading_change: 0.86
      structural_change: 0.55
      spacing_break: 0.00
      reading_region_change: 0.00
      table_boundary: 1.00
      role_change: 0.80
    Continuation score: 0.46
    New boundary score: 0.56
    Decision: KEEP_SEPARATE
    Confidence: 0.95
      reason: Both blocks are structured records; table rows stay independent.
    Continuation Decision:
    Previous block: 26_3_update_logical_block_0141 (page 12)
      text: Siebel CRM Documentation 38301898 Transp/Interface: EAI Documentation on TLS mutual authentication has been updated.
    Current block: 26_3_update_logical_block_0142 (page 12)
      text: Siebel CRM End User 38444710 User Interface TinyMCE improvement to support Style Tag in the Head Tag of an Email Template.
    Continuation evidence:
      sentence_continuation_score: 0.00
      lexical_continuation_score: 0.00
      capitalization_score: 0.05
      punctuation_score: 0.08
      spatial_proximity_score: 1.00
      alignment_score: 1.00
      typography_score: 0.75
      reading_order_score: 1.00
      page_continuation_score: 0.85
      role_compatibility_score: 0.60
    New boundary evidence:
      heading_change: 0.86
      structural_change: 0.55
      spacing_break: 0.00
      reading_region_change: 0.00
      table_boundary: 1.00
      role_change: 0.80
    Continuation score: 0.46
    New boundary score: 0.56
    Decision: KEEP_SEPARATE
    Confidence: 0.95
      reason: Both blocks are structured records; table rows stay independent.
    Continuation Decision:
    Previous block: 26_3_update_logical_block_0142 (page 12)
      text: Siebel CRM End User 38444710 User Interface TinyMCE improvement to support Style Tag in the Head Tag of an Email Template.
    Current block: 26_3_update_logical_block_0143 (page 12)
      text: Siebel CRM End User 38556974 User Interface Fixed Toggle applets to display data corectly
    Continuation evidence:
      sentence_continuation_score: 0.00
      lexical_continuation_score: 0.00
      capitalization_score: 0.05
      punctuation_score: 0.08
      spatial_proximity_score: 1.00
      alignment_score: 1.00
      typography_score: 0.75
      reading_order_score: 1.00
      page_continuation_score: 0.85
      role_compatibility_score: 0.60
    New boundary evidence:
      heading_change: 0.86
      structural_change: 0.55
      spacing_break: 0.00
      reading_region_change: 0.00
      table_boundary: 1.00
      role_change: 0.80
    Continuation score: 0.46
    New boundary score: 0.56
    Decision: KEEP_SEPARATE
    Confidence: 0.95
      reason: Both blocks are structured records; table rows stay independent.
    Continuation Decision:
    Previous block: 26_3_update_logical_block_0143 (page 12)
      text: Siebel CRM End User 38556974 User Interface Fixed Toggle applets to display data corectly
    Current block: 26_3_update_logical_block_0144 (page 12)
      text: Siebel CRM End User 38588428 User Interface LEFT AND RIGHT Arrows are added in screenbars for Synergy Theme
    Continuation evidence:
      sentence_continuation_score: 0.55
      lexical_continuation_score: 0.00
      capitalization_score: 0.25
      punctuation_score: 0.70
      spatial_proximity_score: 1.00
      alignment_score: 1.00
      typography_score: 0.75
      reading_order_score: 1.00
      page_continuation_score: 0.85
      role_compatibility_score: 0.60
    New boundary evidence:
      heading_change: 0.86
      structural_change: 0.00
      spacing_break: 0.00
      reading_region_change: 0.00
      table_boundary: 1.00
      role_change: 0.80
    Continuation score: 0.65
    New boundary score: 0.48
    Decision: KEEP_SEPARATE
    Confidence: 0.95
      reason: Both blocks are structured records; table rows stay independent.
    Continuation Decision:
    Previous block: 26_3_update_logical_block_0144 (page 12)
      text: Siebel CRM End User 38588428 User Interface LEFT AND RIGHT Arrows are added in screenbars for Synergy Theme
    Current block: 26_3_update_logical_block_0145 (page 12)
      text: Siebel CRM Integration 38684263 EAI Outbound REST requests that send negative numbers using Integration Components that point to columns of type DTYPE_INTEGER or DTYPE_NUMBER are now correctly handled.
    Continuation evidence:
      sentence_continuation_score: 0.55
      lexical_continuation_score: 0.00
      capitalization_score: 0.25
      punctuation_score: 0.70
      spatial_proximity_score: 1.00
      alignment_score: 1.00
      typography_score: 0.75
      reading_order_score: 1.00
      page_continuation_score: 0.85
      role_compatibility_score: 0.60
    New boundary evidence:
      heading_change: 0.86
      structural_change: 0.00
      spacing_break: 0.00
      reading_region_change: 0.00
      table_boundary: 1.00
      role_change: 0.80
    Continuation score: 0.65
    New boundary score: 0.48
    Decision: KEEP_SEPARATE
    Confidence: 0.95
      reason: Both blocks are structured records; table rows stay independent.
    Continuation Decision:
    Previous block: 26_3_update_logical_block_0145 (page 12)
      text: Siebel CRM Integration 38684263 EAI Outbound REST requests that send negative numbers using Integration Components that point to columns of type DTYPE_INTEGER or DTYPE_NUMBER are now correctly handled.
    Current block: 26_3_update_logical_block_0146 (page 12)
      text: New Features and Bug Fixes in Siebel CRM Monthly Update 26.2 New Features in Siebel CRM 26.2 There are no new features in 26.2.
    Continuation evidence:
      sentence_continuation_score: 0.00
      lexical_continuation_score: 0.00
      capitalization_score: 0.05
      punctuation_score: 0.08
      spatial_proximity_score: 0.28
      alignment_score: 0.40
      typography_score: 0.30
      reading_order_score: 1.00
      page_continuation_score: 0.30
      role_compatibility_score: 0.28
    New boundary evidence:
      heading_change: 0.00
      structural_change: 0.80
      spacing_break: 0.68
      reading_region_change: 0.00
      table_boundary: 1.00
      role_change: 0.55
    Continuation score: 0.22
    New boundary score: 0.48
    Decision: KEEP_SEPARATE
    Confidence: 0.95
      reason: Structured record adjacent to non-record content.
    Continuation Decision:
    Previous block: 26_3_update_logical_block_0146 (page 12)
      text: New Features and Bug Fixes in Siebel CRM Monthly Update 26.2 New Features in Siebel CRM 26.2 There are no new features in 26.2.
    Current block: 26_3_update_logical_block_0147 (page 12)
      text: Fixes in Siebel CRM 26.2
    Continuation evidence:
      sentence_continuation_score: 0.00
      lexical_continuation_score: 0.00
      capitalization_score: 0.05
      punctuation_score: 0.08
      spatial_proximity_score: 0.28
      alignment_score: 0.40
      typography_score: 0.30
      reading_order_score: 1.00
      page_continuation_score: 0.30
      role_compatibility_score: 0.28
    New boundary evidence:
      heading_change: 0.00
      structural_change: 0.78
      spacing_break: 0.68
      reading_region_change: 0.00
      table_boundary: 0.00
      role_change: 0.00
    Continuation score: 0.22
    New boundary score: 0.23
    Decision: KEEP_SEPARATE
    Confidence: 0.55
      reason: Significant spatial boundary.
      reason: Structural pattern changed.
      reason: Previous block does not look incomplete.
    Continuation Decision:
    Previous block: 26_3_update_logical_block_0147 (page 12)
      text: Fixes in Siebel CRM 26.2
    Current block: 26_3_update_logical_block_0148 (page 12)
      text: Product Name Reference Category Description Configuration Instructions
    Continuation evidence:
      sentence_continuation_score: 0.55
      lexical_continuation_score: 0.00
      capitalization_score: 0.25
      punctuation_score: 0.70
      spatial_proximity_score: 0.25
      alignment_score: 0.77
      typography_score: 0.53
      reading_order_score: 1.00
      page_continuation_score: 0.85
      role_compatibility_score: 0.55
    New boundary evidence:
      heading_change: 0.00
      structural_change: 0.80
      spacing_break: 0.75
      reading_region_change: 0.85
      table_boundary: 1.00
      role_change: 0.55
    Continuation score: 0.50
    New boundary score: 0.61
    Decision: KEEP_SEPARATE
    Confidence: 0.95
      reason: Structured record adjacent to non-record content.
    Continuation Decision:
    Previous block: 26_3_update_logical_block_0148 (page 12)
      text: Product Name Reference Category Description Configuration Instructions
    Current block: 26_3_update_logical_block_0149 (page 12)
      text: Siebel Apps - 38679336 Promotions Previously, when you cancelled an Instructions for
    Continuation evidence:
      sentence_continuation_score: 0.55
      lexical_continuation_score: 0.00
      capitalization_score: 0.25
      punctuation_score: 0.70
      spatial_proximity_score: 1.00
      alignment_score: 1.00
      typography_score: 1.00
      reading_order_score: 1.00
      page_continuation_score: 0.85
      role_compatibility_score: 0.95
    New boundary evidence:
      heading_change: 0.00
      structural_change: 0.00
      spacing_break: 0.00
      reading_region_change: 0.00
      table_boundary: 1.00
      role_change: 0.00
    Continuation score: 0.70
    New boundary score: 0.18
    Decision: KEEP_SEPARATE
    Confidence: 0.95
      reason: Both blocks are structured records; table rows stay independent.
    Continuation Decision:
    Previous block: 26_3_update_logical_block_0149 (page 12)
      text: Siebel Apps - 38679336 Promotions Previously, when you cancelled an Instructions for
    Current block: 26_3_update_logical_block_0150 (page 12)
      text: Customer Order upgrade promotion and then tried to 38679336
    Continuation evidence:
      sentence_continuation_score: 0.55
      lexical_continuation_score: 0.50
      capitalization_score: 0.25
      punctuation_score: 0.70
      spatial_proximity_score: 1.00
      alignment_score: 1.00
      typography_score: 1.00
      reading_order_score: 1.00
      page_continuation_score: 0.85
      role_compatibility_score: 0.95
    New boundary evidence:
      heading_change: 0.00
      structural_change: 0.00
      spacing_break: 0.00
      reading_region_change: 0.00
      table_boundary: 1.00
      role_change: 0.00
    Continuation score: 0.75
    New boundary score: 0.18
    Decision: KEEP_SEPARATE
    Confidence: 0.95
      reason: Both blocks are structured records; table rows stay independent.
    Continuation Decision:
    Previous block: 26_3_update_logical_block_0150 (page 12)
      text: Customer Order upgrade promotion and then tried to 38679336
    Current block: 26_3_update_logical_block_0151 (page 12)
      text: Management start a new upgrade with a different
    Continuation evidence:
      sentence_continuation_score: 0.55
      lexical_continuation_score: 0.00
      capitalization_score: 0.25
      punctuation_score: 0.70
      spatial_proximity_score: 1.00
      alignment_score: 1.00
      typography_score: 1.00
      reading_order_score: 1.00
      page_continuation_score: 0.85
      role_compatibility_score: 0.95
    New boundary evidence:
      heading_change: 0.00
      structural_change: 0.00
      spacing_break: 0.00
      reading_region_change: 0.00
      table_boundary: 1.00
      role_change: 0.00
    Continuation score: 0.70
    New boundary score: 0.18
    Decision: KEEP_SEPARATE
    Confidence: 0.95
      reason: Both blocks are structured records; table rows stay independent.
    Continuation Decision:
    Previous block: 26_3_update_logical_block_0151 (page 12)
      text: Management start a new upgrade with a different
    Current block: 26_3_update_logical_block_0152 (page 13)
      text: Siebel CRM Deployment 31264888 Database Upgrade promotion, the system would incorrectly show the name of the previous promotion instead of the newly selected one. Now, the system correctly displays the name of the promotion you select during the second attempt. Addresses an issue during Upgrades that the license key for Siebel Tools is not active by default, blocking the upgrade from running.
    Continuation evidence:
      sentence_continuation_score: 0.55
      lexical_continuation_score: 0.00
      capitalization_score: 0.25
      punctuation_score: 0.70
      spatial_proximity_score: 0.97
      alignment_score: 1.00
      typography_score: 0.05
      reading_order_score: 1.00
      page_continuation_score: 0.75
      role_compatibility_score: 0.15
    New boundary evidence:
      heading_change: 0.78
      structural_change: 0.45
      spacing_break: 0.03
      reading_region_change: 0.00
      table_boundary: 1.00
      role_change: 0.90
    Continuation score: 0.54
    New boundary score: 0.54
    Decision: KEEP_SEPARATE
    Confidence: 0.95
      reason: Both blocks are structured records; table rows stay independent.
    Continuation Decision:
    Previous block: 26_3_update_logical_block_0152 (page 13)
      text: Siebel CRM Deployment 31264888 Database Upgrade promotion, the system would incorrectly show the name of the previous promotion instead of the newly selected one. Now, the system correctly displays the name of the promotion you select during the second attempt. Addresses an issue during Upgrades that the license key for Siebel Tools is not active by default, blocking the upgrade from running.
    Current block: 26_3_update_logical_block_0153 (page 13)
      text: Siebel CRM Deployment 38792489 Server Infrastructure Improved DNS Lookup Performance
    Continuation evidence:
      sentence_continuation_score: 0.00
      lexical_continuation_score: 0.00
      capitalization_score: 0.05
      punctuation_score: 0.08
      spatial_proximity_score: 1.00
      alignment_score: 1.00
      typography_score: 0.75
      reading_order_score: 1.00
      page_continuation_score: 0.85
      role_compatibility_score: 0.60
    New boundary evidence:
      heading_change: 0.86
      structural_change: 0.55
      spacing_break: 0.00
      reading_region_change: 0.00
      table_boundary: 1.00
      role_change: 0.80
    Continuation score: 0.46
    New boundary score: 0.56
    Decision: KEEP_SEPARATE
    Confidence: 0.95
      reason: Both blocks are structured records; table rows stay independent.
    Continuation Decision:
    Previous block: 26_3_update_logical_block_0153 (page 13)
      text: Siebel CRM Deployment 38792489 Server Infrastructure Improved DNS Lookup Performance
    Current block: 26_3_update_logical_block_0154 (page 13)
      text: Siebel CRM Deployment 38685764 Server Infrastructure Resolution for the inability to save Siebel tab layout after making changes (after applying a specific patch/POC )
    Continuation evidence:
      sentence_continuation_score: 0.55
      lexical_continuation_score: 0.00
      capitalization_score: 0.25
      punctuation_score: 0.70
      spatial_proximity_score: 1.00
      alignment_score: 1.00
      typography_score: 0.75
      reading_order_score: 1.00
      page_continuation_score: 0.85
      role_compatibility_score: 0.60
    New boundary evidence:
      heading_change: 0.86
      structural_change: 0.00
      spacing_break: 0.00
      reading_region_change: 0.00
      table_boundary: 1.00
      role_change: 0.80
    Continuation score: 0.65
    New boundary score: 0.48
    Decision: KEEP_SEPARATE
    Confidence: 0.95
      reason: Both blocks are structured records; table rows stay independent.
    Continuation Decision:
    Previous block: 26_3_update_logical_block_0154 (page 13)
      text: Siebel CRM Deployment 38685764 Server Infrastructure Resolution for the inability to save Siebel tab layout after making changes (after applying a specific patch/POC )
    Current block: 26_3_update_logical_block_0155 (page 13)
      text: Siebel CRM Deployment 38603047 Server Infrastructure Addressed "ACCESS TO USER PREFERENCE FILE ON LINUX RETURNS: FAILED TO OPEN PREFERENCE FILE. ERROR INFO = 11 " error which caused the file not to be read.
    Continuation evidence:
      sentence_continuation_score: 0.55
      lexical_continuation_score: 0.00
      capitalization_score: 0.25
      punctuation_score: 0.70
      spatial_proximity_score: 1.00
      alignment_score: 1.00
      typography_score: 0.75
      reading_order_score: 1.00
      page_continuation_score: 0.85
      role_compatibility_score: 0.60
    New boundary evidence:
      heading_change: 0.85
      structural_change: 0.00
      spacing_break: 0.00
      reading_region_change: 0.00
      table_boundary: 1.00
      role_change: 0.80
    Continuation score: 0.65
    New boundary score: 0.48
    Decision: KEEP_SEPARATE
    Confidence: 0.95
      reason: Both blocks are structured records; table rows stay independent.
    Continuation Decision:
    Previous block: 26_3_update_logical_block_0155 (page 13)
      text: Siebel CRM Deployment 38603047 Server Infrastructure Addressed "ACCESS TO USER PREFERENCE FILE ON LINUX RETURNS: FAILED TO OPEN PREFERENCE FILE. ERROR INFO = 11 " error which caused the file not to be read.
    Current block: 26_3_update_logical_block_0156 (page 13)
      text: Siebel CRM Development 38250077 Configuration Tools Web Tools now correctly respects the session timeout setting even if it is large.
    Continuation evidence:
      sentence_continuation_score: 0.00
      lexical_continuation_score: 0.00
      capitalization_score: 0.05
      punctuation_score: 0.08
      spatial_proximity_score: 1.00
      alignment_score: 1.00
      typography_score: 0.75
      reading_order_score: 1.00
      page_continuation_score: 0.85
      role_compatibility_score: 0.60
    New boundary evidence:
      heading_change: 0.86
      structural_change: 0.55
      spacing_break: 0.00
      reading_region_change: 0.00
      table_boundary: 1.00
      role_change: 0.80
    Continuation score: 0.46
    New boundary score: 0.56
    Decision: KEEP_SEPARATE
    Confidence: 0.95
      reason: Both blocks are structured records; table rows stay independent.
    Continuation Decision:
    Previous block: 26_3_update_logical_block_0156 (page 13)
      text: Siebel CRM Development 38250077 Configuration Tools Web Tools now correctly respects the session timeout setting even if it is large.
    Current block: 26_3_update_logical_block_0157 (page 13)
      text: Siebel CRM Documentation 29468742 Task UI Guide Documents the ProcessArgAsc parameter that will enforce the order of updating Business Component Fields in a Task Siebel Operation Step.
    Continuation evidence:
      sentence_continuation_score: 0.00
      lexical_continuation_score: 0.00
      capitalization_score: 0.05
      punctuation_score: 0.08
      spatial_proximity_score: 1.00
      alignment_score: 1.00
      typography_score: 0.75
      reading_order_score: 1.00
      page_continuation_score: 0.85
      role_compatibility_score: 0.60
    New boundary evidence:
      heading_change: 0.86
      structural_change: 0.55
      spacing_break: 0.00
      reading_region_change: 0.00
      table_boundary: 1.00
      role_change: 0.80
    Continuation score: 0.46
    New boundary score: 0.56
    Decision: KEEP_SEPARATE
    Confidence: 0.95
      reason: Both blocks are structured records; table rows stay independent.
    Continuation Decision:
    Previous block: 26_3_update_logical_block_0157 (page 13)
      text: Siebel CRM Documentation 29468742 Task UI Guide Documents the ProcessArgAsc parameter that will enforce the order of updating Business Component Fields in a Task Siebel Operation Step.
    Current block: 26_3_update_logical_block_0158 (page 13)
      text: Siebel CRM End User 12599692 Reports Enabled Excel template support functionality in Siebel Reports
    Continuation evidence:
      sentence_continuation_score: 0.00
      lexical_continuation_score: 0.00
      capitalization_score: 0.05
      punctuation_score: 0.08
      spatial_proximity_score: 1.00
      alignment_score: 1.00
      typography_score: 0.75
      reading_order_score: 1.00
      page_continuation_score: 0.85
      role_compatibility_score: 0.60
    New boundary evidence:
      heading_change: 0.86
      structural_change: 0.55
      spacing_break: 0.00
      reading_region_change: 0.00
      table_boundary: 1.00
      role_change: 0.80
    Continuation score: 0.46
    New boundary score: 0.56
    Decision: KEEP_SEPARATE
    Confidence: 0.95
      reason: Both blocks are structured records; table rows stay independent.
    Continuation Decision:
    Previous block: 26_3_update_logical_block_0158 (page 13)
      text: Siebel CRM End User 12599692 Reports Enabled Excel template support functionality in Siebel Reports
    Current block: 26_3_update_logical_block_0159 (page 13)
      text: Siebel CRM Integration 38681800 EAI When the EAI HTTP Transport Business Service receives a blank set- cookie response from an external application it will be handled correctly.
    Continuation evidence:
      sentence_continuation_score: 0.55
      lexical_continuation_score: 0.00
      capitalization_score: 0.25
      punctuation_score: 0.70
      spatial_proximity_score: 1.00
      alignment_score: 1.00
      typography_score: 0.75
      reading_order_score: 1.00
      page_continuation_score: 0.85
      role_compatibility_score: 0.60
    New boundary evidence:
      heading_change: 0.86
      structural_change: 0.00
      spacing_break: 0.00
      reading_region_change: 0.00
      table_boundary: 1.00
      role_change: 0.80
    Continuation score: 0.65
    New boundary score: 0.48
    Decision: KEEP_SEPARATE
    Confidence: 0.95
      reason: Both blocks are structured records; table rows stay independent.
    Continuation Decision:
    Previous block: 26_3_update_logical_block_0159 (page 13)
      text: Siebel CRM Integration 38681800 EAI When the EAI HTTP Transport Business Service receives a blank set- cookie response from an external application it will be handled correctly.
    Current block: 26_3_update_logical_block_0160 (page 13)
      text: Siebel CRM Integration 38779291 Open Integration Fixed an issue to publish Operation field in Integration component. Instructions for 38779291
    Continuation evidence:
      sentence_continuation_score: 0.00
      lexical_continuation_score: 0.00
      capitalization_score: 0.05
      punctuation_score: 0.08
      spatial_proximity_score: 1.00
      alignment_score: 1.00
      typography_score: 0.75
      reading_order_score: 1.00
      page_continuation_score: 0.85
      role_compatibility_score: 0.60
    New boundary evidence:
      heading_change: 0.86
      structural_change: 0.55
      spacing_break: 0.00
      reading_region_change: 0.00
      table_boundary: 1.00
      role_change: 0.80
    Continuation score: 0.46
    New boundary score: 0.56
    Decision: KEEP_SEPARATE
    Confidence: 0.95
      reason: Both blocks are structured records; table rows stay independent.
    Continuation Decision:
    Previous block: 26_3_update_logical_block_0160 (page 13)
      text: Siebel CRM Integration 38779291 Open Integration Fixed an issue to publish Operation field in Integration component. Instructions for 38779291
    Current block: 26_3_update_logical_block_0161 (page 13)
      text: Siebel CRM Integration 38176388 SSSE Improves the PIMSI Dispatcher’s ability to recover from a failed state.
    Continuation evidence:
      sentence_continuation_score: 0.55
      lexical_continuation_score: 0.00
      capitalization_score: 0.25
      punctuation_score: 0.70
      spatial_proximity_score: 1.00
      alignment_score: 1.00
      typography_score: 0.75
      reading_order_score: 1.00
      page_continuation_score: 0.85
      role_compatibility_score: 0.60
    New boundary evidence:
      heading_change: 0.86
      structural_change: 0.00
      spacing_break: 0.00
      reading_region_change: 0.00
      table_boundary: 1.00
      role_change: 0.80
    Continuation score: 0.65
    New boundary score: 0.48
    Decision: KEEP_SEPARATE
    Confidence: 0.95
      reason: Both blocks are structured records; table rows stay independent.
    Continuation Decision:
    Previous block: 26_3_update_logical_block_0161 (page 13)
      text: Siebel CRM Integration 38176388 SSSE Improves the PIMSI Dispatcher’s ability to recover from a failed state.
    Current block: 26_3_update_logical_block_0162 (page 13)
      text: Special Configuration Instructions for Release 26.2 Instructions for 38679336--Previously, when you cancelled an upgrade promotion and then tried to start a new upgrade with a different promotion, the system would incorrectly show the name of the previous promotion instead of the newly selected one. Now, the system correctly displays the name of the promotion you select during the second attempt.
    Continuation evidence:
      sentence_continuation_score: 0.00
      lexical_continuation_score: 0.00
      capitalization_score: 0.05
      punctuation_score: 0.08
      spatial_proximity_score: 0.86
      alignment_score: 1.00
      typography_score: 0.42
      reading_order_score: 1.00
      page_continuation_score: 0.85
      role_compatibility_score: 0.60
    New boundary evidence:
      heading_change: 0.86
      structural_change: 0.80
      spacing_break: 0.14
      reading_region_change: 0.00
      table_boundary: 1.00
      role_change: 0.80
    Continuation score: 0.42
    New boundary score: 0.62
    Decision: KEEP_SEPARATE
    Confidence: 0.95
      reason: Structured record adjacent to non-record content.
    Continuation Decision:
    Previous block: 26_3_update_logical_block_0162 (page 13)
      text: Special Configuration Instructions for Release 26.2 Instructions for 38679336--Previously, when you cancelled an upgrade promotion and then tried to start a new upgrade with a different promotion, the system would incorrectly show the name of the previous promotion instead of the newly selected one. Now, the system correctly displays the name of the promotion you select during the second attempt.
    Current block: 26_3_update_logical_block_0163 (page 14)
      text: _Background_
    Continuation evidence:
      sentence_continuation_score: 0.00
      lexical_continuation_score: 0.00
      capitalization_score: 0.05
      punctuation_score: 0.08
      spatial_proximity_score: 0.95
      alignment_score: 0.74
      typography_score: 0.69
      reading_order_score: 1.00
      page_continuation_score: 0.35
      role_compatibility_score: 0.60
    New boundary evidence:
      heading_change: 0.82
      structural_change: 0.55
      spacing_break: 0.55
      reading_region_change: 0.00
      table_boundary: 0.00
      role_change: 0.80
    Continuation score: 0.40
    New boundary score: 0.47
    Decision: KEEP_SEPARATE
    Confidence: 0.63
      reason: Strong new prominent structure detected.
      reason: Significant spatial boundary.
      reason: Role change indicates a new logical unit.
      reason: Structural pattern changed.
      reason: Previous block does not look incomplete.
    Continuation Decision:
    Previous block: 26_3_update_logical_block_0163 (page 14)
      text: _Background_
    Current block: 26_3_update_logical_block_0164 (page 14)
      text: To resolve the issue causing an incorrect Promotion Name to appear in the Promotion Upgrade Staging View. _Steps_
    Continuation evidence:
      sentence_continuation_score: 0.55
      lexical_continuation_score: 0.00
      capitalization_score: 0.25
      punctuation_score: 0.70
      spatial_proximity_score: 0.25
      alignment_score: 0.74
      typography_score: 0.57
      reading_order_score: 1.00
      page_continuation_score: 0.85
      role_compatibility_score: 0.30
    New boundary evidence:
      heading_change: 0.00
      structural_change: 0.45
      spacing_break: 0.75
      reading_region_change: 0.85
      table_boundary: 0.00
      role_change: 0.55
    Continuation score: 0.48
    New boundary score: 0.38
    Decision: KEEP_SEPARATE
    Confidence: 0.95
      reason: Layout heading unit stays separate from following content.
    Continuation Decision:
    Previous block: 26_3_update_logical_block_0164 (page 14)
      text: To resolve the issue causing an incorrect Promotion Name to appear in the Promotion Upgrade Staging View. _Steps_
    Current block: 26_3_update_logical_block_0165 (page 14)
      text: _Repository Changes_
    Continuation evidence:
      sentence_continuation_score: 0.55
      lexical_continuation_score: 0.00
      capitalization_score: 0.25
      punctuation_score: 0.70
      spatial_proximity_score: 0.25
      alignment_score: 0.76
      typography_score: 0.55
      reading_order_score: 1.00
      page_continuation_score: 0.85
      role_compatibility_score: 0.30
    New boundary evidence:
      heading_change: 0.77
      structural_change: 0.45
      spacing_break: 0.75
      reading_region_change: 0.85
      table_boundary: 0.00
      role_change: 0.55
    Continuation score: 0.48
    New boundary score: 0.57
    Decision: KEEP_SEPARATE
    Confidence: 0.66
      reason: Strong new prominent structure detected.
      reason: Significant spatial boundary.
      reason: Different reading column / region.
    Continuation Decision:
    Previous block: 26_3_update_logical_block_0165 (page 14)
      text: _Repository Changes_
    Current block: 26_3_update_logical_block_0166 (page 14)
      text: 1. Edit the Workflow Process _ISS Promotion Finish Upgrade Sub Process_ as follows:
    Continuation evidence:
      sentence_continuation_score: 0.55
      lexical_continuation_score: 0.00
      capitalization_score: 0.25
      punctuation_score: 0.70
      spatial_proximity_score: 0.25
      alignment_score: 0.67
      typography_score: 0.75
      reading_order_score: 1.00
      page_continuation_score: 0.85
      role_compatibility_score: 0.70
    New boundary evidence:
      heading_change: 0.00
      structural_change: 0.45
      spacing_break: 0.75
      reading_region_change: 0.85
      table_boundary: 0.00
      role_change: 0.20
    Continuation score: 0.53
    New boundary score: 0.34
    Decision: KEEP_SEPARATE
    Confidence: 0.95
      reason: Layout heading unit stays separate from following content.
    Continuation Decision:
    Previous block: 26_3_update_logical_block_0166 (page 14)
      text: 1. Edit the Workflow Process _ISS Promotion Finish Upgrade Sub Process_ as follows:
    Current block: 26_3_update_logical_block_0167 (page 14)
      text: - i. Add a Business Service WF Step _Empty Header BC_ between _Done?_ and _Empty Source BC_ WF Steps.
    Continuation evidence:
      sentence_continuation_score: 0.45
      lexical_continuation_score: 0.00
      capitalization_score: 0.95
      punctuation_score: 0.55
      spatial_proximity_score: 0.95
      alignment_score: 0.79
      typography_score: 0.77
      reading_order_score: 1.00
      page_continuation_score: 0.85
      role_compatibility_score: 0.95
    New boundary evidence:
      heading_change: 0.00
      structural_change: 0.00
      spacing_break: 0.05
      reading_region_change: 0.00
      table_boundary: 0.00
      role_change: 0.00
    Continuation score: 0.68
    New boundary score: 0.01
    Decision: KEEP_SEPARATE
    Confidence: 0.50
      reason: New-boundary evidence dominates continuation evidence.
      reason: Adjacent units look related but previous text is finished; kept as separate items to avoid over-grouping.
    Continuation Decision:
    Previous block: 26_3_update_logical_block_0167 (page 14)
      text: - i. Add a Business Service WF Step _Empty Header BC_ between _Done?_ and _Empty Source BC_ WF Steps.
    Current block: 26_3_update_logical_block_0168 (page 14)
      text: - ii. For the WF Step _Empty Header BC_ , set the following properties.
    Continuation evidence:
      sentence_continuation_score: 0.45
      lexical_continuation_score: 0.00
      capitalization_score: 0.95
      punctuation_score: 0.10
      spatial_proximity_score: 0.95
      alignment_score: 0.90
      typography_score: 0.77
      reading_order_score: 1.00
      page_continuation_score: 0.85
      role_compatibility_score: 0.95
    New boundary evidence:
      heading_change: 0.00
      structural_change: 0.95
      spacing_break: 0.05
      reading_region_change: 0.00
      table_boundary: 0.00
      role_change: 0.00
    Continuation score: 0.66
    New boundary score: 0.14
    Decision: KEEP_SEPARATE
    Confidence: 0.95
      reason: Parallel enumerated items share an opener class; keep separate.
    Continuation Decision:
    Previous block: 26_3_update_logical_block_0168 (page 14)
      text: - ii. For the WF Step _Empty Header BC_ , set the following properties.
    Current block: 26_3_update_logical_block_0169 (page 14)
      text: Name Business Service Name Business Service Method
    Continuation evidence:
      sentence_continuation_score: 0.00
      lexical_continuation_score: 0.00
      capitalization_score: 0.05
      punctuation_score: 0.08
      spatial_proximity_score: 1.00
      alignment_score: 0.80
      typography_score: 0.81
      reading_order_score: 1.00
      page_continuation_score: 0.85
      role_compatibility_score: 0.95
    New boundary evidence:
      heading_change: 0.00
      structural_change: 0.80
      spacing_break: 0.00
      reading_region_change: 0.00
      table_boundary: 1.00
      role_change: 0.00
    Continuation score: 0.49
    New boundary score: 0.29
    Decision: KEEP_SEPARATE
    Confidence: 0.95
      reason: Structured record adjacent to non-record content.
    Continuation Decision:
    Previous block: 26_3_update_logical_block_0169 (page 14)
      text: Name Business Service Name Business Service Method
    Current block: 26_3_update_logical_block_0170 (page 14)
      text: EmptyHeader BC InMemoryUpgrade Data Service Invoke BC Method
    Continuation evidence:
      sentence_continuation_score: 0.55
      lexical_continuation_score: 0.00
      capitalization_score: 0.25
      punctuation_score: 0.70
      spatial_proximity_score: 1.00
      alignment_score: 1.00
      typography_score: 1.00
      reading_order_score: 1.00
      page_continuation_score: 0.85
      role_compatibility_score: 0.95
    New boundary evidence:
      heading_change: 0.00
      structural_change: 0.00
      spacing_break: 0.00
      reading_region_change: 0.00
      table_boundary: 1.00
      role_change: 0.00
    Continuation score: 0.70
    New boundary score: 0.18
    Decision: KEEP_SEPARATE
    Confidence: 0.95
      reason: Both blocks are structured records; table rows stay independent.
    Continuation Decision:
    Previous block: 26_3_update_logical_block_0170 (page 14)
      text: EmptyHeader BC InMemoryUpgrade Data Service Invoke BC Method
    Current block: 26_3_update_logical_block_0171 (page 14)
      text: For the WF Step _Em_ Input Argument _pty Header BC_,add the followingInput Arguments. Type Value
    Continuation evidence:
      sentence_continuation_score: 0.55
      lexical_continuation_score: 0.00
      capitalization_score: 0.25
      punctuation_score: 0.70
      spatial_proximity_score: 1.00
      alignment_score: 1.00
      typography_score: 1.00
      reading_order_score: 1.00
      page_continuation_score: 0.85
      role_compatibility_score: 0.95
    New boundary evidence:
      heading_change: 0.00
      structural_change: 0.00
      spacing_break: 0.00
      reading_region_change: 0.00
      table_boundary: 1.00
      role_change: 0.00
    Continuation score: 0.70
    New boundary score: 0.18
    Decision: MERGE
    Confidence: 0.90
      reason: Blocks are spatially close in the same reading region.
      reason: Compatible horizontal alignment.
      reason: Compatible typography.
      reason: Compatible across page boundary.
    Continuation Decision:
    Previous block: 26_3_update_logical_block_0171 (page 14)
      text: For the WF Step _Em_ Input Argument _pty Header BC_,add the followingInput Arguments. Type Value
    Current block: 26_3_update_logical_block_0172 (page 14)
      text: BC Name Literal ISS Promotion Upgrade Header VBC
    Continuation evidence:
      sentence_continuation_score: 0.55
      lexical_continuation_score: 0.00
      capitalization_score: 0.25
      punctuation_score: 0.70
      spatial_proximity_score: 1.00
      alignment_score: 1.00
      typography_score: 1.00
      reading_order_score: 1.00
      page_continuation_score: 0.85
      role_compatibility_score: 0.95
    New boundary evidence:
      heading_change: 0.00
      structural_change: 0.00
      spacing_break: 0.00
      reading_region_change: 0.00
      table_boundary: 1.00
      role_change: 0.00
    Continuation score: 0.70
    New boundary score: 0.18
    Decision: KEEP_SEPARATE
    Confidence: 0.95
      reason: Both blocks are structured records; table rows stay independent.
    Continuation Decision:
    Previous block: 26_3_update_logical_block_0172 (page 14)
      text: BC Name Literal ISS Promotion Upgrade Header VBC
    Current block: 26_3_update_logical_block_0173 (page 14)
      text: Method Name Literal EmptyRecord
    Continuation evidence:
      sentence_continuation_score: 0.55
      lexical_continuation_score: 0.00
      capitalization_score: 0.25
      punctuation_score: 0.70
      spatial_proximity_score: 1.00
      alignment_score: 1.00
      typography_score: 0.75
      reading_order_score: 1.00
      page_continuation_score: 0.85
      role_compatibility_score: 0.50
    New boundary evidence:
      heading_change: 0.00
      structural_change: 0.45
      spacing_break: 0.00
      reading_region_change: 0.00
      table_boundary: 1.00
      role_change: 0.55
    Continuation score: 0.64
    New boundary score: 0.31
    Decision: KEEP_SEPARATE
    Confidence: 0.95
      reason: Both blocks are structured records; table rows stay independent.
    Continuation Decision:
    Previous block: 26_3_update_logical_block_0173 (page 14)
      text: Method Name Literal EmptyRecord
    Current block: 26_3_update_logical_block_0174 (page 14)
      text: - iii. For the WF Step _Empty Header BC_ , add the following Input Arguments.
    Continuation evidence:
      sentence_continuation_score: 0.92
      lexical_continuation_score: 0.00
      capitalization_score: 0.95
      punctuation_score: 0.70
      spatial_proximity_score: 1.00
      alignment_score: 0.82
      typography_score: 0.56
      reading_order_score: 1.00
      page_continuation_score: 0.85
      role_compatibility_score: 0.55
    New boundary evidence:
      heading_change: 0.00
      structural_change: 0.80
      spacing_break: 0.00
      reading_region_change: 0.00
      table_boundary: 1.00
      role_change: 0.55
    Continuation score: 0.75
    New boundary score: 0.36
    Decision: KEEP_SEPARATE
    Confidence: 0.95
      reason: Structured record adjacent to non-record content.
    Continuation Decision:
    Previous block: 26_3_update_logical_block_0174 (page 14)
      text: - iii. For the WF Step _Empty Header BC_ , add the following Input Arguments.
    Current block: 26_3_update_logical_block_0175 (page 14)
      text: - iv. Modify the existing WF Branch Connector between WF Step _Done?_ and WF Step _Empty Source BC_ to connect WF Step _Done?_ with the new WF Step _Empty Header BC_ . Note : Make sure the connector type is _Default._
    Continuation evidence:
      sentence_continuation_score: 0.45
      lexical_continuation_score: 0.00
      capitalization_score: 0.95
      punctuation_score: 0.10
      spatial_proximity_score: 0.10
      alignment_score: 0.92
      typography_score: 0.04
      reading_order_score: 1.00
      page_continuation_score: 0.85
      role_compatibility_score: 0.15
    New boundary evidence:
      heading_change: 0.77
      structural_change: 0.45
      spacing_break: 0.90
      reading_region_change: 0.00
      table_boundary: 0.00
      role_change: 0.90
    Continuation score: 0.40
    New boundary score: 0.52
    Decision: KEEP_SEPARATE
    Confidence: 0.66
      reason: Strong new prominent structure detected.
      reason: Significant spatial boundary.
      reason: Role change indicates a new logical unit.
    Continuation Decision:
    Previous block: 26_3_update_logical_block_0175 (page 14)
      text: - iv. Modify the existing WF Branch Connector between WF Step _Done?_ and WF Step _Empty Source BC_ to connect WF Step _Done?_ with the new WF Step _Empty Header BC_ . Note : Make sure the connector type is _Default._
    Current block: 26_3_update_logical_block_0176 (page 14)
      text: - v. Add a WF Branch Connector between WF Step _Empty Header BC_ and WF Step _Empty Source BC_ .
    Continuation evidence:
      sentence_continuation_score: 0.92
      lexical_continuation_score: 0.00
      capitalization_score: 0.95
      punctuation_score: 0.70
      spatial_proximity_score: 0.95
      alignment_score: 0.97
      typography_score: 0.61
      reading_order_score: 1.00
      page_continuation_score: 0.85
      role_compatibility_score: 0.70
    New boundary evidence:
      heading_change: 0.00
      structural_change: 0.45
      spacing_break: 0.05
      reading_region_change: 0.00
      table_boundary: 0.00
      role_change: 0.20
    Continuation score: 0.78
    New boundary score: 0.10
    Decision: MERGE
    Confidence: 1.00
      reason: Previous block appears incomplete; current continues the sentence.
      reason: Current block begins with lowercase text.
      reason: Blocks are spatially close in the same reading region.
      reason: Compatible horizontal alignment.
      reason: Compatible typography.
      reason: Compatible across page boundary.
      reason: No strong new heading or table boundary.
    Continuation Decision:
    Previous block: 26_3_update_logical_block_0176 (page 14)
      text: - v. Add a WF Branch Connector between WF Step _Empty Header BC_ and WF Step _Empty Source BC_ .
    Current block: 26_3_update_logical_block_0177 (page 14)
      text: Instructions for 38779291--Fixed an issue to publish Operation field in Integration component.
    Continuation evidence:
      sentence_continuation_score: 0.00
      lexical_continuation_score: 0.00
      capitalization_score: 0.05
      punctuation_score: 0.08
      spatial_proximity_score: 0.00
      alignment_score: 0.40
      typography_score: 0.30
      reading_order_score: 1.00
      page_continuation_score: 0.30
      role_compatibility_score: 0.28
    New boundary evidence:
      heading_change: 0.00
      structural_change: 0.78
      spacing_break: 1.00
      reading_region_change: 0.00
      table_boundary: 0.00
      role_change: 0.00
    Continuation score: 0.18
    New boundary score: 0.29
    Decision: KEEP_SEPARATE
    Confidence: 0.61
      reason: Significant spatial boundary.
      reason: Structural pattern changed.
      reason: Previous block does not look incomplete.
    Continuation Decision:
    Previous block: 26_3_update_logical_block_0177 (page 14)
      text: Instructions for 38779291--Fixed an issue to publish Operation field in Integration component.
    Current block: 26_3_update_logical_block_0178 (page 15)
      text: _Background_
    Continuation evidence:
      sentence_continuation_score: 0.00
      lexical_continuation_score: 0.00
      capitalization_score: 0.05
      punctuation_score: 0.08
      spatial_proximity_score: 0.88
      alignment_score: 0.74
      typography_score: 0.75
      reading_order_score: 1.00
      page_continuation_score: 0.35
      role_compatibility_score: 0.50
    New boundary evidence:
      heading_change: 0.00
      structural_change: 0.55
      spacing_break: 0.55
      reading_region_change: 0.00
      table_boundary: 0.00
      role_change: 0.55
    Continuation score: 0.39
    New boundary score: 0.24
    Decision: KEEP_SEPARATE
    Confidence: 0.55
      reason: Significant spatial boundary.
      reason: Structural pattern changed.
      reason: Previous block does not look incomplete.
    Continuation Decision:
    Previous block: 26_3_update_logical_block_0178 (page 15)
      text: _Background_
    Current block: 26_3_update_logical_block_0179 (page 15)
      text: <mark>User creation via the</mark> _<mark>User</mark>_ <mark>Integration Component of the</mark> _<mark>Users</mark>_ <mark>Integration Object fails as the Open API specification for the Integration Object does not have a required field</mark> _<mark>operation</mark>_ <mark>. This is because the</mark> _<mark>operation</mark>_ <mark>field is marked as a “system” field in the</mark> _<mark>User</mark>_ <mark>Integration Component definition, while the Siebel Open API specification only includes the fields that marked as “data”. To ensure the</mark> _<mark>operation</mark>_ <mark>field is included in the Open API specification, it must be changed to a Data field.</mark>
    Continuation evidence:
      sentence_continuation_score: 0.92
      lexical_continuation_score: 0.00
      capitalization_score: 0.95
      punctuation_score: 0.70
      spatial_proximity_score: 0.25
      alignment_score: 0.74
      typography_score: 0.41
      reading_order_score: 1.00
      page_continuation_score: 0.85
      role_compatibility_score: 0.30
    New boundary evidence:
      heading_change: 0.78
      structural_change: 0.45
      spacing_break: 0.75
      reading_region_change: 0.85
      table_boundary: 0.00
      role_change: 0.55
    Continuation score: 0.60
    New boundary score: 0.57
    Decision: KEEP_SEPARATE
    Confidence: 0.61
      reason: Strong new prominent structure detected.
      reason: Significant spatial boundary.
      reason: Different reading column / region.
    Continuation Decision:
    Previous block: 26_3_update_logical_block_0179 (page 15)
      text: <mark>User creation via the</mark> _<mark>User</mark>_ <mark>Integration Component of the</mark> _<mark>Users</mark>_ <mark>Integration Object fails as the Open API specification for the Integration Object does not have a required field</mark> _<mark>operation</mark>_ <mark>. This is because the</mark> _<mark>operation</mark>_ <mark>field is marked as a “system” field in the</mark> _<mark>User</mark>_ <mark>Integration Component definition, while the Siebel Open API specification only includes the fields that marked as “data”. To ensure the</mark> _<mark>operation</mark>_ <mark>field is included in the Open API specification, it must be changed to a Data field.</mark>
    Current block: 26_3_update_logical_block_0180 (page 15)
      text: _Steps_
    Continuation evidence:
      sentence_continuation_score: 0.55
      lexical_continuation_score: 0.00
      capitalization_score: 0.25
      punctuation_score: 0.70
      spatial_proximity_score: 0.25
      alignment_score: 0.72
      typography_score: 0.41
      reading_order_score: 1.00
      page_continuation_score: 0.85
      role_compatibility_score: 0.60
    New boundary evidence:
      heading_change: 0.82
      structural_change: 0.00
      spacing_break: 0.75
      reading_region_change: 0.90
      table_boundary: 0.00
      role_change: 0.80
    Continuation score: 0.49
    New boundary score: 0.55
    Decision: KEEP_SEPARATE
    Confidence: 0.64
      reason: Strong new prominent structure detected.
      reason: Significant spatial boundary.
      reason: Different reading column / region.
      reason: Role change indicates a new logical unit.
    Continuation Decision:
    Previous block: 26_3_update_logical_block_0180 (page 15)
      text: _Steps_
    Current block: 26_3_update_logical_block_0181 (page 15)
      text: Repository Changes
    Continuation evidence:
      sentence_continuation_score: 0.55
      lexical_continuation_score: 0.00
      capitalization_score: 0.25
      punctuation_score: 0.70
      spatial_proximity_score: 0.83
      alignment_score: 0.80
      typography_score: 0.71
      reading_order_score: 1.00
      page_continuation_score: 0.85
      role_compatibility_score: 0.60
    New boundary evidence:
      heading_change: 0.82
      structural_change: 0.00
      spacing_break: 0.17
      reading_region_change: 0.00
      table_boundary: 0.00
      role_change: 0.80
    Continuation score: 0.61
    New boundary score: 0.33
    Decision: KEEP_SEPARATE
    Confidence: 0.95
      reason: Layout heading unit stays separate from following content.
    Continuation Decision:
    Previous block: 26_3_update_logical_block_0181 (page 15)
      text: Repository Changes
    Current block: 26_3_update_logical_block_0182 (page 15)
      text: Perform the following changes to convert the _operation_ field from “system” to “data”:
    Continuation evidence:
      sentence_continuation_score: 0.55
      lexical_continuation_score: 0.00
      capitalization_score: 0.25
      punctuation_score: 0.70
      spatial_proximity_score: 0.94
      alignment_score: 0.76
      typography_score: 0.72
      reading_order_score: 1.00
      page_continuation_score: 0.85
      role_compatibility_score: 0.70
    New boundary evidence:
      heading_change: 0.00
      structural_change: 0.45
      spacing_break: 0.06
      reading_region_change: 0.60
      table_boundary: 0.00
      role_change: 0.20
    Continuation score: 0.63
    New boundary score: 0.18
    Decision: KEEP_SEPARATE
    Confidence: 0.95
      reason: Layout heading unit stays separate from following content.
    Continuation Decision:
    Previous block: 26_3_update_logical_block_0182 (page 15)
      text: Perform the following changes to convert the _operation_ field from “system” to “data”:
    Current block: 26_3_update_logical_block_0183 (page 15)
      text: 1. Select the _Users_ Integration Object.
    Continuation evidence:
      sentence_continuation_score: 0.00
      lexical_continuation_score: 0.00
      capitalization_score: 0.05
      punctuation_score: 0.08
      spatial_proximity_score: 0.83
      alignment_score: 0.73
      typography_score: 0.96
      reading_order_score: 1.00
      page_continuation_score: 0.85
      role_compatibility_score: 0.95
    New boundary evidence:
      heading_change: 0.00
      structural_change: 0.55
      spacing_break: 0.17
      reading_region_change: 0.00
      table_boundary: 0.00
      role_change: 0.00
    Continuation score: 0.47
    New boundary score: 0.11
    Decision: KEEP_SEPARATE
    Confidence: 0.52
      reason: Structural pattern changed.
      reason: Previous block does not look incomplete.
    Continuation Decision:
    Previous block: 26_3_update_logical_block_0183 (page 15)
      text: 1. Select the _Users_ Integration Object.
    Current block: 26_3_update_logical_block_0184 (page 15)
      text: 2. Select the child Integration Component _User_ .
    Continuation evidence:
      sentence_continuation_score: 0.00
      lexical_continuation_score: 0.00
      capitalization_score: 0.05
      punctuation_score: 0.08
      spatial_proximity_score: 0.97
      alignment_score: 0.94
      typography_score: 1.00
      reading_order_score: 1.00
      page_continuation_score: 0.85
      role_compatibility_score: 0.95
    New boundary evidence:
      heading_change: 0.00
      structural_change: 0.95
      spacing_break: 0.03
      reading_region_change: 0.00
      table_boundary: 0.00
      role_change: 0.00
    Continuation score: 0.51
    New boundary score: 0.14
    Decision: KEEP_SEPARATE
    Confidence: 0.95
      reason: Parallel enumerated items share an opener class; keep separate.
    Continuation Decision:
    Previous block: 26_3_update_logical_block_0184 (page 15)
      text: 2. Select the child Integration Component _User_ .
    Current block: 26_3_update_logical_block_0185 (page 15)
      text: 3. Select the child Integration Component Field _operation_ .
    Continuation evidence:
      sentence_continuation_score: 0.00
      lexical_continuation_score: 0.00
      capitalization_score: 0.05
      punctuation_score: 0.08
      spatial_proximity_score: 0.95
      alignment_score: 0.95
      typography_score: 0.96
      reading_order_score: 1.00
      page_continuation_score: 0.85
      role_compatibility_score: 0.95
    New boundary evidence:
      heading_change: 0.00
      structural_change: 0.95
      spacing_break: 0.05
      reading_region_change: 0.00
      table_boundary: 0.00
      role_change: 0.00
    Continuation score: 0.50
    New boundary score: 0.14
    Decision: KEEP_SEPARATE
    Confidence: 0.95
      reason: Parallel enumerated items share an opener class; keep separate.
    Continuation Decision:
    Previous block: 26_3_update_logical_block_0185 (page 15)
      text: 3. Select the child Integration Component Field _operation_ .
    Current block: 26_3_update_logical_block_0186 (page 15)
      text: 4. Modify the Type attribute to “Data”.
    Continuation evidence:
      sentence_continuation_score: 0.00
      lexical_continuation_score: 0.00
      capitalization_score: 0.05
      punctuation_score: 0.08
      spatial_proximity_score: 0.95
      alignment_score: 0.90
      typography_score: 0.72
      reading_order_score: 1.00
      page_continuation_score: 0.85
      role_compatibility_score: 0.50
    New boundary evidence:
      heading_change: 0.00
      structural_change: 0.95
      spacing_break: 0.05
      reading_region_change: 0.00
      table_boundary: 0.00
      role_change: 0.55
    Continuation score: 0.44
    New boundary score: 0.21
    Decision: KEEP_SEPARATE
    Confidence: 0.95
      reason: Parallel enumerated items share an opener class; keep separate.
    Continuation Decision:
    Previous block: 26_3_update_logical_block_0186 (page 15)
      text: 4. Modify the Type attribute to “Data”.
    Current block: 26_3_update_logical_block_0187 (page 15)
      text: New Features and Bug Fixes in Siebel CRM Monthly Update 26.1 New Features in Siebel CRM 26.1
    Continuation evidence:
      sentence_continuation_score: 0.00
      lexical_continuation_score: 0.00
      capitalization_score: 0.05
      punctuation_score: 0.08
      spatial_proximity_score: 0.28
      alignment_score: 0.40
      typography_score: 0.30
      reading_order_score: 1.00
      page_continuation_score: 0.30
      role_compatibility_score: 0.28
    New boundary evidence:
      heading_change: 0.00
      structural_change: 0.78
      spacing_break: 0.68
      reading_region_change: 0.00
      table_boundary: 0.00
      role_change: 0.00
    Continuation score: 0.22
    New boundary score: 0.23
    Decision: KEEP_SEPARATE
    Confidence: 0.55
      reason: Significant spatial boundary.
      reason: Structural pattern changed.
      reason: Previous block does not look incomplete.
    Continuation Decision:
    Previous block: 26_3_update_logical_block_0187 (page 15)
      text: New Features and Bug Fixes in Siebel CRM Monthly Update 26.1 New Features in Siebel CRM 26.1
    Current block: 26_3_update_logical_block_0188 (page 15)
      text: Feature Name Description Documentation Repository Update Required?
    Continuation evidence:
      sentence_continuation_score: 0.55
      lexical_continuation_score: 0.00
      capitalization_score: 0.25
      punctuation_score: 0.70
      spatial_proximity_score: 0.86
      alignment_score: 0.88
      typography_score: 0.37
      reading_order_score: 1.00
      page_continuation_score: 0.85
      role_compatibility_score: 0.30
    New boundary evidence:
      heading_change: 0.85
      structural_change: 0.80
      spacing_break: 0.14
      reading_region_change: 0.00
      table_boundary: 1.00
      role_change: 0.55
    Continuation score: 0.56
    New boundary score: 0.59
    Decision: KEEP_SEPARATE
    Confidence: 0.95
      reason: Structured record adjacent to non-record content.
    Continuation Decision:
    Previous block: 26_3_update_logical_block_0188 (page 15)
      text: Feature Name Description Documentation Repository Update Required?
    Current block: 26_3_update_logical_block_0189 (page 15)
      text: Preserve Customer Configuration Changes During Monthly Updates This feature decreases the time and effort to uptake new features released in Monthly Updates. Effective with this feature, the RepositoryUpgrade process has been replaced with "RepositoryUpdate". This new process reduces the number of changes made by the utility, with an overall benefit of a smoother uptake of the content introduced in a Siebel Monthly Update, allowing customers to leverage new features more easily than before. Background Formerly, during a Monthly Update, there was a process known as "RepositoryUpgrade", which updated the Siebel CRM environment to incorporate Repository changes, schema changes, seed data, and other modifications introduced by new features. This utility delivered optional Repository changes made by the Oracle Siebel CRM development team. During execution, the RepositoryUpgrade utility imported data from the intervening releases since the last time it was run. If the Siebel CRM environment was not kept up- to-date regularly with the latest Siebel CRM Monthly Updates, then the number of Repository changes that must be applied increased as well, • Database Upgrade Guide No
    Continuation evidence:
      sentence_continuation_score: 0.00
      lexical_continuation_score: 0.00
      capitalization_score: 0.05
      punctuation_score: 0.08
      spatial_proximity_score: 1.00
      alignment_score: 1.00
      typography_score: 0.75
      reading_order_score: 1.00
      page_continuation_score: 0.85
      role_compatibility_score: 0.60
    New boundary evidence:
      heading_change: 0.87
      structural_change: 0.55
      spacing_break: 0.00
      reading_region_change: 0.00
      table_boundary: 1.00
      role_change: 0.80
    Continuation score: 0.46
    New boundary score: 0.56
    Decision: KEEP_SEPARATE
    Confidence: 0.95
      reason: Both blocks are structured records; table rows stay independent.
  Initial logical blocks: 189
  Consolidated logical blocks: 179
  Merge chains: 7
  Blocks merged: 17
  Average consolidation confidence: 0.83

[PATTERN DISCOVERY]
    ContentUnit: 26_3_update_unit_0006
    
    Structural signature:
      - Metadata-like content
    Discovered pattern: pattern_001 (106 unit(s), signature P1B0M0)
    Semantic representation generated.
    ContentUnit: 26_3_update_unit_0001
    
    Structural signature:
      - Metadata-like content
    Discovered pattern: pattern_002 (49 unit(s), signature P0B1M0)
    Semantic representation generated.
    ContentUnit: 26_3_update_unit_0010
    
    Structural signature:
      - Prominent text
    Discovered pattern: pattern_003 (19 unit(s), signature P1B0M0)
    Semantic representation generated.
    ContentUnit: 26_3_update_unit_0003
    
    Structural signature:
      - Prominent text
    Discovered pattern: pattern_004 (15 unit(s), signature P1B0M0)
    Semantic representation generated.

[SECTION GROUP DISCOVERY]
  Discovering section headings from relative layout evidence...
    SectionGroup: DiscoveredSection_001
      Heading: Siebel CRM Update Guide and Known Issues
      Pages: 1-1
      Items: 1
      Source blocks: 1
      Evidence:
        Heading prominence: 0.00
        Heading size ratio: 1.00
        Member count: 1.00
        Page span: 1.00
    SectionGroup: DiscoveredSection_002
      Heading: Required Patches
      Pages: 1-1
      Items: 5
      Source blocks: 5
      Evidence:
        Heading prominence: 0.00
        Heading size ratio: 1.00
        Member count: 5.00
        Page span: 1.00
    SectionGroup: DiscoveredSection_003
      Heading: Effect of Encryption Upgrade in 25.10 and Later
      Pages: 1-1
      Items: 9
      Source blocks: 9
      Evidence:
        Heading prominence: 0.00
        Heading size ratio: 1.00
        Member count: 9.00
        Page span: 1.00
    SectionGroup: DiscoveredSection_004
      Heading: Required Downloads
      Pages: 1-3
      Items: 39
      Source blocks: 39
      Evidence:
        Heading prominence: 0.00
        Heading size ratio: 1.00
        Member count: 39.00
        Page span: 3.00
    SectionGroup: DiscoveredSection_005
      Heading: Update Basics
      Pages: 3-3
      Items: 6
      Source blocks: 6
      Evidence:
        Heading prominence: 0.00
        Heading size ratio: 1.00
        Member count: 6.00
        Page span: 1.00
    SectionGroup: DiscoveredSection_006
      Heading: Repository Updates
      Pages: 3-3
      Items: 3
      Source blocks: 3
      Evidence:
        Heading prominence: 0.00
        Heading size ratio: 1.00
        Member count: 3.00
        Page span: 1.00
    SectionGroup: DiscoveredSection_007
      Heading: Features and Bug Fixes by Release
      Pages: 3-15
      Items: 100
      Source blocks: 114
      Evidence:
        Heading prominence: 0.00
        Heading size ratio: 1.00
        Member count: 100.00
        Page span: 13.00
    SectionGroup: DiscoveredSection_008
      Heading: Repository Changes
      Pages: 15-15
      Items: 8
      Source blocks: 9
      Evidence:
        Heading prominence: 0.00
        Heading size ratio: 1.00
        Member count: 8.00
        Page span: 1.00

[CROSS-DOCUMENT GROUPING]
    logical_group_001: 43 block(s) across 1 document(s)
    logical_group_002: 43 block(s) across 1 document(s)
    logical_group_003: 43 block(s) across 1 document(s)
    logical_group_004: 43 block(s) across 1 document(s)
    logical_group_005: 43 block(s) across 1 document(s)
    logical_group_006: 43 block(s) across 1 document(s)
    logical_group_007: 43 block(s) across 1 document(s)
    logical_group_008: 43 block(s) across 1 document(s)
    logical_group_009: 43 block(s) across 1 document(s)
    logical_group_010: 43 block(s) across 1 document(s)
    logical_group_011: 43 block(s) across 1 document(s)
    logical_group_012: 43 block(s) across 1 document(s)
    logical_group_013: 43 block(s) across 1 document(s)
    logical_group_014: 43 block(s) across 1 document(s)
    logical_group_015: 43 block(s) across 1 document(s)
    logical_group_016: 43 block(s) across 1 document(s)
    logical_group_017: 43 block(s) across 1 document(s)
    logical_group_018: 43 block(s) across 1 document(s)
    logical_group_019: 43 block(s) across 1 document(s)
    logical_group_020: 43 block(s) across 1 document(s)
    logical_group_021: 43 block(s) across 1 document(s)
    logical_group_022: 43 block(s) across 1 document(s)
    logical_group_023: 43 block(s) across 1 document(s)
    logical_group_024: 43 block(s) across 1 document(s)
    logical_group_025: 43 block(s) across 1 document(s)
    logical_group_026: 43 block(s) across 1 document(s)
    logical_group_027: 43 block(s) across 1 document(s)
    logical_group_028: 43 block(s) across 1 document(s)
    logical_group_029: 43 block(s) across 1 document(s)
    logical_group_030: 43 block(s) across 1 document(s)
    logical_group_031: 43 block(s) across 1 document(s)
    logical_group_032: 43 block(s) across 1 document(s)
    logical_group_033: 43 block(s) across 1 document(s)
    logical_group_034: 43 block(s) across 1 document(s)
    logical_group_035: 43 block(s) across 1 document(s)
    logical_group_036: 43 block(s) across 1 document(s)
    logical_group_037: 43 block(s) across 1 document(s)
    logical_group_038: 43 block(s) across 1 document(s)
    logical_group_039: 43 block(s) across 1 document(s)
    logical_group_040: 43 block(s) across 1 document(s)
    logical_group_041: 43 block(s) across 1 document(s)
    logical_group_042: 43 block(s) across 1 document(s)
    logical_group_043: 43 block(s) across 1 document(s)

[SUMMARY]
  Ingestion backend: structured
  Documents: 1
  Logical blocks: 179
  Section groups: 8
  Discovered patterns: 4
  Logical groups: 43
