==============================================================================
HUMAN-READABLE DISCOVERY LOG (pages 1-15)
Groups are discovered from layout evidence (generic). No hardcoded
category names (Feature / Fix / Bug / …) are used.
==============================================================================

[DOCUMENT]
  Document id: 26_3_update
  Pages processed: 15
  Raw text blocks: 194
  Logical blocks: 180
  Discovered section groups: 19

[DISCOVERED SECTION SUMMARY]
  • DiscoveredSection_001           0 items  depth=0  pages 1-1  | heading: Siebel CRM Update Guide and Known Issues
    ◦ DiscoveredSection_002           0 items  depth=1  pages 1-1  | heading: Siebel CRM 26.3 Update March 2026
  • DiscoveredSection_003           5 items  depth=0  pages 1-1  | heading: Required Patches
  • DiscoveredSection_004           9 items  depth=0  pages 1-1  | heading: Effect of Encryption Upgrade in 25.10 and Later
  • DiscoveredSection_005          13 items  depth=0  pages 1-3  | heading: Required Downloads
    ◦ DiscoveredSection_006          13 items  depth=1  pages 2-2  | heading: Windows Archive Files
    ◦ DiscoveredSection_007           9 items  depth=1  pages 2-3  | heading: Linux/Unix Archive Files
  • DiscoveredSection_008           6 items  depth=0  pages 3-3  | heading: Update Basics
  • DiscoveredSection_009           3 items  depth=0  pages 3-3  | heading: Repository Updates
  • DiscoveredSection_010           1 items  depth=0  pages 3-15  | heading: Features and Bug Fixes by Release
    ◦ DiscoveredSection_011           0 items  depth=1  pages 4-12  | heading: New Features and Bug Fixes in Siebel CRM Monthly Update 26.3
      ▪ DiscoveredSection_012          17 items  depth=2  pages 4-8  | heading: New Features in Siebel CRM 26.3
      ▪ DiscoveredSection_013          46 items  depth=2  pages 8-12  | heading: Fixes in Siebel CRM 26.3
    ◦ DiscoveredSection_014           0 items  depth=1  pages 12-15  | heading: New Features and Bug Fixes in Siebel CRM Monthly Update 26.2
      ▪ DiscoveredSection_015           1 items  depth=2  pages 12-12  | heading: New Features in Siebel CRM 26.2
      ▪ DiscoveredSection_016          31 items  depth=2  pages 12-15  | heading: Fixes in Siebel CRM 26.2
  • DiscoveredSection_017           5 items  depth=0  pages 15-15  | heading: Repository Changes
    ◦ DiscoveredSection_018           0 items  depth=1  pages 15-15  | heading: New Features and Bug Fixes in Siebel CRM Monthly Update 26.1
      ▪ DiscoveredSection_019           2 items  depth=2  pages 15-15  | heading: New Features in Siebel CRM 26.1

------------------------------------------------------------------------------
[SECTION GROUP] DiscoveredSection_001
  section_id : 26_3_update_section_001
  heading    : Siebel CRM Update Guide and Known Issues
  depth      : 0
  parent     : -
  children   : 26_3_update_section_002 (Siebel CRM 26.3 Update March 2026)
  pages      : 1-1
  items      : 0
  source blocks in group: 0
  discovery evidence:
    - heading_prominence: 0.00
    - heading_size_ratio: 1.00
    - member_count: 0.00
    - page_span: 1.00
    - depth: 0.00
    - hierarchy_score: 100.00

  (no direct member items — nested children hold content)

------------------------------------------------------------------------------
[SECTION GROUP] DiscoveredSection_002
  section_id : 26_3_update_section_002
  heading    : Siebel CRM 26.3 Update March 2026
  depth      : 1
  parent     : 26_3_update_section_001
  children   : -
  pages      : 1-1
  items      : 0
  source blocks in group: 0
  discovery evidence:
    - heading_prominence: 0.00
    - heading_size_ratio: 1.00
    - member_count: 0.00
    - page_span: 1.00
    - depth: 1.00
    - hierarchy_score: 55.00

  (no member items — heading only)

------------------------------------------------------------------------------
[SECTION GROUP] DiscoveredSection_003
  section_id : 26_3_update_section_003
  heading    : Required Patches
  depth      : 0
  parent     : -
  children   : -
  pages      : 1-1
  items      : 5
  source blocks in group: 5
  discovery evidence:
    - heading_prominence: 0.00
    - heading_size_ratio: 1.00
    - member_count: 5.00
    - page_span: 1.00
    - depth: 0.00
    - hierarchy_score: 100.00

  [ITEM 1] 26_3_update_logical_block_0004
    page            : 1
    confidence      : 0.66
    pattern         : pattern_002
    role sequence   : BODY
    source blocks   : 26_3_update_block_0004
    item evidence   :
      - structural_self_support: 0.44
      - boundary_isolation: 1.00
      - repetition_support: 0.12
      - content_density: 0.28
    text            : NOTE: Immediately after installing the 26.3 Monthly Update, one or more patches must be installed as listed below.

  [ITEM 2] 26_3_update_logical_block_0005
    page            : 1
    confidence      : 0.64
    pattern         : pattern_004
    role sequence   : PROMINENT
    source blocks   : 26_3_update_block_0005
    item evidence   :
      - structural_self_support: 0.44
      - boundary_isolation: 1.00
      - repetition_support: 0.12
      - content_density: 0.20
    text            : You are not in a supported configuration if any required patch is not installed.

  [ITEM 3] 26_3_update_logical_block_0006
    page            : 1
    confidence      : 0.69
    pattern         : pattern_001
    role sequence   : META
    source blocks   : 26_3_update_block_0006
    item evidence   :
      - structural_self_support: 0.66
      - boundary_isolation: 1.00
      - repetition_support: 0.38
      - content_density: 0.07
    text            : Platforms Required Patches
    fields          :
      [0] Platforms
      [1] Required Patches

  [ITEM 4] 26_3_update_logical_block_0007
    page            : 1
    confidence      : 0.71
    pattern         : pattern_001
    role sequence   : BODY
    source blocks   : 26_3_update_block_0007
    item evidence   :
      - structural_self_support: 0.66
      - boundary_isolation: 1.00
      - repetition_support: 0.38
      - content_density: 0.12
    text            : Windows (serversandMobile Web Clients) 39111271
    fields          :
      [0] Windows (serversandMobile Web Clients)
      [1] 39111271

  [ITEM 5] 26_3_update_logical_block_0008
    page            : 1
    confidence      : 0.69
    pattern         : pattern_001
    role sequence   : META
    source blocks   : 26_3_update_block_0008
    item evidence   :
      - structural_self_support: 0.66
      - boundary_isolation: 1.00
      - repetition_support: 0.38
      - content_density: 0.06
    text            : Linux(servers) 39186423
    fields          :
      [0] Linux(servers)
      [1] 39186423

------------------------------------------------------------------------------
[SECTION GROUP] DiscoveredSection_004
  section_id : 26_3_update_section_004
  heading    : Effect of Encryption Upgrade in 25.10 and Later
  depth      : 0
  parent     : -
  children   : -
  pages      : 1-1
  items      : 9
  source blocks in group: 9
  discovery evidence:
    - heading_prominence: 0.00
    - heading_size_ratio: 1.00
    - member_count: 9.00
    - page_span: 1.00
    - depth: 0.00
    - hierarchy_score: 100.00

  [ITEM 1] 26_3_update_logical_block_0010
    page            : 1
    confidence      : 0.74
    pattern         : pattern_003
    role sequence   : PROMINENT
    source blocks   : 26_3_update_block_0010
    item evidence   :
      - structural_self_support: 0.44
      - boundary_isolation: 1.00
      - repetition_support: 0.12
      - content_density: 0.68
    text            : The 25.10 Monthly Update includes an upgrade to the encryption used by Siebel CRM. This will require brief downtime—that is, Rolling Updates will not work when crossing the 25.10 boundary . Please review the links for the feature _AES 256 Replacement Using OpenSSL_ below.

  [ITEM 2] 26_3_update_logical_block_0011
    page            : 1
    confidence      : 0.64
    pattern         : pattern_002
    role sequence   : BODY
    source blocks   : 26_3_update_block_0011
    item evidence   :
      - structural_self_support: 0.47
      - boundary_isolation: 1.00
      - repetition_support: 0.25
      - content_density: 0.12
    text            : Information about this Siebel CRM Monthly Update:

  [ITEM 3] 26_3_update_logical_block_0012
    page            : 1
    confidence      : 0.65
    pattern         : pattern_002
    role sequence   : META
    source blocks   : 26_3_update_block_0012
    item evidence   :
      - structural_self_support: 0.55
      - boundary_isolation: 1.00
      - repetition_support: 0.50
      - content_density: 0.05
    text            : - Required Downloads

  [ITEM 4] 26_3_update_logical_block_0013
    page            : 1
    confidence      : 0.65
    pattern         : pattern_002
    role sequence   : META
    source blocks   : 26_3_update_block_0013
    item evidence   :
      - structural_self_support: 0.55
      - boundary_isolation: 1.00
      - repetition_support: 0.50
      - content_density: 0.04
    text            : - Update Basics

  [ITEM 5] 26_3_update_logical_block_0014
    page            : 1
    confidence      : 0.65
    pattern         : pattern_002
    role sequence   : META
    source blocks   : 26_3_update_block_0014
    item evidence   :
      - structural_self_support: 0.55
      - boundary_isolation: 1.00
      - repetition_support: 0.50
      - content_density: 0.05
    text            : - Repository Updates

  [ITEM 6] 26_3_update_logical_block_0015
    page            : 1
    confidence      : 0.65
    pattern         : pattern_002
    role sequence   : META
    source blocks   : 26_3_update_block_0015
    item evidence   :
      - structural_self_support: 0.51
      - boundary_isolation: 1.00
      - repetition_support: 0.38
      - content_density: 0.09
    text            : - Features and Bug Fixes by Release

  [ITEM 7] 26_3_update_logical_block_0016
    page            : 1
    confidence      : 0.65
    pattern         : pattern_002
    role sequence   : META
    source blocks   : 26_3_update_block_0016
    item evidence   :
      - structural_self_support: 0.55
      - boundary_isolation: 1.00
      - repetition_support: 0.50
      - content_density: 0.04
    text            : - Known Issues

  [ITEM 8] 26_3_update_logical_block_0017
    page            : 1
    confidence      : 0.76
    pattern         : pattern_002
    role sequence   : BODY
    source blocks   : 26_3_update_block_0017
    item evidence   :
      - structural_self_support: 0.55
      - boundary_isolation: 1.00
      - repetition_support: 0.50
      - content_density: 0.58
    text            : NOTE: For an HTML version of this document, please download the first ZIP file in the corresponding patch. The HTML version provides responsive tables and the ability to expand/collapse areas, making the information easier to consume.

  [ITEM 9] 26_3_update_logical_block_0018
    page            : 1
    confidence      : 0.69
    pattern         : pattern_002
    role sequence   : BODY
    source blocks   : 26_3_update_block_0018
    item evidence   :
      - structural_self_support: 0.44
      - boundary_isolation: 1.00
      - repetition_support: 0.12
      - content_density: 0.43
    text            : NOTE: If you need an earlier or later version of this document, you can find all of them on My Oracle Support at https://support.oracle.com/support/?kmExternalId=KB825124.

------------------------------------------------------------------------------
[SECTION GROUP] DiscoveredSection_005
  section_id : 26_3_update_section_005
  heading    : Required Downloads
  depth      : 0
  parent     : -
  children   : 26_3_update_section_006 (Windows Archive Files), 26_3_update_section_007 (Linux/Unix Archive Files)
  pages      : 1-3
  items      : 13
  source blocks in group: 15
  discovery evidence:
    - heading_prominence: 0.00
    - heading_size_ratio: 1.00
    - member_count: 13.00
    - page_span: 3.00
    - depth: 0.00
    - hierarchy_score: 100.00

  [ITEM 1] 26_3_update_logical_block_0020
    page            : 1
    confidence      : 0.80
    pattern         : pattern_003
    role sequence   : PROMINENT
    source blocks   : 26_3_update_block_0020
    item evidence   :
      - structural_self_support: 0.47
      - boundary_isolation: 1.00
      - repetition_support: 0.25
      - content_density: 0.94
    text            : Each Monthly Update patch available on My Oracle Support is divided into a series of archive (ZIP) files. Depending on the Siebel Application Server operating system and the features you wish to deploy, you do not need to download all the files associated with the Monthly Update. Please use the following information to assist in selecting the files that you must download.

  [ITEM 2] 26_3_update_logical_block_0021
    page            : 1
    confidence      : 0.67
    pattern         : pattern_002
    role sequence   : BODY
    source blocks   : 26_3_update_block_0021
    item evidence   :
      - structural_self_support: 0.44
      - boundary_isolation: 1.00
      - repetition_support: 0.12
      - content_density: 0.33
    text            : The ZIP files provided in the Monthly Update will all have a name of the form p<patch>_<updateversion>_<platform>_<XofY>.zip, where:

  [ITEM 3] 26_3_update_logical_block_0022
    page            : 1
    confidence      : 0.67
    pattern         : pattern_002
    role sequence   : BODY
    source blocks   : 26_3_update_block_0022
    item evidence   :
      - structural_self_support: 0.47
      - boundary_isolation: 1.00
      - repetition_support: 0.25
      - content_density: 0.29
    text            : - <patch> refers to the MOS patch number for the Monthly Update. It will be an eight-digit number, such as 37386170.

  [ITEM 4] 26_3_update_logical_block_0023
    page            : 2
    confidence      : 0.68
    pattern         : pattern_002
    role sequence   : BODY
    source blocks   : 26_3_update_block_0023
    item evidence   :
      - structural_self_support: 0.47
      - boundary_isolation: 1.00
      - repetition_support: 0.25
      - content_density: 0.29
    text            : - <updateversion> refers to the Monthly Update’s release in the form YYM, without a separator, such as “263” for 26.3.

  [ITEM 5] 26_3_update_logical_block_0024
    page            : 2
    confidence      : 0.66
    pattern         : pattern_002
    role sequence   : BODY
    source blocks   : 26_3_update_block_0024
    item evidence   :
      - structural_self_support: 0.51
      - boundary_isolation: 1.00
      - repetition_support: 0.38
      - content_density: 0.14
    text            : - <platform> refers to one of the supported platforms:

  [ITEM 6] 26_3_update_logical_block_0025
    page            : 2
    confidence      : 0.71
    pattern         : pattern_001
    role sequence   : META
    source blocks   : 26_3_update_block_0025
    item evidence   :
      - structural_self_support: 0.70
      - boundary_isolation: 1.00
      - repetition_support: 0.50
      - content_density: 0.06
    text            : <platform> Description
    fields          :
      [0] <platform>
      [1] Description

  [ITEM 7] 26_3_update_logical_block_0026
    page            : 2
    confidence      : 0.71
    pattern         : pattern_001
    role sequence   : META
    source blocks   : 26_3_update_block_0026
    item evidence   :
      - structural_self_support: 0.70
      - boundary_isolation: 1.00
      - repetition_support: 0.50
      - content_density: 0.09
    text            : MSWIN-x86-64 Microsoft Windows x64
    fields          :
      [0] MSWIN-x86-64
      [1] Microsoft Windows x64

  [ITEM 8] 26_3_update_logical_block_0027
    page            : 2
    confidence      : 0.71
    pattern         : pattern_001
    role sequence   : META
    source blocks   : 26_3_update_block_0027
    item evidence   :
      - structural_self_support: 0.70
      - boundary_isolation: 1.00
      - repetition_support: 0.50
      - content_density: 0.06
    text            : Linux x86-64 Linux x86-64
    fields          :
      [0] Linux x86-64
      [1] Linux x86-64

  [ITEM 9] 26_3_update_logical_block_0028
    page            : 2
    confidence      : 0.71
    pattern         : pattern_001
    role sequence   : META
    source blocks   : 26_3_update_block_0028
    item evidence   :
      - structural_self_support: 0.70
      - boundary_isolation: 1.00
      - repetition_support: 0.50
      - content_density: 0.08
    text            : AIX64-5L IBM AIX on POWER Systems
    fields          :
      [0] AIX64-5L
      [1] IBM AIX on POWER Systems

  [ITEM 10] 26_3_update_logical_block_0029
    page            : 2
    confidence      : 0.67
    pattern         : pattern_002
    role sequence   : BODY
    source blocks   : 26_3_update_block_0029
    item evidence   :
      - structural_self_support: 0.44
      - boundary_isolation: 1.00
      - repetition_support: 0.12
      - content_density: 0.36
    text            : NOTE: As of the 25.5 release, Solaris and HPUX are no longer available for download. For more information, please review MOS article 3081239.1.

  [ITEM 11] 26_3_update_logical_block_0030
    page            : 2
    confidence      : 0.66
    pattern         : pattern_002
    role sequence   : BODY
    source blocks   : 26_3_update_block_0030
    item evidence   :
      - structural_self_support: 0.47
      - boundary_isolation: 1.00
      - repetition_support: 0.25
      - content_density: 0.21
    text            : - <XofY> makes identifies the specific ZIP file within the series, such as “5of14”.

  [ITEM 12] 26_3_update_logical_block_0031
    page            : 2
    confidence      : 0.73
    pattern         : pattern_002
    role sequence   : BODY, BODY, BODY
    source blocks   : 26_3_update_block_0031, 26_3_update_block_0032, 26_3_update_block_0033
    item evidence   :
      - spatial_proximity: 1.00
      - alignment_relationship: 1.00
      - typography_relationship: 0.51
      - spacing_relationship: 1.00
      - reading_order_relationship: 1.00
      - structural_similarity: 0.38
      - container_relationship: 0.00
      - semantic_similarity: 0.10
      - form_discount_total: 0.00
    text            : An example representing ZIP file 5 of 14 for Windows, Siebel Monthly Update 24.12 would be: ``` p37386170_2412_MSWIN-x86-64_5of14.zip ``` The ZIP files for Windows versus the other supported platforms are different, as some components (such as DISA) only run on Windows platforms. Expand the link below that is relevant to your environment.

  [ITEM 13] 26_3_update_logical_block_0032
    page            : 2
    confidence      : 0.70
    pattern         : pattern_002
    role sequence   : BODY
    source blocks   : 26_3_update_block_0034
    item evidence   :
      - structural_self_support: 0.51
      - boundary_isolation: 1.00
      - repetition_support: 0.38
      - content_density: 0.34
    text            : NOTE: You do not need to download everything—for example, if you are not using DISA, there is no requirement to download that ZIP file.

------------------------------------------------------------------------------
[SECTION GROUP] DiscoveredSection_006
  section_id : 26_3_update_section_006
  heading    : Windows Archive Files
  depth      : 1
  parent     : 26_3_update_section_005
  children   : -
  pages      : 2-2
  items      : 13
  source blocks in group: 13
  discovery evidence:
    - heading_prominence: 0.00
    - heading_size_ratio: 1.00
    - member_count: 13.00
    - page_span: 1.00
    - depth: 1.00
    - hierarchy_score: 25.00

  [ITEM 1] 26_3_update_logical_block_0034
    page            : 2
    confidence      : 0.80
    pattern         : pattern_001
    role sequence   : BODY
    source blocks   : 26_3_update_block_0036
    item evidence   :
      - structural_self_support: 0.93
      - boundary_isolation: 1.00
      - repetition_support: 1.00
      - content_density: 0.11
    text            : Archive Number Content Description Required?
    fields          :
      [0] Archive Number
      [1] Content Description
      [2] Required?

  [ITEM 2] 26_3_update_logical_block_0035
    page            : 2
    confidence      : 0.78
    pattern         : pattern_001
    role sequence   : META
    source blocks   : 26_3_update_block_0037
    item evidence   :
      - structural_self_support: 0.93
      - boundary_isolation: 1.00
      - repetition_support: 1.00
      - content_density: 0.06
    text            : 1 ReadMe File Optional
    fields          :
      [0] 1
      [1] ReadMe File
      [2] Optional

  [ITEM 3] 26_3_update_logical_block_0036
    page            : 2
    confidence      : 0.89
    pattern         : pattern_001
    role sequence   : BODY
    source blocks   : 26_3_update_block_0038
    item evidence   :
      - structural_self_support: 0.93
      - boundary_isolation: 1.00
      - repetition_support: 1.00
      - content_density: 0.59
    text            : 2 • Installer • Siebel Binaries and Shared Files • Enterprise Components • Application Interface • Mobile Web Client • Siebel Tools • Siebel Mobile • Siebel Outlook Add-in for SSSE • Oracle Database Connectivity Required for each release
    fields          :
      [0] 2
      [1.0] Installer
      [1.1] Siebel Binaries and Shared Files
      [1.2] Enterprise Components
      [1.3] Application Interface
      [1.4] Mobile Web Client
      [1.5] Siebel Tools
      [1.6] Siebel Mobile
      [1.7] Siebel Outlook Add-in for SSSE
      [1.8] Oracle Database Connectivity
      [2] Required for each release

  [ITEM 4] 26_3_update_logical_block_0037
    page            : 2
    confidence      : 0.81
    pattern         : pattern_001
    role sequence   : BODY
    source blocks   : 26_3_update_block_0039
    item evidence   :
      - structural_self_support: 0.93
      - boundary_isolation: 1.00
      - repetition_support: 1.00
      - content_density: 0.20
    text            : 3 Siebel Non-English (US) Safeboot Required for non-English (US) deployments only
    fields          :
      [0] 3
      [1] Siebel Non-English (US) Safeboot
      [2] Required for non-English (US) deployments only

  [ITEM 5] 26_3_update_logical_block_0038
    page            : 2
    confidence      : 0.80
    pattern         : pattern_001
    role sequence   : BODY
    source blocks   : 26_3_update_block_0040
    item evidence   :
      - structural_self_support: 0.93
      - boundary_isolation: 1.00
      - repetition_support: 1.00
      - content_density: 0.14
    text            : 4 Siebel Standard Repository Required for new deployments
    fields          :
      [0] 4
      [1] Siebel Standard Repository
      [2] Required for new deployments

  [ITEM 6] 26_3_update_logical_block_0039
    page            : 2
    confidence      : 0.79
    pattern         : pattern_001
    role sequence   : META
    source blocks   : 26_3_update_block_0041
    item evidence   :
      - structural_self_support: 0.93
      - boundary_isolation: 1.00
      - repetition_support: 1.00
      - content_density: 0.09
    text            : 5 Siebel Approval Manager Optional
    fields          :
      [0] 5
      [1] Siebel Approval Manager
      [2] Optional

  [ITEM 7] 26_3_update_logical_block_0040
    page            : 2
    confidence      : 0.80
    pattern         : pattern_001
    role sequence   : BODY
    source blocks   : 26_3_update_block_0042
    item evidence   :
      - structural_self_support: 0.93
      - boundary_isolation: 1.00
      - repetition_support: 1.00
      - content_density: 0.11
    text            : 6 Siebel Desktop Integration (DISA) Optional
    fields          :
      [0] 6
      [1] Siebel Desktop Integration (DISA)
      [2] Optional

  [ITEM 8] 26_3_update_logical_block_0041
    page            : 2
    confidence      : 0.79
    pattern         : pattern_001
    role sequence   : META
    source blocks   : 26_3_update_block_0043
    item evidence   :
      - structural_self_support: 0.93
      - boundary_isolation: 1.00
      - repetition_support: 1.00
      - content_density: 0.09
    text            : 7 Siebel IAA XML Connector Optional
    fields          :
      [0] 7
      [1] Siebel IAA XML Connector
      [2] Optional

  [ITEM 9] 26_3_update_logical_block_0042
    page            : 2
    confidence      : 0.79
    pattern         : pattern_001
    role sequence   : META
    source blocks   : 26_3_update_block_0044
    item evidence   :
      - structural_self_support: 0.93
      - boundary_isolation: 1.00
      - repetition_support: 1.00
      - content_density: 0.10
    text            : 8 Siebel Email Marketing Server Optional
    fields          :
      [0] 8
      [1] Siebel Email Marketing Server
      [2] Optional

  [ITEM 10] 26_3_update_logical_block_0043
    page            : 2
    confidence      : 0.79
    pattern         : pattern_001
    role sequence   : META
    source blocks   : 26_3_update_block_0045
    item evidence   :
      - structural_self_support: 0.93
      - boundary_isolation: 1.00
      - repetition_support: 1.00
      - content_density: 0.09
    text            : 9 Siebel Open Integration Optional
    fields          :
      [0] 9
      [1] Siebel Open Integration
      [2] Optional

  [ITEM 11] 26_3_update_logical_block_0044
    page            : 2
    confidence      : 0.79
    pattern         : pattern_001
    role sequence   : META
    source blocks   : 26_3_update_block_0046
    item evidence   :
      - structural_self_support: 0.93
      - boundary_isolation: 1.00
      - repetition_support: 1.00
      - content_density: 0.08
    text            : 10 Siebel Smart Answer Optional
    fields          :
      [0] 10
      [1] Siebel Smart Answer
      [2] Optional

  [ITEM 12] 26_3_update_logical_block_0045
    page            : 2
    confidence      : 0.82
    pattern         : pattern_001
    role sequence   : BODY
    source blocks   : 26_3_update_block_0047
    item evidence   :
      - structural_self_support: 0.93
      - boundary_isolation: 1.00
      - repetition_support: 1.00
      - content_density: 0.21
    text            : 11 Oracle Database SE2 Required for new installations of the Siebel Mobile Web Client
    fields          :
      [0] 11
      [1] Oracle Database SE2
      [2] Required for new installations of the Siebel Mobile Web Client

  [ITEM 13] 26_3_update_logical_block_0046
    page            : 2
    confidence      : 0.81
    pattern         : pattern_001
    role sequence   : BODY
    source blocks   : 26_3_update_block_0048
    item evidence   :
      - structural_self_support: 0.93
      - boundary_isolation: 1.00
      - repetition_support: 1.00
      - content_density: 0.17
    text            : 12 Siebel Ancestor Repositories Required for Upgrades from pre-IP2017
    fields          :
      [0] 12
      [1] Siebel Ancestor Repositories
      [2] Required for Upgrades from pre-IP2017

------------------------------------------------------------------------------
[SECTION GROUP] DiscoveredSection_007
  section_id : 26_3_update_section_007
  heading    : Linux/Unix Archive Files
  depth      : 1
  parent     : 26_3_update_section_005
  children   : -
  pages      : 2-3
  items      : 9
  source blocks in group: 9
  discovery evidence:
    - heading_prominence: 0.00
    - heading_size_ratio: 1.00
    - member_count: 9.00
    - page_span: 2.00
    - depth: 1.00
    - hierarchy_score: 25.00

  [ITEM 1] 26_3_update_logical_block_0048
    page            : 2
    confidence      : 0.74
    pattern         : pattern_001
    role sequence   : BODY
    source blocks   : 26_3_update_block_0050
    item evidence   :
      - structural_self_support: 0.78
      - boundary_isolation: 1.00
      - repetition_support: 0.25
      - content_density: 0.11
    text            : Archive Number Content Description Required?
    fields          :
      [0] Archive Number
      [1] Content Description
      [2] 
      [3] Required?

  [ITEM 2] 26_3_update_logical_block_0049
    page            : 2
    confidence      : 0.73
    pattern         : pattern_001
    role sequence   : META
    source blocks   : 26_3_update_block_0051
    item evidence   :
      - structural_self_support: 0.78
      - boundary_isolation: 1.00
      - repetition_support: 0.25
      - content_density: 0.06
    text            : 1 ReadMe File Optional
    fields          :
      [0] 1
      [1] ReadMe File
      [2] Optional
      [3] 

  [ITEM 3] 26_3_update_logical_block_0050
    page            : 3
    confidence      : 0.86
    pattern         : pattern_001
    role sequence   : BODY
    source blocks   : 26_3_update_block_0052
    item evidence   :
      - structural_self_support: 0.89
      - boundary_isolation: 1.00
      - repetition_support: 0.88
      - content_density: 0.51
    text            : 2 • Installer • Siebel Binaries and Shared Files • Enterprise Components • Application Interface • Mobile Web Client • Siebel Tools • Siebel Mobile • Oracle Database Connectivity Required for each release
    fields          :
      [0] 2
      [1.0] Installer
      [1.1] Siebel Binaries and Shared Files
      [1.2] Enterprise Components
      [1.3] Application Interface
      [1.4] Mobile Web Client
      [1.5] Siebel Tools
      [1.6] Siebel Mobile
      [1.7] Oracle Database Connectivity
      [2] Required for each release

  [ITEM 4] 26_3_update_logical_block_0051
    page            : 3
    confidence      : 0.80
    pattern         : pattern_001
    role sequence   : BODY
    source blocks   : 26_3_update_block_0053
    item evidence   :
      - structural_self_support: 0.89
      - boundary_isolation: 1.00
      - repetition_support: 0.88
      - content_density: 0.20
    text            : 3 Siebel Non-English (US) Safeboot Required for non-English (US) deployments only
    fields          :
      [0] 3
      [1] Siebel Non-English (US) Safeboot
      [2] Required for non-English (US) deployments only

  [ITEM 5] 26_3_update_logical_block_0052
    page            : 3
    confidence      : 0.79
    pattern         : pattern_001
    role sequence   : BODY
    source blocks   : 26_3_update_block_0054
    item evidence   :
      - structural_self_support: 0.89
      - boundary_isolation: 1.00
      - repetition_support: 0.88
      - content_density: 0.14
    text            : 4 Siebel Standard Repository Required for new deployments
    fields          :
      [0] 4
      [1] Siebel Standard Repository
      [2] Required for new deployments

  [ITEM 6] 26_3_update_logical_block_0053
    page            : 3
    confidence      : 0.78
    pattern         : pattern_001
    role sequence   : META
    source blocks   : 26_3_update_block_0055
    item evidence   :
      - structural_self_support: 0.89
      - boundary_isolation: 1.00
      - repetition_support: 0.88
      - content_density: 0.09
    text            : 5 Siebel Approval Manager Optional
    fields          :
      [0] 5
      [1] Siebel Approval Manager
      [2] Optional

  [ITEM 7] 26_3_update_logical_block_0054
    page            : 3
    confidence      : 0.78
    pattern         : pattern_001
    role sequence   : META
    source blocks   : 26_3_update_block_0056
    item evidence   :
      - structural_self_support: 0.89
      - boundary_isolation: 1.00
      - repetition_support: 0.88
      - content_density: 0.10
    text            : 6 Siebel Email Marketing Server Optional
    fields          :
      [0] 6
      [1] Siebel Email Marketing Server
      [2] Optional

  [ITEM 8] 26_3_update_logical_block_0055
    page            : 3
    confidence      : 0.78
    pattern         : pattern_001
    role sequence   : META
    source blocks   : 26_3_update_block_0057
    item evidence   :
      - structural_self_support: 0.89
      - boundary_isolation: 1.00
      - repetition_support: 0.88
      - content_density: 0.09
    text            : 7 Siebel Open Integration Optional
    fields          :
      [0] 7
      [1] Siebel Open Integration
      [2] Optional

  [ITEM 9] 26_3_update_logical_block_0056
    page            : 3
    confidence      : 0.79
    pattern         : pattern_001
    role sequence   : BODY
    source blocks   : 26_3_update_block_0058
    item evidence   :
      - structural_self_support: 0.89
      - boundary_isolation: 1.00
      - repetition_support: 0.88
      - content_density: 0.17
    text            : 8 Siebel Ancestor Repositories Required for Upgrades from pre-IP2017
    fields          :
      [0] 8
      [1] Siebel Ancestor Repositories
      [2] Required for Upgrades from pre-IP2017

------------------------------------------------------------------------------
[SECTION GROUP] DiscoveredSection_008
  section_id : 26_3_update_section_008
  heading    : Update Basics
  depth      : 0
  parent     : -
  children   : -
  pages      : 3-3
  items      : 6
  source blocks in group: 6
  discovery evidence:
    - heading_prominence: 0.00
    - heading_size_ratio: 1.00
    - member_count: 6.00
    - page_span: 1.00
    - depth: 0.00
    - hierarchy_score: 100.00

  [ITEM 1] 26_3_update_logical_block_0058
    page            : 3
    confidence      : 0.70
    pattern         : pattern_002
    role sequence   : BODY
    source blocks   : 26_3_update_block_0060
    item evidence   :
      - structural_self_support: 0.55
      - boundary_isolation: 1.00
      - repetition_support: 0.50
      - content_density: 0.31
    text            : A Monthly Update provides new product features and available fixes. Beyond this document, please review these related items:

  [ITEM 2] 26_3_update_logical_block_0059
    page            : 3
    confidence      : 0.74
    pattern         : pattern_003
    role sequence   : PROMINENT
    source blocks   : 26_3_update_block_0061
    item evidence   :
      - structural_self_support: 0.44
      - boundary_isolation: 1.00
      - repetition_support: 0.12
      - content_density: 0.67
    text            : - Installation instructions: For more about this Siebel CRM Update, including instructions for preparing the product media and for installing Siebel CRM, see the latest version of the _Installation Guide_ in _Siebel Bookshelf_ from the Siebel CRM Documentation site.

  [ITEM 3] 26_3_update_logical_block_0060
    page            : 3
    confidence      : 0.69
    pattern         : pattern_002
    role sequence   : BODY
    source blocks   : 26_3_update_block_0062
    item evidence   :
      - structural_self_support: 0.44
      - boundary_isolation: 1.00
      - repetition_support: 0.12
      - content_density: 0.44
    text            : - Third-Party Certifications: For a list of Third-Party Certifications, please visit My Oracle Support and search for “Siebel Industry Applications” on the _Certifications_ tab.

  [ITEM 4] 26_3_update_logical_block_0061
    page            : 3
    confidence      : 0.64
    pattern         : pattern_002
    role sequence   : BODY
    source blocks   : 26_3_update_block_0063
    item evidence   :
      - structural_self_support: 0.44
      - boundary_isolation: 1.00
      - repetition_support: 0.12
      - content_density: 0.17
    text            : - FAQ: The Siebel CRM Continuous Release Model (Doc ID 2378034.1).

  [ITEM 5] 26_3_update_logical_block_0062
    page            : 3
    confidence      : 0.76
    pattern         : pattern_002
    role sequence   : BODY
    source blocks   : 26_3_update_block_0064
    item evidence   :
      - structural_self_support: 0.55
      - boundary_isolation: 1.00
      - repetition_support: 0.50
      - content_density: 0.57
    text            : NOTE: This document contains two years (24 months) of rolling content. For bug fixes and known issues in versions released before the scope of this document, please download earlier versions from Oracle Support (DOC ID 2382435.1).

  [ITEM 6] 26_3_update_logical_block_0063
    page            : 3
    confidence      : 0.63
    pattern         : pattern_004
    role sequence   : PROMINENT
    source blocks   : 26_3_update_block_0065
    item evidence   :
      - structural_self_support: 0.51
      - boundary_isolation: 1.00
      - repetition_support: 0.38
      - content_density: 0.03
    text            : Back to top

------------------------------------------------------------------------------
[SECTION GROUP] DiscoveredSection_009
  section_id : 26_3_update_section_009
  heading    : Repository Updates
  depth      : 0
  parent     : -
  children   : -
  pages      : 3-3
  items      : 3
  source blocks in group: 3
  discovery evidence:
    - heading_prominence: 0.00
    - heading_size_ratio: 1.00
    - member_count: 3.00
    - page_span: 1.00
    - depth: 0.00
    - hierarchy_score: 100.00

  [ITEM 1] 26_3_update_logical_block_0065
    page            : 3
    confidence      : 0.77
    pattern         : pattern_003
    role sequence   : PROMINENT
    source blocks   : 26_3_update_block_0067
    item evidence   :
      - structural_self_support: 0.47
      - boundary_isolation: 1.00
      - repetition_support: 0.25
      - content_density: 0.78
    text            : Some features require Repository, Seed, or Manifest changes in order to take advantage of the feature. These changes must be imported through execution of the _RepositoryUpdate_ utility in the Development environment. Please refer to the _Database Upgrade Guide_ for information on how to use RepositoryUpdate.

  [ITEM 2] 26_3_update_logical_block_0066
    page            : 3
    confidence      : 0.70
    pattern         : pattern_002
    role sequence   : BODY
    source blocks   : 26_3_update_block_0068
    item evidence   :
      - structural_self_support: 0.44
      - boundary_isolation: 1.00
      - repetition_support: 0.12
      - content_density: 0.48
    text            : NOTE: Not all features require Repository changes. Examine the “Repository Update Required” column in the New Features tables below to see if such changes are required for a particular feature.

  [ITEM 3] 26_3_update_logical_block_0067
    page            : 3
    confidence      : 0.63
    pattern         : pattern_004
    role sequence   : PROMINENT
    source blocks   : 26_3_update_block_0069
    item evidence   :
      - structural_self_support: 0.51
      - boundary_isolation: 1.00
      - repetition_support: 0.38
      - content_density: 0.03
    text            : Back to top

------------------------------------------------------------------------------
[SECTION GROUP] DiscoveredSection_010
  section_id : 26_3_update_section_010
  heading    : Features and Bug Fixes by Release
  depth      : 0
  parent     : -
  children   : 26_3_update_section_011 (New Features and Bug Fixes in Siebel CRM Monthly Update 26.3), 26_3_update_section_014 (New Features and Bug Fixes in Siebel CRM Monthly Update 26.2)
  pages      : 3-15
  items      : 1
  source blocks in group: 1
  discovery evidence:
    - heading_prominence: 0.00
    - heading_size_ratio: 1.00
    - member_count: 1.00
    - page_span: 13.00
    - depth: 0.00
    - hierarchy_score: 100.00

  [ITEM 1] 26_3_update_logical_block_0069
    page            : 3
    confidence      : 0.75
    pattern         : pattern_003
    role sequence   : PROMINENT
    source blocks   : 26_3_update_block_0071
    item evidence   :
      - structural_self_support: 0.47
      - boundary_isolation: 1.00
      - repetition_support: 0.25
      - content_density: 0.68
    text            : In addition to the documentation provided in the listed guides from Siebel Bookshelf, please visit the Siebel CRM Learning Subscription site where authorized partners and customers can find free courses and transfer of information (TOI) videos on some Siebel CRM features.

------------------------------------------------------------------------------
[SECTION GROUP] DiscoveredSection_011
  section_id : 26_3_update_section_011
  heading    : New Features and Bug Fixes in Siebel CRM Monthly Update 26.3
  depth      : 1
  parent     : 26_3_update_section_010
  children   : 26_3_update_section_012 (New Features in Siebel CRM 26.3), 26_3_update_section_013 (Fixes in Siebel CRM 26.3)
  pages      : 4-12
  items      : 0
  source blocks in group: 0
  discovery evidence:
    - heading_prominence: 0.00
    - heading_size_ratio: 1.00
    - member_count: 0.00
    - page_span: 9.00
    - depth: 1.00
    - hierarchy_score: 65.00

  (no direct member items — nested children hold content)

------------------------------------------------------------------------------
[SECTION GROUP] DiscoveredSection_012
  section_id : 26_3_update_section_012
  heading    : New Features in Siebel CRM 26.3
  depth      : 2
  parent     : 26_3_update_section_011
  children   : -
  pages      : 4-8
  items      : 17
  source blocks in group: 25
  discovery evidence:
    - heading_prominence: 0.00
    - heading_size_ratio: 1.00
    - member_count: 17.00
    - page_span: 5.00
    - depth: 2.00
    - hierarchy_score: 25.00

  [ITEM 1] 26_3_update_consolidated_block_0001
    page            : 4
    confidence      : 0.80
    pattern         : pattern_001
    role sequence   : PROMINENT, PROMINENT
    source blocks   : 26_3_update_block_0074, 26_3_update_block_0075
    item evidence   :
      - sentence_continuation_score: 0.55
      - lexical_continuation_score: 0.00
      - capitalization_score: 0.25
      - punctuation_score: 0.70
      - spatial_proximity_score: 1.00
      - alignment_score: 1.00
      - typography_score: 0.75
      - reading_order_score: 1.00
      - page_continuation_score: 0.85
      - role_compatibility_score: 0.60
    text            : Feature Name Description Documentation Repository Update Required?
    fields          :
      [0] Feature Name
      [1] Description
      [2] Documentation
      [3] Repository Update Required?

  [ITEM 2] 26_3_update_consolidated_block_0002
    page            : 4
    confidence      : 0.84
    pattern         : pattern_001
    role sequence   : PROMINENT, PROMINENT, PROMINENT
    source blocks   : 26_3_update_block_0076, 26_3_update_block_0077, 26_3_update_block_0078
    item evidence   :
      - sentence_continuation_score: 0.55
      - lexical_continuation_score: 0.00
      - capitalization_score: 0.25
      - punctuation_score: 0.70
      - spatial_proximity_score: 1.00
      - alignment_score: 1.00
      - typography_score: 0.75
      - reading_order_score: 1.00
      - page_continuation_score: 0.85
      - role_compatibility_score: 0.60
    text            : Developer Experience: This enhancement provides the following operational benefits: • System Administration No Enterprise Cache Operational Enhancements • When deploying the Enterprise Cache Client Profile for your deployed Siebel servers, you can deploy the Client Profile once and it will automatically deploy to all your Siebel Servers. This will make your deployment of the Client Profiles much faster and less error prone. • When deploying the Enterprise Cache Client Profile, SSH tunnels are established automatically from each Siebel Server deployed to each Coherence Server that is deployed. • Improvements to the notification of Coherence cache status if the Coherence cache becomes unavailable and when it regains its footing. There are two areas where you can see the status of the Coherence cache accurately. • Help→Technical Support menu in the Siebel CRM Application • Siebel Management Console (SMC) Cache Status tab. Guide Training on this feature is available onOracle University.
    fields          :
      [0] Developer Experience: Enterprise Cache Operational Enhancements
      [1] This enhancement provides the following operational benefits: When deploying the Enterprise Cache Client Profile for your deployed Siebel servers, you can deploy the Client Profile once and it will automatically deploy to all your Siebel Servers. This will make your deployment of the Client Profiles much faster and less error prone. When deploying the Enterprise Cache Client Profile, SSH tunnels are established automatically from each Siebel Server deployed to each Coherence Server that is deployed. Improvements to the notification of Coherence cache status if the Coherence cache becomes unavailable and when it regains its footing. There are two areas where you can see the status of the Coherence cache accurately. Help→Technical Support menu in the Siebel CRM Application Siebel Management Console (SMC) Cache Status tab. Training on this feature is available onOracle University.
      [2] • System Administration Guide
      [3] No

  [ITEM 3] 26_3_update_logical_block_0077
    page            : 4
    confidence      : 1.00
    pattern         : pattern_001
    role sequence   : PROMINENT
    source blocks   : 26_3_update_block_0079
    item evidence   :
      - structural_self_support: 1.00
      - boundary_isolation: 1.00
      - repetition_support: 1.00
      - content_density: 1.00
    text            : Customer Order Management – Improved Promotions UX In Siebel Customer Order Management, a Bundle Promotion definition can have hundreds of products from various relationships to choose from. To make it easy for sales agents to capture a customer's quote or order, the “Edit Promotion” User Interface has been enhanced to support pagination and search. As a result, an agent can quickly add one or more products using a new pop-up applet, improving productivity and ensuring data accuracy. • Siebel Order Management Guide Yes
    fields          :
      [0] Customer Order Management – Improved Promotions UX
      [1] In Siebel Customer Order Management, a Bundle Promotion definition can have hundreds of products from various relationships to choose from. To make it easy for sales agents to capture a customer's quote or order, the “Edit Promotion” User Interface has been enhanced to support pagination and search. As a result, an agent can quickly add one or more products using a new pop-up applet, improving productivity and ensuring data accuracy.
      [2] • Siebel Order Management Guide
      [3] Yes

  [ITEM 4] 26_3_update_consolidated_block_0003
    page            : 4
    confidence      : 0.89
    pattern         : pattern_001
    role sequence   : PROMINENT, PROMINENT, PROMINENT
    source blocks   : 26_3_update_block_0080, 26_3_update_block_0081, 26_3_update_block_0082
    item evidence   :
      - sentence_continuation_score: 0.82
      - lexical_continuation_score: 0.35
      - capitalization_score: 0.50
      - punctuation_score: 0.40
      - spatial_proximity_score: 0.99
      - alignment_score: 1.00
      - typography_score: 0.68
      - reading_order_score: 1.00
      - page_continuation_score: 0.80
      - role_compatibility_score: 0.60
    text            : Siebel UCM: Publish in Hybrid Mode Siebel Universal Customer Master (UCM) is enhanced to enable publishing to multiple middleware systems or combinations of middleware and edge systems in hybrid mode. Hybrid mode enables UCM to publish messages to all configured middleware and edge systems, • Oracle Customer Hub (UCM) Master Data Management Reference Yes regardless of their integration protocol (SOAP or REST). With this capability, customers can design flexible and complex integration architectures — for example: • Integrating both SOAP and REST-based systems through separate middleware platforms. • Seamlessly connecting legacy and modern applications to UCM without protocol limitations. This feature removes the current single- middleware restriction and allows enterprises to achieve unified, multi-protocol integration across diverse system landscapes.
    fields          :
      [0] Siebel UCM: Publish in Hybrid Mode
      [1] Siebel Universal Customer Master (UCM) is enhanced to enable publishing to multiple middleware systems or combinations of middleware and edge systems in hybrid mode. Hybrid mode enables UCM to publish messages to all configured middleware and edge systems, regardless of their integration protocol (SOAP or REST). With this capability, customers can design flexible and complex integration architectures — for example: Integrating both SOAP and REST-based systems through separate middleware platforms. Seamlessly connecting legacy and modern applications to UCM without protocol limitations. This feature removes the current single- middleware restriction and allows enterprises to achieve unified, multi-protocol integration across diverse system landscapes.
      [2] • Oracle Customer Hub (UCM) Master Data Management Reference
      [3] Yes

  [ITEM 5] 26_3_update_consolidated_block_0004
    page            : 5
    confidence      : 0.84
    pattern         : pattern_001
    role sequence   : PROMINENT, PROMINENT, PROMINENT
    source blocks   : 26_3_update_block_0083, 26_3_update_block_0084, 26_3_update_block_0085
    item evidence   :
      - sentence_continuation_score: 0.28
      - lexical_continuation_score: 0.00
      - capitalization_score: 0.15
      - punctuation_score: 0.39
      - spatial_proximity_score: 1.00
      - alignment_score: 1.00
      - typography_score: 0.75
      - reading_order_score: 1.00
      - page_continuation_score: 0.85
      - role_compatibility_score: 0.60
    text            : Schema Changes without Downtime for Updates and Migration This feature leverages capabilities available in the Oracle and Microsoft SQL Server database engines that allow for online modifications to schema objects. Benefits Downtime is avoided during schema changes, ensuring that all employees, partners, customers, and integration points have access to user data in the Siebel CRM database, even when the schema structure is being modified. • Database Upgrade Guide No Examples include: • During the application of a Siebel Monthly Update's "PostInstallDBSetup" or "RepositoryUpdate" processes, which can make changes to the physical schema. • Performing a migration from a Development environment to any downstream environment, including Production. NOTE: Full Runtime Repository Migration will leverage this feature to avoid changes required to modify schema objects, but there will still be downtime required to rename the Repositories. Additional Background Changes to database schema objects is performed using "Data Definition Language" (DDL). When DDL is provided upon an existing object (such as a change to a column definition) or to create certain kinds of new objects (such as indexes), the traditional approach that the
    fields          :
      [0] Schema Changes without Downtime for Updates and Migration
      [1] This feature leverages capabilities available in the Oracle and Microsoft SQL Server database engines that allow for online modifications to schema objects. Benefits Downtime is avoided during schema changes, ensuring that all employees, partners, customers, and integration points have access to user data in the Siebel CRM database, even when the schema structure is being modified. Examples include: During the application of a Siebel Monthly Update's "PostInstallDBSetup" or "RepositoryUpdate" processes, which can make changes to the physical schema. Performing a migration from a Development environment to any downstream environment, including Production. NOTE: Full Runtime Repository Migration will leverage this feature to avoid changes required to modify schema objects, but there will still be downtime required to rename the Repositories. Additional Background Changes to database schema objects is performed using "Data Definition Language" (DDL). When DDL is provided upon an existing object (such as a change to a column definition) or to create certain kinds of new objects (such as indexes), the traditional approach that the
      [2] • Database Upgrade Guide
      [3] No

  [ITEM 6] 26_3_update_logical_block_0084
    page            : 6
    confidence      : 0.77
    pattern         : pattern_003
    role sequence   : PROMINENT
    source blocks   : 26_3_update_block_0086
    item evidence   :
      - structural_self_support: 0.44
      - boundary_isolation: 1.00
      - repetition_support: 0.12
      - content_density: 0.83
    text            : various Siebel CRM utilities have used could introduce "table locks" or other conditions that would block end users from being able to use the application while the DDL was executing. When this occurred, downtime could occur during the application of Siebel Updates (PostInstallDBSetup or RepositoryUpgrade) and Migration operations.

  [ITEM 7] 26_3_update_logical_block_0085
    page            : 6
    confidence      : 0.62
    pattern         : pattern_004
    role sequence   : PROMINENT
    source blocks   : 26_3_update_block_0087
    item evidence   :
      - structural_self_support: 0.44
      - boundary_isolation: 1.00
      - repetition_support: 0.12
      - content_density: 0.07
    text            : Basic Technical Information

  [ITEM 8] 26_3_update_logical_block_0086
    page            : 6
    confidence      : 0.72
    pattern         : pattern_003
    role sequence   : PROMINENT
    source blocks   : 26_3_update_block_0088
    item evidence   :
      - structural_self_support: 0.44
      - boundary_isolation: 1.00
      - repetition_support: 0.12
      - content_density: 0.57
    text            : By modifying our existing utilities to leverage built-in capabilities of modern versions of the Oracle and Microsoft SQL Server database platforms, we can execute DDL that accomplishes the same end result without forcing downtime.

  [ITEM 9] 26_3_update_logical_block_0087
    page            : 6
    confidence      : 0.67
    pattern         : pattern_003
    role sequence   : PROMINENT
    source blocks   : 26_3_update_block_0089
    item evidence   :
      - structural_self_support: 0.44
      - boundary_isolation: 1.00
      - repetition_support: 0.12
      - content_density: 0.34
    text            : - For Oracle platforms, we leverage the DBMS_REDEFINITION package to make changes to objects without making any schema objects offline.

  [ITEM 10] 26_3_update_logical_block_0088
    page            : 6
    confidence      : 0.67
    pattern         : pattern_003
    role sequence   : PROMINENT
    source blocks   : 26_3_update_block_0090
    item evidence   :
      - structural_self_support: 0.44
      - boundary_isolation: 1.00
      - repetition_support: 0.12
      - content_density: 0.33
    text            : - For Microsoft SQL Server platforms, we leverage the "ONLINE" keyword to modify objects without bringing any schema objects offline.

  [ITEM 11] 26_3_update_logical_block_0089
    page            : 6
    confidence      : 0.68
    pattern         : pattern_003
    role sequence   : PROMINENT
    source blocks   : 26_3_update_block_0091
    item evidence   :
      - structural_self_support: 0.44
      - boundary_isolation: 1.00
      - repetition_support: 0.12
      - content_density: 0.38
    text            : For more information on the technical details of these database-level capabilities, please refer to the Oracle or Microsoft documentation as appropriate.

  [ITEM 12] 26_3_update_logical_block_0090
    page            : 6
    confidence      : 0.64
    pattern         : pattern_002
    role sequence   : BODY
    source blocks   : 26_3_update_block_0092
    item evidence   :
      - structural_self_support: 0.44
      - boundary_isolation: 1.00
      - repetition_support: 0.12
      - content_density: 0.17
    text            : NOTE: This change is not applicable to either DB2 database platform.

  [ITEM 13] 26_3_update_logical_block_0091
    page            : 6
    confidence      : 1.00
    pattern         : pattern_003
    role sequence   : PROMINENT
    source blocks   : 26_3_update_block_0093
    item evidence   :
      - structural_self_support: 1.00
      - boundary_isolation: 1.00
      - repetition_support: 1.00
      - content_density: 1.00
    text            : Replacement of Obsolete Data Types from Oracle and MSSQL Databases Training on this feature is available onOracle University. This feature provides a utility to convert obsolete Column types, such as Oracle's LONG and Microsoft SQL Server's TEXT/NTEXT to their modern equivalents: CLOBs and VARCHAR(max)/NVARCHAR(max). The driver behind this is that the respective database vendors deprecated these data types a number of years ago and modern database engines are no longer being optimized for these older types. Replacing them with their modern equivalents will take advantage of their inherent benefits, such as greater data storage space, as well as future-proofing should either vendor ever elect to completely end support for these. • Database Upgrade Guide • Business Process Framework: Workfow Guide • Confguring Siebel Business Applications • Integration Platform Technologies: Siebel Enterprise Application Integration Guide No
    fields          :
      [0] Replacement of Obsolete Data Types from Oracle and MSSQL Databases
      [1] Training on this feature is available onOracle University. This feature provides a utility to convert obsolete Column types, such as Oracle's LONG and Microsoft SQL Server's TEXT/NTEXT to their modern equivalents: CLOBs and VARCHAR(max)/NVARCHAR(max). The driver behind this is that the respective database vendors deprecated these data types a number of years ago and modern database engines are no longer being optimized for these older types. Replacing them with their modern equivalents will take advantage of their inherent benefits, such as greater data storage space, as well as future-proofing should either vendor ever elect to completely end support for these.
      [2.0] Database Upgrade Guide
      [2.1] Business Process Framework: Workfow Guide
      [2.2] Confguring Siebel Business Applications
      [2.3] Integration Platform Technologies: Siebel Enterprise Application Integration Guide
      [3] No

  [ITEM 14] 26_3_update_logical_block_0092
    page            : 7
    confidence      : 1.00
    pattern         : pattern_003
    role sequence   : PROMINENT
    source blocks   : 26_3_update_block_0094
    item evidence   :
      - structural_self_support: 1.00
      - boundary_isolation: 1.00
      - repetition_support: 1.00
      - content_density: 1.00
    text            : Developer Experience: Web Tools Applet Method Menu Wizard NOTE: Please review the training material for important considerationsbefore running this utility. Training on this feature is available onOracle University. The Siebel Tools Applet Method Menu Wizard allows you to modify an Applet Method Menu. This wizard has been re-implemented in Web Tools allowing you to quickly modify Applet Menus. Training on this feature is available onOracle University. • Confguring Siebel Business Applications No
    fields          :
      [0] Developer Experience: Web Tools Applet Method Menu Wizard
      [1] NOTE: Please review the training material for important considerationsbefore running this utility. Training on this feature is available onOracle University. The Siebel Tools Applet Method Menu Wizard allows you to modify an Applet Method Menu. This wizard has been re-implemented in Web Tools allowing you to quickly modify Applet Menus. Training on this feature is available onOracle University.
      [2] • Confguring Siebel Business Applications
      [3] No

  [ITEM 15] 26_3_update_consolidated_block_0005
    page            : 7
    confidence      : 0.87
    pattern         : pattern_003
    role sequence   : PROMINENT, PROMINENT
    source blocks   : 26_3_update_block_0095, 26_3_update_block_0096
    item evidence   :
      - sentence_continuation_score: 0.55
      - lexical_continuation_score: 0.00
      - capitalization_score: 0.25
      - punctuation_score: 0.70
      - spatial_proximity_score: 1.00
      - alignment_score: 1.00
      - typography_score: 0.75
      - reading_order_score: 1.00
      - page_continuation_score: 0.85
      - role_compatibility_score: 0.60
    text            : Developer Experience: REST APIs for Workspaces REST APIs allow Workspaces to be called independently without the need for the Web Tools or Siebel Tools user interface allowing automation and diverse use-cases. The REST APIs will extend Developer automation capabilities and save time. • REST API Guide No • Create Workspace • Checkpoint Workspace • Revert Version • Delete Workspace • Submit for Delivery • UndoSubmit for Delivery • Deliver Workspace • Rebase Workspace • Cancel Rebase • Finish Rebase Training on this feature is available onOracle University.
    fields          :
      [0] Developer Experience: REST APIs for Workspaces
      [1] REST APIs allow Workspaces to be called independently without the need for the Web Tools or Siebel Tools user interface allowing automation and diverse use-cases. The REST APIs will extend Developer automation capabilities and save time. Create Workspace Checkpoint Workspace Revert Version Delete Workspace Submit for Delivery UndoSubmit for Delivery Deliver Workspace Rebase Workspace Cancel Rebase Finish Rebase Training on this feature is available onOracle University.
      [2] • REST API Guide
      [3] No

  [ITEM 16] 26_3_update_logical_block_0095
    page            : 7
    confidence      : 1.00
    pattern         : pattern_003
    role sequence   : PROMINENT
    source blocks   : 26_3_update_block_0097
    item evidence   :
      - structural_self_support: 1.00
      - boundary_isolation: 1.00
      - repetition_support: 1.00
      - content_density: 1.00
    text            : Siebel Cloud Manager - Smarter Ingress Routing Siebel Cloud Manager introduces support for Traefik as part of a Kubernetes deployment, to ensure continued security, support, and modern ingress traffic management. Support for Traefik is necessary as NGINX Ingress reaches end-of- life (March 2026). Traefik provides automatic SSL management, dynamic service discovery, and faster routing updates, reducing operational complexity. Its cloud-native design improves observability, scalability, and maintainability, and provides for the easy adoption of the Kubernetes Gateway API (a flexible, multi-protocol way to manage traffic routing). This enhancement ensures Siebel CRM deployments on Kubernetes remain secure, • Siebel Cloud Manager
    fields          :
      [0] Siebel Cloud Manager - Smarter Ingress Routing
      [1] Siebel Cloud Manager introduces support for Traefik as part of a Kubernetes deployment, to ensure continued security, support, and modern ingress traffic management. Support for Traefik is necessary as NGINX Ingress reaches end-of- life (March 2026). Traefik provides automatic SSL management, dynamic service discovery, and faster routing updates, reducing operational complexity. Its cloud-native design improves observability, scalability, and maintainability, and provides for the easy adoption of the Kubernetes Gateway API (a flexible, multi-protocol way to manage traffic routing). This enhancement ensures Siebel CRM deployments on Kubernetes remain secure,
      [2] • Siebel Cloud Manager
      [3] 

  [ITEM 17] 26_3_update_logical_block_0096
    page            : 8
    confidence      : 0.63
    pattern         : pattern_002
    role sequence   : BODY
    source blocks   : 26_3_update_block_0098
    item evidence   :
      - structural_self_support: 0.44
      - boundary_isolation: 1.00
      - repetition_support: 0.12
      - content_density: 0.13
    text            : reliable, and aligned with CNCF guiding principles.

------------------------------------------------------------------------------
[SECTION GROUP] DiscoveredSection_013
  section_id : 26_3_update_section_013
  heading    : Fixes in Siebel CRM 26.3
  depth      : 2
  parent     : 26_3_update_section_011
  children   : -
  pages      : 8-12
  items      : 46
  source blocks in group: 46
  discovery evidence:
    - heading_prominence: 0.00
    - heading_size_ratio: 1.00
    - member_count: 46.00
    - page_span: 5.00
    - depth: 2.00
    - hierarchy_score: 25.00

  [ITEM 1] 26_3_update_logical_block_0098
    page            : 8
    confidence      : 0.84
    pattern         : pattern_001
    role sequence   : PROMINENT
    source blocks   : 26_3_update_block_0100
    item evidence   :
      - structural_self_support: 1.00
      - boundary_isolation: 1.00
      - repetition_support: 1.00
      - content_density: 0.17
    text            : Product Name Reference Category Description Configuration Instructions
    fields          :
      [0] Product Name
      [1] Reference
      [2] Category
      [3] Description
      [4] Configuration Instructions

  [ITEM 2] 26_3_update_logical_block_0099
    page            : 8
    confidence      : 0.91
    pattern         : pattern_001
    role sequence   : PROMINENT
    source blocks   : 26_3_update_block_0101
    item evidence   :
      - structural_self_support: 1.00
      - boundary_isolation: 1.00
      - repetition_support: 1.00
      - content_density: 0.54
    text            : Siebel Apps - Clinical Trials Management System 38357102 Contact Enhances usability by splitting “Apply SVT” into “Apply SVT to Selected” and “Apply SVT to All,” reducing confusion and aligning with existing actions
    fields          :
      [0] Siebel Apps - Clinical Trials Management System
      [1] 38357102
      [2] Contact
      [3] Enhances usability by splitting “Apply SVT” into “Apply SVT to Selected” and “Apply SVT to All,” reducing confusion and aligning with existing actions
      [4] 

  [ITEM 3] 26_3_update_logical_block_0100
    page            : 8
    confidence      : 0.93
    pattern         : pattern_001
    role sequence   : PROMINENT
    source blocks   : 26_3_update_block_0102
    item evidence   :
      - structural_self_support: 1.00
      - boundary_isolation: 1.00
      - repetition_support: 1.00
      - content_density: 0.65
    text            : Siebel Apps - Clinical Trials Management System 38091478 Site Management Enhances Clinical One-CTMS integration by ensuring Site Account email addresses are captured and retained, preventing unintended overwrites and improving data consistency across systems
    fields          :
      [0] Siebel Apps - Clinical Trials Management System
      [1] 38091478
      [2] Site Management
      [3] Enhances Clinical One-CTMS integration by ensuring Site Account email addresses are captured and retained, preventing unintended overwrites and improving data consistency across systems
      [4] 

  [ITEM 4] 26_3_update_logical_block_0101
    page            : 8
    confidence      : 0.95
    pattern         : pattern_001
    role sequence   : PROMINENT
    source blocks   : 26_3_update_block_0103
    item evidence   :
      - structural_self_support: 1.00
      - boundary_isolation: 1.00
      - repetition_support: 1.00
      - content_density: 0.72
    text            : Siebel Apps - Clinical Trials Management System 38104111 Site Management Enhances usability of the Clinical Protocol Site Subjects List Applet by adding tooltips and confirmation dialogs to clarify the behavior of “Apply Version to Selected,” “Apply Version to All,” and “Apply SVT” actions
    fields          :
      [0] Siebel Apps - Clinical Trials Management System
      [1] 38104111
      [2] Site Management
      [3] Enhances usability of the Clinical Protocol Site Subjects List Applet by adding tooltips and confirmation dialogs to clarify the behavior of “Apply Version to Selected,” “Apply Version to All,” and “Apply SVT” actions
      [4] 

  [ITEM 5] 26_3_update_logical_block_0102
    page            : 8
    confidence      : 0.91
    pattern         : pattern_001
    role sequence   : PROMINENT
    source blocks   : 26_3_update_block_0104
    item evidence   :
      - structural_self_support: 1.00
      - boundary_isolation: 1.00
      - repetition_support: 1.00
      - content_density: 0.54
    text            : Siebel Apps - Clinical Trials Management System 38721778 Site Management Addresses an issue where the CRA Primary field on the Site Management screen did not display the correct primary user assigned to the site team.
    fields          :
      [0] Siebel Apps - Clinical Trials Management System
      [1] 38721778
      [2] Site Management
      [3] Addresses an issue where the CRA Primary field on the Site Management screen did not display the correct primary user assigned to the site team.
      [4] 

  [ITEM 6] 26_3_update_logical_block_0103
    page            : 8
    confidence      : 0.91
    pattern         : pattern_001
    role sequence   : PROMINENT
    source blocks   : 26_3_update_block_0105
    item evidence   :
      - structural_self_support: 1.00
      - boundary_isolation: 1.00
      - repetition_support: 1.00
      - content_density: 0.56
    text            : Siebel Apps - Clinical Trials Management System 38376840 Site Management Addresses issue where the SDV API incorrectly interprets visit names containing parentheses as dynamic visits because it does not check the Repeat Flag
    fields          :
      [0] Siebel Apps - Clinical Trials Management System
      [1] 38376840
      [2] Site Management
      [3] Addresses issue where the SDV API incorrectly interprets visit names containing parentheses as dynamic visits because it does not check the Repeat Flag
      [4] 

  [ITEM 7] 26_3_update_logical_block_0104
    page            : 8
    confidence      : 0.92
    pattern         : pattern_001
    role sequence   : PROMINENT
    source blocks   : 26_3_update_block_0106
    item evidence   :
      - structural_self_support: 1.00
      - boundary_isolation: 1.00
      - repetition_support: 1.00
      - content_density: 0.62
    text            : Siebel Apps - Clinical Trials Management System 38472842 Site Management Addresses an issue where a Completed Date was automatically populated after syncing from offline to online mode in Checklist Activities, even when no date was entered offline.
    fields          :
      [0] Siebel Apps - Clinical Trials Management System
      [1] 38472842
      [2] Site Management
      [3] Addresses an issue where a Completed Date was automatically populated after syncing from offline to online mode in Checklist Activities, even when no date was entered offline.
      [4] 

  [ITEM 8] 26_3_update_logical_block_0105
    page            : 8
    confidence      : 0.89
    pattern         : pattern_001
    role sequence   : PROMINENT
    source blocks   : 26_3_update_block_0107
    item evidence   :
      - structural_self_support: 1.00
      - boundary_isolation: 1.00
      - repetition_support: 1.00
      - content_density: 0.43
    text            : Siebel Apps - Clinical Trials Management System 38907876 Site Management Addresses an issue where dynamic visit repeat numbers were incorrectly displayed as “0” in Activities
    fields          :
      [0] Siebel Apps - Clinical Trials Management System
      [1] 38907876
      [2] Site Management
      [3] Addresses an issue where dynamic visit repeat numbers were incorrectly displayed as “0” in Activities
      [4] 

  [ITEM 9] 26_3_update_logical_block_0106
    page            : 8
    confidence      : 0.88
    pattern         : pattern_001
    role sequence   : PROMINENT
    source blocks   : 26_3_update_block_0108
    item evidence   :
      - structural_self_support: 1.00
      - boundary_isolation: 1.00
      - repetition_support: 1.00
      - content_density: 0.40
    text            : Siebel Apps - Clinical Trials 38105978 Site Management Enhances security and governance by restricting “Change SVT Version at Site” and “Apply SVT” actions to
    fields          :
      [0] Siebel Apps - Clinical Trials
      [1] 38105978
      [2] Site Management
      [3] Enhances security and governance by restricting “Change SVT Version at Site” and “Apply SVT” actions to
      [4] 

  [ITEM 10] 26_3_update_logical_block_0107
    page            : 9
    confidence      : 0.97
    pattern         : pattern_001
    role sequence   : PROMINENT
    source blocks   : 26_3_update_block_0109
    item evidence   :
      - structural_self_support: 1.00
      - boundary_isolation: 1.00
      - repetition_support: 1.00
      - content_density: 0.84
    text            : Management System Siebel Apps - Clinical Trials Management System 38472853 Site Management users with designated responsibility, ensuring only authorized users can perform these operations Addresses an issue in Mobile app where the Completed Date field in Checklist Activities was editable in offline mode but read-only in online mode.
    fields          :
      [0] Management System Siebel Apps - Clinical Trials Management System
      [1] 38472853
      [2] Site Management
      [3] users with designated responsibility, ensuring only authorized users can perform these operations Addresses an issue in Mobile app where the Completed Date field in Checklist Activities was editable in offline mode but read-only in online mode.

  [ITEM 11] 26_3_update_logical_block_0108
    page            : 9
    confidence      : 0.91
    pattern         : pattern_001
    role sequence   : PROMINENT
    source blocks   : 26_3_update_block_0110
    item evidence   :
      - structural_self_support: 1.00
      - boundary_isolation: 1.00
      - repetition_support: 1.00
      - content_density: 0.54
    text            : Siebel Apps - Clinical Trials Management System 37919326 Site Management Addresses an issue where Responsibility and Position fields in certain Clinical MVG applets could be edited, bypassing authorization controls.
    fields          :
      [0] Siebel Apps - Clinical Trials Management System
      [1] 37919326
      [2] Site Management
      [3] Addresses an issue where Responsibility and Position fields in certain Clinical MVG applets could be edited, bypassing authorization controls.

  [ITEM 12] 26_3_update_logical_block_0109
    page            : 9
    confidence      : 0.95
    pattern         : pattern_001
    role sequence   : PROMINENT
    source blocks   : 26_3_update_block_0111
    item evidence   :
      - structural_self_support: 1.00
      - boundary_isolation: 1.00
      - repetition_support: 1.00
      - content_density: 0.74
    text            : Siebel Apps - Clinical Trials Management System 38088625 Site Management Addresses an issue where changes to SVT version at the site level were not automatically propagated to associated subjects in Clinical One to CTMS integration, requiring manual user action and risking version inconsistencies
    fields          :
      [0] Siebel Apps - Clinical Trials Management System
      [1] 38088625
      [2] Site Management
      [3] Addresses an issue where changes to SVT version at the site level were not automatically propagated to associated subjects in Clinical One to CTMS integration, requiring manual user action and risking version inconsistencies

  [ITEM 13] 26_3_update_logical_block_0110
    page            : 9
    confidence      : 0.86
    pattern         : pattern_001
    role sequence   : PROMINENT
    source blocks   : 26_3_update_block_0112
    item evidence   :
      - structural_self_support: 1.00
      - boundary_isolation: 1.00
      - repetition_support: 1.00
      - content_density: 0.31
    text            : Siebel Apps - Clinical Trials Management System 38104008 Site Management HANDLE ORPHANED SUBJECTS W.R.T. CTMS-C1 INTEGRATION
    fields          :
      [0] Siebel Apps - Clinical Trials Management System
      [1] 38104008
      [2] Site Management
      [3] HANDLE ORPHANED SUBJECTS W.R.T. CTMS-C1 INTEGRATION

  [ITEM 14] 26_3_update_logical_block_0111
    page            : 9
    confidence      : 0.93
    pattern         : pattern_001
    role sequence   : PROMINENT
    source blocks   : 26_3_update_block_0113
    item evidence   :
      - structural_self_support: 1.00
      - boundary_isolation: 1.00
      - repetition_support: 1.00
      - content_density: 0.66
    text            : Siebel Apps - Clinical Trials Management System 38375441 Site Management Addresses issue where the LS Clinical Subject Visit Plan API incorrectly handles parentheses in visit names as dynamic visits without checking the Visit Repeat Flag, causing parsing errors.
    fields          :
      [0] Siebel Apps - Clinical Trials Management System
      [1] 38375441
      [2] Site Management
      [3] Addresses issue where the LS Clinical Subject Visit Plan API incorrectly handles parentheses in visit names as dynamic visits without checking the Visit Repeat Flag, causing parsing errors.

  [ITEM 15] 26_3_update_logical_block_0112
    page            : 9
    confidence      : 0.90
    pattern         : pattern_001
    role sequence   : PROMINENT
    source blocks   : 26_3_update_block_0114
    item evidence   :
      - structural_self_support: 1.00
      - boundary_isolation: 1.00
      - repetition_support: 1.00
      - content_density: 0.49
    text            : Siebel Apps - Clinical Trials Management System 38141228 Site Management Addresses an issue with Mobile SmartScripts displaying question numbers inconsistently in Clinical TripReport SmartScripts.
    fields          :
      [0] Siebel Apps - Clinical Trials Management System
      [1] 38141228
      [2] Site Management
      [3] Addresses an issue with Mobile SmartScripts displaying question numbers inconsistently in Clinical TripReport SmartScripts.

  [ITEM 16] 26_3_update_logical_block_0113
    page            : 9
    confidence      : 0.90
    pattern         : pattern_001
    role sequence   : PROMINENT
    source blocks   : 26_3_update_block_0115
    item evidence   :
      - structural_self_support: 1.00
      - boundary_isolation: 1.00
      - repetition_support: 1.00
      - content_density: 0.50
    text            : Siebel Apps - Clinical Trials Management System 38907819 Site Management Addresses an issue where the subject status date in the Protocol Subject tab was displayed one day earlier than the actual date.
    fields          :
      [0] Siebel Apps - Clinical Trials Management System
      [1] 38907819
      [2] Site Management
      [3] Addresses an issue where the subject status date in the Protocol Subject tab was displayed one day earlier than the actual date.

  [ITEM 17] 26_3_update_logical_block_0114
    page            : 9
    confidence      : 0.90
    pattern         : pattern_001
    role sequence   : PROMINENT
    source blocks   : 26_3_update_block_0116
    item evidence   :
      - structural_self_support: 1.00
      - boundary_isolation: 1.00
      - repetition_support: 1.00
      - content_density: 0.47
    text            : Siebel Apps - Clinical Trials Management System 35982623 Site Management Addresses an issue where users not assigned to a site visit could access visit details via alternate navigation paths
    fields          :
      [0] Siebel Apps - Clinical Trials Management System
      [1] 35982623
      [2] Site Management
      [3] Addresses an issue where users not assigned to a site visit could access visit details via alternate navigation paths

  [ITEM 18] 26_3_update_logical_block_0115
    page            : 9
    confidence      : 0.93
    pattern         : pattern_001
    role sequence   : PROMINENT
    source blocks   : 26_3_update_block_0117
    item evidence   :
      - structural_self_support: 1.00
      - boundary_isolation: 1.00
      - repetition_support: 1.00
      - content_density: 0.66
    text            : Siebel Apps - Clinical Trials Management System 38152283 Site Management Addresses issue where fields on the Visit Plan business component did not properly enforce record-level read-only behavior, allowing fields to appear editable and resulting in update errors.
    fields          :
      [0] Siebel Apps - Clinical Trials Management System
      [1] 38152283
      [2] Site Management
      [3] Addresses issue where fields on the Visit Plan business component did not properly enforce record-level read-only behavior, allowing fields to appear editable and resulting in update errors.

  [ITEM 19] 26_3_update_logical_block_0116
    page            : 10
    confidence      : 0.88
    pattern         : pattern_001
    role sequence   : PROMINENT
    source blocks   : 26_3_update_block_0118
    item evidence   :
      - structural_self_support: 1.00
      - boundary_isolation: 1.00
      - repetition_support: 1.00
      - content_density: 0.40
    text            : Siebel Apps - Clinical Trials Management System 38390917 Site Management Addresses an issue where parentheses were not supported on creation of dynamic Visits
    fields          :
      [0] Siebel Apps - Clinical Trials Management System
      [1] 38390917
      [2] Site Management
      [3] Addresses an issue where parentheses were not supported on creation of dynamic Visits

  [ITEM 20] 26_3_update_logical_block_0117
    page            : 10
    confidence      : 0.94
    pattern         : pattern_001
    role sequence   : PROMINENT
    source blocks   : 26_3_update_block_0119
    item evidence   :
      - structural_self_support: 1.00
      - boundary_isolation: 1.00
      - repetition_support: 1.00
      - content_density: 0.68
    text            : Siebel Apps - Clinical Trials Management System 38208060 Site Management Enhances notification capabilities by extending SVT integration email alerts to include Protocol team members, ensuring broader awareness when SVT versions are received from Clinical One into CTMS.
    fields          :
      [0] Siebel Apps - Clinical Trials Management System
      [1] 38208060
      [2] Site Management
      [3] Enhances notification capabilities by extending SVT integration email alerts to include Protocol team members, ensuring broader awareness when SVT versions are received from Clinical One into CTMS.

  [ITEM 21] 26_3_update_logical_block_0118
    page            : 10
    confidence      : 0.89
    pattern         : pattern_001
    role sequence   : PROMINENT
    source blocks   : 26_3_update_block_0120
    item evidence   :
      - structural_self_support: 1.00
      - boundary_isolation: 1.00
      - repetition_support: 1.00
      - content_density: 0.47
    text            : Siebel Apps - Clinical Trials Management System 38419875 Site Management Addresses an enhancement to ensure Site Visit records become read-only after a Visit Report is submitted for review.
    fields          :
      [0] Siebel Apps - Clinical Trials Management System
      [1] 38419875
      [2] Site Management
      [3] Addresses an enhancement to ensure Site Visit records become read-only after a Visit Report is submitted for review.

  [ITEM 22] 26_3_update_logical_block_0119
    page            : 10
    confidence      : 0.90
    pattern         : pattern_001
    role sequence   : PROMINENT
    source blocks   : 26_3_update_block_0121
    item evidence   :
      - structural_self_support: 1.00
      - boundary_isolation: 1.00
      - repetition_support: 1.00
      - content_density: 0.49
    text            : Siebel Apps - Clinical Trials Management System 38390240 Site Management Addresses scenario where the SDV API loads the CRF record for the incorrect repeat number for unschedulable dynamic visits
    fields          :
      [0] Siebel Apps - Clinical Trials Management System
      [1] 38390240
      [2] Site Management
      [3] Addresses scenario where the SDV API loads the CRF record for the incorrect repeat number for unschedulable dynamic visits

  [ITEM 23] 26_3_update_logical_block_0120
    page            : 10
    confidence      : 0.95
    pattern         : pattern_001
    role sequence   : PROMINENT
    source blocks   : 26_3_update_block_0122
    item evidence   :
      - structural_self_support: 1.00
      - boundary_isolation: 1.00
      - repetition_support: 1.00
      - content_density: 0.75
    text            : Siebel Apps - Customer Order Management 38612771 Product Administration After deleting old versions of customizable product using business service "SWI Cfg Object Broker" method "RemoveOldReleasedVersions", product administrator can copy the product successfully without getting SBL-DAT-00215 error.
    fields          :
      [0] Siebel Apps - Customer Order Management
      [1] 38612771
      [2] Product Administration
      [3] After deleting old versions of customizable product using business service "SWI Cfg Object Broker" method "RemoveOldReleasedVersions", product administrator can copy the product successfully without getting SBL-DAT-00215 error.

  [ITEM 24] 26_3_update_logical_block_0121
    page            : 10
    confidence      : 0.85
    pattern         : pattern_001
    role sequence   : PROMINENT
    source blocks   : 26_3_update_block_0123
    item evidence   :
      - structural_self_support: 1.00
      - boundary_isolation: 1.00
      - repetition_support: 1.00
      - content_density: 0.26
    text            : Siebel CRM Deployment 38089901 Application Interface Siebel uses only serverAuth EKU for SSL connections
    fields          :
      [0] Siebel CRM Deployment
      [1] 38089901
      [2] Application Interface
      [3] Siebel uses only serverAuth EKU for SSL connections

  [ITEM 25] 26_3_update_logical_block_0122
    page            : 10
    confidence      : 0.93
    pattern         : pattern_001
    role sequence   : PROMINENT
    source blocks   : 26_3_update_block_0124
    item evidence   :
      - structural_self_support: 1.00
      - boundary_isolation: 1.00
      - repetition_support: 1.00
      - content_density: 0.65
    text            : Siebel CRM Deployment 37167823 Database Upgrade This bug fix ensures that the obsolete column types LONG (Oracle) and (N)TEXT (MSSQL) are converted to the supported CLOB and (N)VARCHAR(max) data types during Upgrades as appropriate for that databaseplatform.
    fields          :
      [0] Siebel CRM Deployment
      [1] 37167823
      [2] Database Upgrade
      [3] This bug fix ensures that the obsolete column types LONG (Oracle) and (N)TEXT (MSSQL) are converted to the supported CLOB and (N)VARCHAR(max) data types during Upgrades as appropriate for that databaseplatform.

  [ITEM 26] 26_3_update_logical_block_0123
    page            : 10
    confidence      : 0.95
    pattern         : pattern_001
    role sequence   : PROMINENT
    source blocks   : 26_3_update_block_0125
    item evidence   :
      - structural_self_support: 1.00
      - boundary_isolation: 1.00
      - repetition_support: 1.00
      - content_density: 0.73
    text            : Siebel CRM Deployment 31589382 Database Upgrade This fix changes the way that schema modifications are applied to allow for tables and indexes to remain in use during the application of the changes during, for example, Migration. This change applies to Oracle and MSSQL database platforms only.
    fields          :
      [0] Siebel CRM Deployment
      [1] 31589382
      [2] Database Upgrade
      [3] This fix changes the way that schema modifications are applied to allow for tables and indexes to remain in use during the application of the changes during, for example, Migration. This change applies to Oracle and MSSQL database platforms only.

  [ITEM 27] 26_3_update_logical_block_0124
    page            : 10
    confidence      : 0.86
    pattern         : pattern_001
    role sequence   : PROMINENT
    source blocks   : 26_3_update_block_0126
    item evidence   :
      - structural_self_support: 1.00
      - boundary_isolation: 1.00
      - repetition_support: 1.00
      - content_density: 0.28
    text            : Siebel CRM Deployment 38772851 Installation Addressed IBMJCE Migration Issue related to decryption Error. (Part 2)
    fields          :
      [0] Siebel CRM Deployment
      [1] 38772851
      [2] Installation
      [3] Addressed IBMJCE Migration Issue related to decryption Error. (Part 2)

  [ITEM 28] 26_3_update_logical_block_0125
    page            : 10
    confidence      : 0.85
    pattern         : pattern_001
    role sequence   : PROMINENT
    source blocks   : 26_3_update_block_0127
    item evidence   :
      - structural_self_support: 1.00
      - boundary_isolation: 1.00
      - repetition_support: 1.00
      - content_density: 0.24
    text            : Siebel CRM Deployment 38729891 Installation Add Support erverAuth using EKU In Siebel Certificates
    fields          :
      [0] Siebel CRM Deployment
      [1] 38729891
      [2] Installation
      [3] Add Support erverAuth using EKU In Siebel Certificates

  [ITEM 29] 26_3_update_logical_block_0126
    page            : 11
    confidence      : 0.85
    pattern         : pattern_001
    role sequence   : PROMINENT
    source blocks   : 26_3_update_block_0128
    item evidence   :
      - structural_self_support: 1.00
      - boundary_isolation: 1.00
      - repetition_support: 1.00
      - content_density: 0.25
    text            : Siebel CRM Deployment 38633633 Installation Improved the ability to use default ports during Install.
    fields          :
      [0] Siebel CRM Deployment
      [1] 38633633
      [2] Installation
      [3] Improved the ability to use default ports during Install.

  [ITEM 30] 26_3_update_logical_block_0127
    page            : 11
    confidence      : 0.85
    pattern         : pattern_001
    role sequence   : PROMINENT
    source blocks   : 26_3_update_block_0129
    item evidence   :
      - structural_self_support: 1.00
      - boundary_isolation: 1.00
      - repetition_support: 1.00
      - content_density: 0.26
    text            : Siebel CRM Deployment 38571707 Installation Addressed IBMJCE Migration Issue related to decryption Error.
    fields          :
      [0] Siebel CRM Deployment
      [1] 38571707
      [2] Installation
      [3] Addressed IBMJCE Migration Issue related to decryption Error.

  [ITEM 31] 26_3_update_logical_block_0128
    page            : 11
    confidence      : 0.85
    pattern         : pattern_001
    role sequence   : PROMINENT
    source blocks   : 26_3_update_block_0130
    item evidence   :
      - structural_self_support: 1.00
      - boundary_isolation: 1.00
      - repetition_support: 1.00
      - content_density: 0.23
    text            : Siebel CRM Deployment 38721251 Installation Improved ODBCSQL Connection Support for AIX 7.3
    fields          :
      [0] Siebel CRM Deployment
      [1] 38721251
      [2] Installation
      [3] Improved ODBCSQL Connection Support for AIX 7.3

  [ITEM 32] 26_3_update_logical_block_0129
    page            : 11
    confidence      : 0.87
    pattern         : pattern_001
    role sequence   : PROMINENT
    source blocks   : 26_3_update_block_0131
    item evidence   :
      - structural_self_support: 1.00
      - boundary_isolation: 1.00
      - repetition_support: 1.00
      - content_density: 0.34
    text            : Siebel CRM Deployment 38883351 Installation Consolidated Outlook_addin Installation to be delivered as part of WebClient installation.
    fields          :
      [0] Siebel CRM Deployment
      [1] 38883351
      [2] Installation
      [3] Consolidated Outlook_addin Installation to be delivered as part of WebClient installation.

  [ITEM 33] 26_3_update_logical_block_0130
    page            : 11
    confidence      : 0.95
    pattern         : pattern_001
    role sequence   : PROMINENT
    source blocks   : 26_3_update_block_0132
    item evidence   :
      - structural_self_support: 1.00
      - boundary_isolation: 1.00
      - repetition_support: 1.00
      - content_density: 0.74
    text            : Siebel CRM Deployment 38876681 Migration Restores the Application Data Migration service for Migration. Note that this allows its use during Migration, but does not restore the administrative views. Application Data Migration with Transformation is not restored nor are there any plans to do so.
    fields          :
      [0] Siebel CRM Deployment
      [1] 38876681
      [2] Migration
      [3] Restores the Application Data Migration service for Migration. Note that this allows its use during Migration, but does not restore the administrative views. Application Data Migration with Transformation is not restored nor are there any plans to do so.

  [ITEM 34] 26_3_update_logical_block_0131
    page            : 11
    confidence      : 0.89
    pattern         : pattern_001
    role sequence   : PROMINENT
    source blocks   : 26_3_update_block_0133
    item evidence   :
      - structural_self_support: 1.00
      - boundary_isolation: 1.00
      - repetition_support: 1.00
      - content_density: 0.46
    text            : Siebel CRM Deployment 30501821 Repository Utilities Eliminates a problem where tables are not regranted permissions when Migration is run, reducing the time required to run Migration.
    fields          :
      [0] Siebel CRM Deployment
      [1] 30501821
      [2] Repository Utilities
      [3] Eliminates a problem where tables are not regranted permissions when Migration is run, reducing the time required to run Migration.

  [ITEM 35] 26_3_update_logical_block_0132
    page            : 11
    confidence      : 0.97
    pattern         : pattern_001
    role sequence   : PROMINENT
    source blocks   : 26_3_update_block_0134
    item evidence   :
      - structural_self_support: 1.00
      - boundary_isolation: 1.00
      - repetition_support: 1.00
      - content_density: 0.84
    text            : Siebel CRM Development 38698788 Workflow When purging Workflow Process instance records, those with no End Date specified can still be purged where previously they were not. In addition, a new method has been introduced to remove orphaned records from the purge process. _* This fixed bug was previously_ _documented as a Known Issue *_
    fields          :
      [0] Siebel CRM Development
      [1] 38698788
      [2] Workflow
      [3] When purging Workflow Process instance records, those with no End Date specified can still be purged where previously they were not. In addition, a new method has been introduced to remove orphaned records from the purge process. _* This fixed bug was previously_ _documented as a Known Issue *_

  [ITEM 36] 26_3_update_logical_block_0133
    page            : 11
    confidence      : 0.88
    pattern         : pattern_001
    role sequence   : PROMINENT
    source blocks   : 26_3_update_block_0135
    item evidence   :
      - structural_self_support: 1.00
      - boundary_isolation: 1.00
      - repetition_support: 1.00
      - content_density: 0.42
    text            : Siebel CRM Development 38663266 Workflow When creating or updating database triggers, the Generate Triggers component will now be able to create ANSI-compliant triggers.
    fields          :
      [0] Siebel CRM Development
      [1] 38663266
      [2] Workflow
      [3] When creating or updating database triggers, the Generate Triggers component will now be able to create ANSI-compliant triggers.

  [ITEM 37] 26_3_update_logical_block_0134
    page            : 11
    confidence      : 0.89
    pattern         : pattern_001
    role sequence   : PROMINENT
    source blocks   : 26_3_update_block_0136
    item evidence   :
      - structural_self_support: 1.00
      - boundary_isolation: 1.00
      - repetition_support: 1.00
      - content_density: 0.44
    text            : Siebel CRM Development 38142176 Workflow The Purge button on the Workflow Process Instance Admin View will correctly purge instances of Workflow Processes that have completed.
    fields          :
      [0] Siebel CRM Development
      [1] 38142176
      [2] Workflow
      [3] The Purge button on the Workflow Process Instance Admin View will correctly purge instances of Workflow Processes that have completed.

  [ITEM 38] 26_3_update_logical_block_0135
    page            : 11
    confidence      : 0.91
    pattern         : pattern_001
    role sequence   : PROMINENT
    source blocks   : 26_3_update_block_0137
    item evidence   :
      - structural_self_support: 1.00
      - boundary_isolation: 1.00
      - repetition_support: 1.00
      - content_density: 0.55
    text            : Siebel CRM Development 38755215 Workspaces There was a missing parameter in Siebel Bookshelf for the command to start the Coherence Console. This will be fixed in the System Administration Guide in an upcoming release.
    fields          :
      [0] Siebel CRM Development
      [1] 38755215
      [2] Workspaces
      [3] There was a missing parameter in Siebel Bookshelf for the command to start the Coherence Console. This will be fixed in the System Administration Guide in an upcoming release.

  [ITEM 39] 26_3_update_logical_block_0136
    page            : 12
    confidence      : 0.87
    pattern         : pattern_001
    role sequence   : PROMINENT
    source blocks   : 26_3_update_block_0138
    item evidence   :
      - structural_self_support: 1.00
      - boundary_isolation: 1.00
      - repetition_support: 1.00
      - content_density: 0.34
    text            : Siebel CRM Documentation 27507784 Configuring Siebel Open UI Documented the Generation/Deployment of Browser Script on Dedicated Client.
    fields          :
      [0] Siebel CRM Documentation
      [1] 27507784
      [2] Configuring Siebel Open UI
      [3] Documented the Generation/Deployment of Browser Script on Dedicated Client.

  [ITEM 40] 26_3_update_logical_block_0137
    page            : 12
    confidence      : 0.88
    pattern         : pattern_001
    role sequence   : PROMINENT
    source blocks   : 26_3_update_block_0139
    item evidence   :
      - structural_self_support: 1.00
      - boundary_isolation: 1.00
      - repetition_support: 1.00
      - content_density: 0.40
    text            : Siebel CRM Documentation 38584584 Object Interfaces Reference This documentation update gives the correct syntax for specifying an ADODB connect stringin script.
    fields          :
      [0] Siebel CRM Documentation
      [1] 38584584
      [2] Object Interfaces Reference
      [3] This documentation update gives the correct syntax for specifying an ADODB connect stringin script.

  [ITEM 41] 26_3_update_logical_block_0138
    page            : 12
    confidence      : 1.00
    pattern         : pattern_001
    role sequence   : PROMINENT
    source blocks   : 26_3_update_block_0140
    item evidence   :
      - structural_self_support: 1.00
      - boundary_isolation: 1.00
      - repetition_support: 1.00
      - content_density: 1.00
    text            : Siebel CRM Documentation 38944807 System Admin Gd The System Administration Guide, which covers the Siebel CRM Event Pub/Sub feature for Siebel–Kafka integration, has been updated to provide: a) clearer descriptions of parameter KafkaPassword, and b) revised guidance on certificate handling aligned with the new paradigm of separate client and server authorization during Kafka message exchange simulation using Kafka’s sample producer and consumer applications.
    fields          :
      [0] Siebel CRM Documentation
      [1] 38944807
      [2] System Admin Gd
      [3] The System Administration Guide, which covers the Siebel CRM Event Pub/Sub feature for Siebel–Kafka integration, has been updated to provide: a) clearer descriptions of parameter KafkaPassword, and b) revised guidance on certificate handling aligned with the new paradigm of separate client and server authorization during Kafka message exchange simulation using Kafka’s sample producer and consumer applications.

  [ITEM 42] 26_3_update_logical_block_0139
    page            : 12
    confidence      : 0.86
    pattern         : pattern_001
    role sequence   : PROMINENT
    source blocks   : 26_3_update_block_0141
    item evidence   :
      - structural_self_support: 1.00
      - boundary_isolation: 1.00
      - repetition_support: 1.00
      - content_density: 0.29
    text            : Siebel CRM Documentation 38301898 Transp/Interface: EAI Documentation on TLS mutual authentication has been updated.
    fields          :
      [0] Siebel CRM Documentation
      [1] 38301898
      [2] Transp/Interface: EAI
      [3] Documentation on TLS mutual authentication has been updated.

  [ITEM 43] 26_3_update_logical_block_0140
    page            : 12
    confidence      : 0.86
    pattern         : pattern_001
    role sequence   : PROMINENT
    source blocks   : 26_3_update_block_0142
    item evidence   :
      - structural_self_support: 1.00
      - boundary_isolation: 1.00
      - repetition_support: 1.00
      - content_density: 0.30
    text            : Siebel CRM End User 38444710 User Interface TinyMCE improvement to support Style Tag in the Head Tag of an Email Template.
    fields          :
      [0] Siebel CRM End User
      [1] 38444710
      [2] User Interface
      [3] TinyMCE improvement to support Style Tag in the Head Tag of an Email Template.

  [ITEM 44] 26_3_update_logical_block_0141
    page            : 12
    confidence      : 0.84
    pattern         : pattern_001
    role sequence   : PROMINENT
    source blocks   : 26_3_update_block_0143
    item evidence   :
      - structural_self_support: 1.00
      - boundary_isolation: 1.00
      - repetition_support: 1.00
      - content_density: 0.22
    text            : Siebel CRM End User 38556974 User Interface Fixed Toggle applets to display data corectly
    fields          :
      [0] Siebel CRM End User
      [1] 38556974
      [2] User Interface
      [3] Fixed Toggle applets to display data corectly

  [ITEM 45] 26_3_update_logical_block_0142
    page            : 12
    confidence      : 0.85
    pattern         : pattern_001
    role sequence   : PROMINENT
    source blocks   : 26_3_update_block_0144
    item evidence   :
      - structural_self_support: 1.00
      - boundary_isolation: 1.00
      - repetition_support: 1.00
      - content_density: 0.27
    text            : Siebel CRM End User 38588428 User Interface LEFT AND RIGHT Arrows are added in screenbars for Synergy Theme
    fields          :
      [0] Siebel CRM End User
      [1] 38588428
      [2] User Interface
      [3] LEFT AND RIGHT Arrows are added in screenbars for Synergy Theme

  [ITEM 46] 26_3_update_logical_block_0143
    page            : 12
    confidence      : 0.90
    pattern         : pattern_001
    role sequence   : PROMINENT
    source blocks   : 26_3_update_block_0145
    item evidence   :
      - structural_self_support: 1.00
      - boundary_isolation: 1.00
      - repetition_support: 1.00
      - content_density: 0.50
    text            : Siebel CRM Integration 38684263 EAI Outbound REST requests that send negative numbers using Integration Components that point to columns of type DTYPE_INTEGER or DTYPE_NUMBER are now correctly handled.
    fields          :
      [0] Siebel CRM Integration
      [1] 38684263
      [2] EAI
      [3] Outbound REST requests that send negative numbers using Integration Components that point to columns of type DTYPE_INTEGER or DTYPE_NUMBER are now correctly handled.

------------------------------------------------------------------------------
[SECTION GROUP] DiscoveredSection_014
  section_id : 26_3_update_section_014
  heading    : New Features and Bug Fixes in Siebel CRM Monthly Update 26.2
  depth      : 1
  parent     : 26_3_update_section_010
  children   : 26_3_update_section_015 (New Features in Siebel CRM 26.2), 26_3_update_section_016 (Fixes in Siebel CRM 26.2)
  pages      : 12-15
  items      : 0
  source blocks in group: 0
  discovery evidence:
    - heading_prominence: 0.00
    - heading_size_ratio: 1.00
    - member_count: 0.00
    - page_span: 4.00
    - depth: 1.00
    - hierarchy_score: 65.00

  (no direct member items — nested children hold content)

------------------------------------------------------------------------------
[SECTION GROUP] DiscoveredSection_015
  section_id : 26_3_update_section_015
  heading    : New Features in Siebel CRM 26.2
  depth      : 2
  parent     : 26_3_update_section_014
  children   : -
  pages      : 12-12
  items      : 1
  source blocks in group: 1
  discovery evidence:
    - heading_prominence: 0.00
    - heading_size_ratio: 1.00
    - member_count: 1.00
    - page_span: 1.00
    - depth: 2.00
    - hierarchy_score: 25.00

  [ITEM 1] 26_3_update_logical_block_0146
    page            : 12
    confidence      : 0.66
    pattern         : pattern_002
    role sequence   : META
    source blocks   : 26_3_update_block_0148
    item evidence   :
      - structural_self_support: 0.55
      - boundary_isolation: 1.00
      - repetition_support: 0.50
      - content_density: 0.09
    text            : There are no new features in 26.2.

------------------------------------------------------------------------------
[SECTION GROUP] DiscoveredSection_016
  section_id : 26_3_update_section_016
  heading    : Fixes in Siebel CRM 26.2
  depth      : 2
  parent     : 26_3_update_section_014
  children   : -
  pages      : 12-15
  items      : 31
  source blocks in group: 35
  discovery evidence:
    - heading_prominence: 0.00
    - heading_size_ratio: 1.00
    - member_count: 31.00
    - page_span: 4.00
    - depth: 2.00
    - hierarchy_score: 25.00

  [ITEM 1] 26_3_update_logical_block_0148
    page            : 12
    confidence      : 0.78
    pattern         : pattern_001
    role sequence   : BODY
    source blocks   : 26_3_update_block_0150
    item evidence   :
      - structural_self_support: 0.85
      - boundary_isolation: 1.00
      - repetition_support: 0.50
      - content_density: 0.17
    text            : Product Name Reference Category Description Configuration Instructions
    fields          :
      [0] Product Name
      [1] Reference
      [2] Category
      [3] Description
      [4] Configuration Instructions

  [ITEM 2] 26_3_update_logical_block_0149
    page            : 12
    confidence      : 0.79
    pattern         : pattern_001
    role sequence   : BODY
    source blocks   : 26_3_update_block_0151
    item evidence   :
      - structural_self_support: 0.85
      - boundary_isolation: 1.00
      - repetition_support: 0.50
      - content_density: 0.21
    text            : Siebel Apps - 38679336 Promotions Previously, when you cancelled an Instructions for
    fields          :
      [0] Siebel Apps -
      [1] 38679336
      [2] Promotions
      [3] Previously, when you cancelled an
      [4] Instructions for

  [ITEM 3] 26_3_update_logical_block_0150
    page            : 12
    confidence      : 0.78
    pattern         : pattern_001
    role sequence   : BODY
    source blocks   : 26_3_update_block_0152
    item evidence   :
      - structural_self_support: 0.85
      - boundary_isolation: 1.00
      - repetition_support: 0.50
      - content_density: 0.15
    text            : Customer Order upgrade promotion and then tried to 38679336
    fields          :
      [0] Customer Order
      [1] 
      [2] 
      [3] upgrade promotion and then tried to
      [4] 38679336

  [ITEM 4] 26_3_update_logical_block_0151
    page            : 12
    confidence      : 0.77
    pattern         : pattern_001
    role sequence   : BODY
    source blocks   : 26_3_update_block_0153
    item evidence   :
      - structural_self_support: 0.85
      - boundary_isolation: 1.00
      - repetition_support: 0.50
      - content_density: 0.12
    text            : Management start a new upgrade with a different
    fields          :
      [0] Management
      [1] 
      [2] 
      [3] start a new upgrade with a different
      [4] 

  [ITEM 5] 26_3_update_logical_block_0152
    page            : 13
    confidence      : 1.00
    pattern         : pattern_001
    role sequence   : PROMINENT
    source blocks   : 26_3_update_block_0154
    item evidence   :
      - structural_self_support: 1.00
      - boundary_isolation: 1.00
      - repetition_support: 1.00
      - content_density: 0.99
    text            : Siebel CRM Deployment 31264888 Database Upgrade promotion, the system would incorrectly show the name of the previous promotion instead of the newly selected one. Now, the system correctly displays the name of the promotion you select during the second attempt. Addresses an issue during Upgrades that the license key for Siebel Tools is not active by default, blocking the upgrade from running.
    fields          :
      [0] Siebel CRM Deployment
      [1] 31264888
      [2] Database Upgrade
      [3] promotion, the system would incorrectly show the name of the previous promotion instead of the newly selected one. Now, the system correctly displays the name of the promotion you select during the second attempt. Addresses an issue during Upgrades that the license key for Siebel Tools is not active by default, blocking the upgrade from running.
      [4] 

  [ITEM 6] 26_3_update_logical_block_0153
    page            : 13
    confidence      : 0.84
    pattern         : pattern_001
    role sequence   : PROMINENT
    source blocks   : 26_3_update_block_0155
    item evidence   :
      - structural_self_support: 1.00
      - boundary_isolation: 1.00
      - repetition_support: 1.00
      - content_density: 0.21
    text            : Siebel CRM Deployment 38792489 Server Infrastructure Improved DNS Lookup Performance
    fields          :
      [0] Siebel CRM Deployment
      [1] 38792489
      [2] Server Infrastructure
      [3] Improved DNS Lookup Performance
      [4] 

  [ITEM 7] 26_3_update_logical_block_0154
    page            : 13
    confidence      : 0.88
    pattern         : pattern_001
    role sequence   : PROMINENT
    source blocks   : 26_3_update_block_0156
    item evidence   :
      - structural_self_support: 1.00
      - boundary_isolation: 1.00
      - repetition_support: 1.00
      - content_density: 0.42
    text            : Siebel CRM Deployment 38685764 Server Infrastructure Resolution for the inability to save Siebel tab layout after making changes (after applying a specific patch/POC )
    fields          :
      [0] Siebel CRM Deployment
      [1] 38685764
      [2] Server Infrastructure
      [3] Resolution for the inability to save Siebel tab layout after making changes (after applying a specific patch/POC )
      [4] 

  [ITEM 8] 26_3_update_logical_block_0155
    page            : 13
    confidence      : 0.90
    pattern         : pattern_001
    role sequence   : PROMINENT
    source blocks   : 26_3_update_block_0157
    item evidence   :
      - structural_self_support: 1.00
      - boundary_isolation: 1.00
      - repetition_support: 1.00
      - content_density: 0.52
    text            : Siebel CRM Deployment 38603047 Server Infrastructure Addressed "ACCESS TO USER PREFERENCE FILE ON LINUX RETURNS: FAILED TO OPEN PREFERENCE FILE. ERROR INFO = 11 " error which caused the file not to be read.
    fields          :
      [0] Siebel CRM Deployment
      [1] 38603047
      [2] Server Infrastructure
      [3] Addressed "ACCESS TO USER PREFERENCE FILE ON LINUX RETURNS: FAILED TO OPEN PREFERENCE FILE. ERROR INFO = 11 " error which caused the file not to be read.
      [4] 

  [ITEM 9] 26_3_update_logical_block_0156
    page            : 13
    confidence      : 0.87
    pattern         : pattern_001
    role sequence   : PROMINENT
    source blocks   : 26_3_update_block_0158
    item evidence   :
      - structural_self_support: 1.00
      - boundary_isolation: 1.00
      - repetition_support: 1.00
      - content_density: 0.33
    text            : Siebel CRM Development 38250077 Configuration Tools Web Tools now correctly respects the session timeout setting even if it is large.
    fields          :
      [0] Siebel CRM Development
      [1] 38250077
      [2] Configuration Tools
      [3] Web Tools now correctly respects the session timeout setting even if it is large.
      [4] 

  [ITEM 10] 26_3_update_logical_block_0157
    page            : 13
    confidence      : 0.89
    pattern         : pattern_001
    role sequence   : PROMINENT
    source blocks   : 26_3_update_block_0159
    item evidence   :
      - structural_self_support: 1.00
      - boundary_isolation: 1.00
      - repetition_support: 1.00
      - content_density: 0.46
    text            : Siebel CRM Documentation 29468742 Task UI Guide Documents the ProcessArgAsc parameter that will enforce the order of updating Business Component Fields in a Task Siebel Operation Step.
    fields          :
      [0] Siebel CRM Documentation
      [1] 29468742
      [2] Task UI Guide
      [3] Documents the ProcessArgAsc parameter that will enforce the order of updating Business Component Fields in a Task Siebel Operation Step.
      [4] 

  [ITEM 11] 26_3_update_logical_block_0158
    page            : 13
    confidence      : 0.85
    pattern         : pattern_001
    role sequence   : PROMINENT
    source blocks   : 26_3_update_block_0160
    item evidence   :
      - structural_self_support: 1.00
      - boundary_isolation: 1.00
      - repetition_support: 1.00
      - content_density: 0.25
    text            : Siebel CRM End User 12599692 Reports Enabled Excel template support functionality in Siebel Reports
    fields          :
      [0] Siebel CRM End User
      [1] 12599692
      [2] Reports
      [3] Enabled Excel template support functionality in Siebel Reports
      [4] 

  [ITEM 12] 26_3_update_logical_block_0159
    page            : 13
    confidence      : 0.89
    pattern         : pattern_001
    role sequence   : PROMINENT
    source blocks   : 26_3_update_block_0161
    item evidence   :
      - structural_self_support: 1.00
      - boundary_isolation: 1.00
      - repetition_support: 1.00
      - content_density: 0.44
    text            : Siebel CRM Integration 38681800 EAI When the EAI HTTP Transport Business Service receives a blank set- cookie response from an external application it will be handled correctly.
    fields          :
      [0] Siebel CRM Integration
      [1] 38681800
      [2] EAI
      [3] When the EAI HTTP Transport Business Service receives a blank set- cookie response from an external application it will be handled correctly.
      [4] 

  [ITEM 13] 26_3_update_logical_block_0160
    page            : 13
    confidence      : 0.87
    pattern         : pattern_001
    role sequence   : PROMINENT
    source blocks   : 26_3_update_block_0162
    item evidence   :
      - structural_self_support: 1.00
      - boundary_isolation: 1.00
      - repetition_support: 1.00
      - content_density: 0.35
    text            : Siebel CRM Integration 38779291 Open Integration Fixed an issue to publish Operation field in Integration component. Instructions for 38779291
    fields          :
      [0] Siebel CRM Integration
      [1] 38779291
      [2] Open Integration
      [3] Fixed an issue to publish Operation field in Integration component.
      [4] Instructions for 38779291

  [ITEM 14] 26_3_update_logical_block_0161
    page            : 13
    confidence      : 0.85
    pattern         : pattern_001
    role sequence   : PROMINENT
    source blocks   : 26_3_update_block_0163
    item evidence   :
      - structural_self_support: 1.00
      - boundary_isolation: 1.00
      - repetition_support: 1.00
      - content_density: 0.27
    text            : Siebel CRM Integration 38176388 SSSE Improves the PIMSI Dispatcher’s ability to recover from a failed state.
    fields          :
      [0] Siebel CRM Integration
      [1] 38176388
      [2] SSSE
      [3] Improves the PIMSI Dispatcher’s ability to recover from a failed state.
      [4] 

  [ITEM 15] 26_3_update_logical_block_0162
    page            : 13
    confidence      : 0.73
    pattern         : pattern_002
    role sequence   : BODY, PROMINENT
    source blocks   : 26_3_update_block_0164, 26_3_update_block_0165
    item evidence   :
      - spatial_proximity: 1.00
      - alignment_relationship: 1.00
      - typography_relationship: 0.52
      - spacing_relationship: 1.00
      - reading_order_relationship: 1.00
      - structural_similarity: 0.39
      - container_relationship: 0.00
      - semantic_similarity: 0.13
      - form_discount_total: 0.00
    text            : Special Configuration Instructions for Release 26.2 Instructions for 38679336--Previously, when you cancelled an upgrade promotion and then tried to start a new upgrade with a different promotion, the system would incorrectly show the name of the previous promotion instead of the newly selected one. Now, the system correctly displays the name of the promotion you select during the second attempt.

  [ITEM 16] 26_3_update_logical_block_0163
    page            : 14
    confidence      : 0.61
    pattern         : pattern_004
    role sequence   : PROMINENT
    source blocks   : 26_3_update_block_0166
    item evidence   :
      - structural_self_support: 0.44
      - boundary_isolation: 1.00
      - repetition_support: 0.12
      - content_density: 0.03
    text            : _Background_

  [ITEM 17] 26_3_update_logical_block_0164
    page            : 14
    confidence      : 0.73
    pattern         : pattern_002
    role sequence   : BODY, META
    source blocks   : 26_3_update_block_0167, 26_3_update_block_0168
    item evidence   :
      - spatial_proximity: 1.00
      - alignment_relationship: 1.00
      - typography_relationship: 0.70
      - spacing_relationship: 1.00
      - reading_order_relationship: 1.00
      - structural_similarity: 0.31
      - container_relationship: 0.00
      - semantic_similarity: 0.08
      - form_discount_total: 0.00
    text            : To resolve the issue causing an incorrect Promotion Name to appear in the Promotion Upgrade Staging View. _Steps_

  [ITEM 18] 26_3_update_logical_block_0165
    page            : 14
    confidence      : 0.64
    pattern         : pattern_004
    role sequence   : PROMINENT
    source blocks   : 26_3_update_block_0169
    item evidence   :
      - structural_self_support: 0.51
      - boundary_isolation: 1.00
      - repetition_support: 0.38
      - content_density: 0.05
    text            : _Repository Changes_

  [ITEM 19] 26_3_update_logical_block_0166
    page            : 14
    confidence      : 0.66
    pattern         : pattern_002
    role sequence   : BODY
    source blocks   : 26_3_update_block_0170
    item evidence   :
      - structural_self_support: 0.47
      - boundary_isolation: 1.00
      - repetition_support: 0.25
      - content_density: 0.21
    text            : 1. Edit the Workflow Process _ISS Promotion Finish Upgrade Sub Process_ as follows:

  [ITEM 20] 26_3_update_logical_block_0167
    page            : 14
    confidence      : 0.67
    pattern         : pattern_002
    role sequence   : BODY
    source blocks   : 26_3_update_block_0171
    item evidence   :
      - structural_self_support: 0.47
      - boundary_isolation: 1.00
      - repetition_support: 0.25
      - content_density: 0.25
    text            : - i. Add a Business Service WF Step _Empty Header BC_ between _Done?_ and _Empty Source BC_ WF Steps.

  [ITEM 21] 26_3_update_logical_block_0168
    page            : 14
    confidence      : 0.65
    pattern         : pattern_002
    role sequence   : BODY
    source blocks   : 26_3_update_block_0172
    item evidence   :
      - structural_self_support: 0.47
      - boundary_isolation: 1.00
      - repetition_support: 0.25
      - content_density: 0.18
    text            : - ii. For the WF Step _Empty Header BC_ , set the following properties.

  [ITEM 22] 26_3_update_logical_block_0169
    page            : 14
    confidence      : 0.73
    pattern         : pattern_001
    role sequence   : BODY
    source blocks   : 26_3_update_block_0173
    item evidence   :
      - structural_self_support: 0.74
      - boundary_isolation: 1.00
      - repetition_support: 0.62
      - content_density: 0.12
    text            : Name Business Service Name Business Service Method
    fields          :
      [0] Name
      [1] Business Service Name Business Service Method

  [ITEM 23] 26_3_update_consolidated_block_0006
    page            : 14
    confidence      : 0.83
    pattern         : pattern_001
    role sequence   : BODY, BODY
    source blocks   : 26_3_update_block_0174, 26_3_update_block_0175
    item evidence   :
      - sentence_continuation_score: 0.55
      - lexical_continuation_score: 0.00
      - capitalization_score: 0.25
      - punctuation_score: 0.70
      - spatial_proximity_score: 1.00
      - alignment_score: 1.00
      - typography_score: 1.00
      - reading_order_score: 1.00
      - page_continuation_score: 0.85
      - role_compatibility_score: 0.95
    text            : EmptyHeader BC InMemoryUpgrade Data Service Invoke BC Method For the WF Step _Em_ Input Argument _pty Header BC_,add the followingInput Arguments. Type Value
    fields          :
      [0] EmptyHeader BC For the WF Step _Em_ Input Argument
      [1] InMemoryUpgrade Data Service Invoke BC Method _pty Header BC_,add the followingInput Arguments. Type Value

  [ITEM 24] 26_3_update_logical_block_0172
    page            : 14
    confidence      : 0.73
    pattern         : pattern_001
    role sequence   : BODY
    source blocks   : 26_3_update_block_0176
    item evidence   :
      - structural_self_support: 0.74
      - boundary_isolation: 1.00
      - repetition_support: 0.62
      - content_density: 0.12
    text            : BC Name Literal ISS Promotion Upgrade Header VBC
    fields          :
      [0] BC Name
      [1] Literal ISS Promotion Upgrade Header VBC

  [ITEM 25] 26_3_update_logical_block_0173
    page            : 14
    confidence      : 0.72
    pattern         : pattern_001
    role sequence   : META
    source blocks   : 26_3_update_block_0177
    item evidence   :
      - structural_self_support: 0.74
      - boundary_isolation: 1.00
      - repetition_support: 0.62
      - content_density: 0.08
    text            : Method Name Literal EmptyRecord
    fields          :
      [0] Method Name
      [1] Literal EmptyRecord

  [ITEM 26] 26_3_update_logical_block_0174
    page            : 14
    confidence      : 0.65
    pattern         : pattern_002
    role sequence   : BODY
    source blocks   : 26_3_update_block_0178
    item evidence   :
      - structural_self_support: 0.47
      - boundary_isolation: 1.00
      - repetition_support: 0.25
      - content_density: 0.19
    text            : - iii. For the WF Step _Empty Header BC_ , add the following Input Arguments.

  [ITEM 27] 26_3_update_consolidated_block_0007
    page            : 14
    confidence      : 0.84
    pattern         : pattern_003
    role sequence   : PROMINENT, BODY
    source blocks   : 26_3_update_block_0179, 26_3_update_block_0180
    item evidence   :
      - sentence_continuation_score: 0.92
      - lexical_continuation_score: 0.00
      - capitalization_score: 0.95
      - punctuation_score: 0.70
      - spatial_proximity_score: 0.95
      - alignment_score: 0.97
      - typography_score: 0.61
      - reading_order_score: 1.00
      - page_continuation_score: 0.85
      - role_compatibility_score: 0.70
    text            : - iv. Modify the existing WF Branch Connector between WF Step _Done?_ and WF Step _Empty Source BC_ to connect WF Step _Done?_ with the new WF Step _Empty Header BC_ . Note : Make sure the connector type is _Default._ - v. Add a WF Branch Connector between WF Step _Empty Header BC_ and WF Step _Empty Source BC_ .

  [ITEM 28] 26_3_update_logical_block_0177
    page            : 14
    confidence      : 0.68
    pattern         : pattern_002
    role sequence   : BODY
    source blocks   : 26_3_update_block_0181
    item evidence   :
      - structural_self_support: 0.51
      - boundary_isolation: 1.00
      - repetition_support: 0.38
      - content_density: 0.23
    text            : Instructions for 38779291--Fixed an issue to publish Operation field in Integration component.

  [ITEM 29] 26_3_update_logical_block_0178
    page            : 15
    confidence      : 0.61
    pattern         : pattern_002
    role sequence   : META
    source blocks   : 26_3_update_block_0182
    item evidence   :
      - structural_self_support: 0.44
      - boundary_isolation: 1.00
      - repetition_support: 0.12
      - content_density: 0.03
    text            : _Background_

  [ITEM 30] 26_3_update_logical_block_0179
    page            : 15
    confidence      : 0.80
    pattern         : pattern_003
    role sequence   : PROMINENT
    source blocks   : 26_3_update_block_0183
    item evidence   :
      - structural_self_support: 0.44
      - boundary_isolation: 1.00
      - repetition_support: 0.12
      - content_density: 1.00
    text            : <mark>User creation via the</mark> _<mark>User</mark>_ <mark>Integration Component of the</mark> _<mark>Users</mark>_ <mark>Integration Object fails as the Open API specification for the Integration Object does not have a required field</mark> _<mark>operation</mark>_ <mark>. This is because the</mark> _<mark>operation</mark>_ <mark>field is marked as a “system” field in the</mark> _<mark>User</mark>_ <mark>Integration Component definition, while the Siebel Open API specification only includes the fields that marked as “data”. To ensure the</mark> _<mark>operation</mark>_ <mark>field is included in the Open API specification, it must be changed to a Data field.</mark>

  [ITEM 31] 26_3_update_logical_block_0180
    page            : 15
    confidence      : 0.63
    pattern         : pattern_004
    role sequence   : PROMINENT
    source blocks   : 26_3_update_block_0184
    item evidence   :
      - structural_self_support: 0.51
      - boundary_isolation: 1.00
      - repetition_support: 0.38
      - content_density: 0.02
    text            : _Steps_

------------------------------------------------------------------------------
[SECTION GROUP] DiscoveredSection_017
  section_id : 26_3_update_section_017
  heading    : Repository Changes
  depth      : 0
  parent     : -
  children   : 26_3_update_section_018 (New Features and Bug Fixes in Siebel CRM Monthly Update 26.1)
  pages      : 15-15
  items      : 5
  source blocks in group: 5
  discovery evidence:
    - heading_prominence: 0.00
    - heading_size_ratio: 1.00
    - member_count: 5.00
    - page_span: 1.00
    - depth: 0.00
    - hierarchy_score: 100.00

  [ITEM 1] 26_3_update_logical_block_0182
    page            : 15
    confidence      : 0.65
    pattern         : pattern_002
    role sequence   : BODY
    source blocks   : 26_3_update_block_0186
    item evidence   :
      - structural_self_support: 0.44
      - boundary_isolation: 1.00
      - repetition_support: 0.12
      - content_density: 0.22
    text            : Perform the following changes to convert the _operation_ field from “system” to “data”:

  [ITEM 2] 26_3_update_logical_block_0183
    page            : 15
    confidence      : 0.65
    pattern         : pattern_002
    role sequence   : BODY
    source blocks   : 26_3_update_block_0187
    item evidence   :
      - structural_self_support: 0.51
      - boundary_isolation: 1.00
      - repetition_support: 0.38
      - content_density: 0.10
    text            : 1. Select the _Users_ Integration Object.

  [ITEM 3] 26_3_update_logical_block_0184
    page            : 15
    confidence      : 0.65
    pattern         : pattern_002
    role sequence   : BODY
    source blocks   : 26_3_update_block_0188
    item evidence   :
      - structural_self_support: 0.51
      - boundary_isolation: 1.00
      - repetition_support: 0.38
      - content_density: 0.12
    text            : 2. Select the child Integration Component _User_ .

  [ITEM 4] 26_3_update_logical_block_0185
    page            : 15
    confidence      : 0.66
    pattern         : pattern_002
    role sequence   : BODY
    source blocks   : 26_3_update_block_0189
    item evidence   :
      - structural_self_support: 0.51
      - boundary_isolation: 1.00
      - repetition_support: 0.38
      - content_density: 0.15
    text            : 3. Select the child Integration Component Field _operation_ .

  [ITEM 5] 26_3_update_logical_block_0186
    page            : 15
    confidence      : 0.65
    pattern         : pattern_002
    role sequence   : META
    source blocks   : 26_3_update_block_0190
    item evidence   :
      - structural_self_support: 0.51
      - boundary_isolation: 1.00
      - repetition_support: 0.38
      - content_density: 0.10
    text            : 4. Modify the Type attribute to “Data”.

------------------------------------------------------------------------------
[SECTION GROUP] DiscoveredSection_018
  section_id : 26_3_update_section_018
  heading    : New Features and Bug Fixes in Siebel CRM Monthly Update 26.1
  depth      : 1
  parent     : 26_3_update_section_017
  children   : 26_3_update_section_019 (New Features in Siebel CRM 26.1)
  pages      : 15-15
  items      : 0
  source blocks in group: 0
  discovery evidence:
    - heading_prominence: 0.00
    - heading_size_ratio: 1.00
    - member_count: 0.00
    - page_span: 1.00
    - depth: 1.00
    - hierarchy_score: 65.00

  (no direct member items — nested children hold content)

------------------------------------------------------------------------------
[SECTION GROUP] DiscoveredSection_019
  section_id : 26_3_update_section_019
  heading    : New Features in Siebel CRM 26.1
  depth      : 2
  parent     : 26_3_update_section_018
  children   : -
  pages      : 15-15
  items      : 2
  source blocks in group: 2
  discovery evidence:
    - heading_prominence: 0.00
    - heading_size_ratio: 1.00
    - member_count: 2.00
    - page_span: 1.00
    - depth: 2.00
    - hierarchy_score: 25.00

  [ITEM 1] 26_3_update_logical_block_0189
    page            : 15
    confidence      : 0.83
    pattern         : pattern_003
    role sequence   : PROMINENT
    source blocks   : 26_3_update_block_0193
    item evidence   :
      - structural_self_support: 1.00
      - boundary_isolation: 1.00
      - repetition_support: 1.00
      - content_density: 0.17
    text            : Feature Name Description Documentation Repository Update Required?
    fields          :
      [0] Feature Name
      [1] Description
      [2] Documentation
      [3] Repository Update Required?

  [ITEM 2] 26_3_update_logical_block_0190
    page            : 15
    confidence      : 1.00
    pattern         : pattern_003
    role sequence   : PROMINENT
    source blocks   : 26_3_update_block_0194
    item evidence   :
      - structural_self_support: 1.00
      - boundary_isolation: 1.00
      - repetition_support: 1.00
      - content_density: 1.00
    text            : Preserve Customer Configuration Changes During Monthly Updates This feature decreases the time and effort to uptake new features released in Monthly Updates. Effective with this feature, the RepositoryUpgrade process has been replaced with "RepositoryUpdate". This new process reduces the number of changes made by the utility, with an overall benefit of a smoother uptake of the content introduced in a Siebel Monthly Update, allowing customers to leverage new features more easily than before. Background Formerly, during a Monthly Update, there was a process known as "RepositoryUpgrade", which updated the Siebel CRM environment to incorporate Repository changes, schema changes, seed data, and other modifications introduced by new features. This utility delivered optional Repository changes made by the Oracle Siebel CRM development team. During execution, the RepositoryUpgrade utility imported data from the intervening releases since the last time it was run. If the Siebel CRM environment was not kept up- to-date regularly with the latest Siebel CRM Monthly Updates, then the number of Repository changes that must be applied increased as well, • Database Upgrade Guide No
    fields          :
      [0] Preserve Customer Configuration Changes During Monthly Updates
      [1] This feature decreases the time and effort to uptake new features released in Monthly Updates. Effective with this feature, the RepositoryUpgrade process has been replaced with "RepositoryUpdate". This new process reduces the number of changes made by the utility, with an overall benefit of a smoother uptake of the content introduced in a Siebel Monthly Update, allowing customers to leverage new features more easily than before. Background Formerly, during a Monthly Update, there was a process known as "RepositoryUpgrade", which updated the Siebel CRM environment to incorporate Repository changes, schema changes, seed data, and other modifications introduced by new features. This utility delivered optional Repository changes made by the Oracle Siebel CRM development team. During execution, the RepositoryUpgrade utility imported data from the intervening releases since the last time it was run. If the Siebel CRM environment was not kept up- to-date regularly with the latest Siebel CRM Monthly Updates, then the number of Repository changes that must be applied increased as well,
      [2] • Database Upgrade Guide
      [3] No

==============================================================================
[END OF LOG]
==============================================================================
